merchantName,canonicalSlug,storePageUrl,logoUrl,category,rate,note
"1001 Optometry","1001-optometry","https://kickpay.co/activate/1001-optometry?source=rewardist","https://c.cfjump.com/Avatars/a50a2b5d-d069-4534-8fa3-bc834924a7a8.png","Beauty & Skincare","[object Object]","null"
"365Rider","365rider","https://kickpay.co/activate/365rider?source=rewardist","https://ui.awin.com/images/upload/merchant/profile/26763.png","Sports & Outdoors","[object Object]","Default: 3.5%
Helmets: 3%
Wheelsets & Wheels: 2%
Electronics & Tech: 2%
Nutrition & Hydration: 2%
Bikes & Rollers: 2%
DEFAULT VOUCHER: 2%
Tyres & Tubes: 1.5%"
"3DMakerpro (Global)","3dmakerpro-global","https://kickpay.co/activate/3dmakerpro-global?source=rewardist","https://ui.awin.com/images/upload/merchant/profile/48247.png","Electronics & Tech","[object Object]","null"
"945Industries","945industries","https://kickpay.co/activate/945industries?source=rewardist","https://www.google.com/s2/favicons?domain=945industries.com&sz=128","Department Store","[object Object]","null"
"9am HOME","9am-home","https://kickpay.co/activate/9am-home?source=rewardist","https://www.google.com/s2/favicons?domain=9amhome.com&sz=128","Department Store","[object Object]","null"
"A Life Plus AU","a-life-plus-au","https://kickpay.co/activate/a-life-plus-au?source=rewardist","https://content.flexlinks.com/SharedImages/ProgramSquareLogo/241431.png","Food & Drink","[object Object]","null"
"AAT Kings","aat-kings","https://kickpay.co/activate/aat-kings?source=rewardist","https://c.cfjump.com/Avatars/add9358d-ddcb-4e89-87b7-eb303316b4ee.png","Travel","[object Object]","null"
"ABC Wigs","abc-wigs","https://kickpay.co/activate/abc-wigs?source=rewardist","https://www.google.com/s2/favicons?domain=abcwigs.com&sz=128","Department Store","[object Object]","null"
"ALLPOWERS INTERNATIONAL","allpowers-international","https://kickpay.co/activate/allpowers-international?source=rewardist","https://ui.awin.com/images/upload/merchant/profile/38934.png","Home & Furniture","[object Object]","Balcony Storage 6%: 4%
Default: 3.5%"
"AMF Magnetics","amf-magnetics","https://kickpay.co/activate/amf-magnetics?source=rewardist","https://c.cfjump.com/Avatars/545957ea-deca-4a89-9af8-bf75d946e8ee.png","Office & Print","[object Object]","null"
"ANTA AU","anta-au","https://kickpay.co/activate/anta-au?source=rewardist","https://www.google.com/s2/favicons?domain=au.anta.com&sz=128","Department Store","[object Object]","null"
"AOHI","aohi","https://kickpay.co/activate/aohi?source=rewardist","https://ui.awin.com/images/upload/merchant/profile/59619.png","Electronics & Tech","[object Object]","null"
"APE BORN Fitness","ape-born-fitness","https://kickpay.co/activate/ape-born-fitness?source=rewardist","https://ui.awin.com/images/upload/merchant/profile/59683.png","Sports & Outdoors","[object Object]","null"
"AROMABABY","aromababy","https://kickpay.co/activate/aromababy?source=rewardist","https://c.cfjump.com/Avatars/7469c85c-2fae-44f2-9c64-9ecf30d1b95f.png","Kids & Baby","[object Object]","null"
"ASMAX","asmax","https://kickpay.co/activate/asmax?source=rewardist","https://ui.awin.com/images/upload/merchant/profile/120575.png","Automotive","[object Object]","null"
"AU-Bloomchic","au-bloomchic","https://kickpay.co/activate/au-bloomchic?source=rewardist","https://www.google.com/s2/favicons?domain=bloomchic.au&sz=128","Department Store","[object Object]","null"
"AURA Home","aura-home","https://kickpay.co/activate/aura-home?source=rewardist","https://c.cfjump.com/Avatars/16ccc019-c98e-4697-98dd-6bce0e950b64.png","Home & Furniture","[object Object]","null"
"AW Bridal","aw-bridal","https://kickpay.co/activate/aw-bridal?source=rewardist","https://www.google.com/s2/favicons?domain=awbridal.com&sz=128","Department Store","[object Object]","null"
"AWOL Vision","awol-vision","https://kickpay.co/activate/awol-vision?source=rewardist","https://www.google.com/s2/favicons?domain=awolvision.com&sz=128","Department Store","[object Object]","null"
"Abelssoft Int","abelssoft-int","https://kickpay.co/activate/abelssoft-int?source=rewardist","https://www.google.com/s2/favicons?domain=abelssoft.com&sz=128","Electronics & Tech","[object Object]","null"
"Above the Clouds","above-the-clouds","https://kickpay.co/activate/above-the-clouds?source=rewardist","https://www.google.com/s2/favicons?domain=abovethecloudsstore.com&sz=128","Clothing","[object Object]","null"
"Abracadabra NYC","abracadabra-nyc","https://kickpay.co/activate/abracadabra-nyc?source=rewardist","https://ui.awin.com/images/upload/merchant/profile/83201.png","Clothing","[object Object]","null"
"Academy for Health & Fitness","academy-for-health-and-fitness","https://kickpay.co/activate/academy-for-health-and-fitness?source=rewardist","https://ui.awin.com/images/upload/merchant/profile/56197.png","Education & Services","[object Object]","Rule 1- 189799: 15.5%
Default: 14%"
"AdGuard VPN","adguard-vpn","https://kickpay.co/activate/adguard-vpn?source=rewardist","https://www.google.com/s2/favicons?domain=adguard-vpn.com&sz=128","Department Store","[object Object]","Purchase: 28%
Upgrade: 28%
Renewal: 28%"
"Address Hotels (Assembly Global)","address-hotels-assembly-global","https://kickpay.co/activate/address-hotels-assembly-global?source=rewardist","https://www.google.com/s2/favicons?domain=addresshotels.com&sz=128","Department Store","[object Object]","null"
"AdultShop","adultshop","https://kickpay.co/activate/adultshop?source=rewardist","https://c.cfjump.com/Avatars/0b1c09b5-6198-439b-b88c-ff59ac145be1.png","Clothing","[object Object]","null"
"Adulttoymegastore","adulttoymegastore","https://kickpay.co/activate/adulttoymegastore?source=rewardist","https://c.cfjump.com/Avatars/408e07c3-b8c4-4e63-982a-5e6f39dfea4d.png","Clothing","[object Object]","null"
"Advwin","advwin","https://kickpay.co/activate/advwin?source=rewardist","https://c.cfjump.com/Avatars/a7267e51-7474-479d-8823-8c9286f9006b.png","Home & Furniture","[object Object]","null"
"Aerre","aerre","https://kickpay.co/activate/aerre?source=rewardist","https://c.cfjump.com/Avatars/6cf448a7-1ef8-42cf-b080-625bc4a70b00.png","Beauty & Skincare","[object Object]","null"
"Aesop","aesop","https://kickpay.co/activate/aesop?source=rewardist","https://www.google.com/s2/favicons?domain=aesop.com.au&sz=128","Department Store","[object Object]","null"
"Aiper","aiper","https://kickpay.co/activate/aiper?source=rewardist","/logos/rakuten/aiper.jpg","Clothing","[object Object]","null"
"Air France KLM Flying Blue - Points.com","air-france-klm-flying-blue-points-com","https://kickpay.co/activate/air-france-klm-flying-blue-points-com?source=rewardist","https://www.google.com/s2/favicons?domain=points.com&sz=128","Department Store","[object Object]","Online Sale: 2%
Subscription: 2%"
"Air India","air-india","https://kickpay.co/activate/air-india?source=rewardist","https://www.google.com/s2/favicons?domain=airindia.com&sz=128","Department Store","[object Object]","null"
"AirAsia Travel","airasia-travel","https://kickpay.co/activate/airasia-travel?source=rewardist","https://www.google.com/s2/favicons?domain=airasia.com&sz=128","Finance & Insurance","[object Object]","Cashback rates vary by product and customer type. New customers earn 2% on flights and 3% on hotels (within a 30-day cookie window). Existing customers earn 0.8% on flights (outside MY, TH, SG, BN, HK, ID) and 2% on hotels. Flights to/from MY, TH, SG, BN, HK, or ID earn 0% for existing customers. Cashback is calculated on the booking value before taxes and fees."
"AirZlink eSIM Store","airzlink-esim-store","https://kickpay.co/activate/airzlink-esim-store?source=rewardist","https://www.google.com/s2/favicons?domain=airzlink.com&sz=128","Department Store","[object Object]","null"
"Airport Reservations","airport-reservations","https://kickpay.co/activate/airport-reservations?source=rewardist","https://ui.awin.com/images/upload/merchant/profile/55351.png","Travel","[object Object]","null"
"Airport Transfer Portal","airport-transfer-portal","https://kickpay.co/activate/airport-transfer-portal?source=rewardist","https://ui.awin.com/images/upload/merchant/profile/124434.png","Travel","[object Object]","Airport Transfer: 7%
Default: 7%"
"Airtasker AU","airtasker-au","https://kickpay.co/activate/airtasker-au?source=rewardist","https://www.google.com/s2/favicons?domain=airtasker.com&sz=128","Department Store","[object Object]","null"
"Alaska Airlines ATMOS Rewards - Points.com","alaska-airlines-atmos-rewards-points-com","https://kickpay.co/activate/alaska-airlines-atmos-rewards-points-com?source=rewardist","https://www.google.com/s2/favicons?domain=points.com&sz=128","Department Store","[object Object]","null"
"Alexander Wang AU","alexander-wang-au","https://kickpay.co/activate/alexander-wang-au?source=rewardist","https://www.google.com/s2/favicons?domain=alexanderwang.com&sz=128","Clothing","[object Object]","null"
"Aliexpress AU","aliexpress-au","https://kickpay.co/activate/aliexpress-au?source=rewardist","https://ui.awin.com/images/upload/merchant/profile/102799.png","Department Store","[object Object]","Clothing, accessories, garden suppies: 5.5%
All Other Categories: 4%
Electronics: 2%
Non-affiliate products: 0.5%
Default: 0.5%
Non-Commissionable: 0%"
"Alibaba APAC","alibaba-apac","https://kickpay.co/activate/alibaba-apac?source=rewardist","https://ui.awin.com/images/upload/merchant/profile/17945.png","Department Store","[object Object]","Alibaba's rate depends on whether you're a first-time or returning Alibaba customer and where the order ships. The correct rate is applied automatically when your order is confirmed."
"Alibaba AUS","alibaba-aus","https://kickpay.co/activate/alibaba-aus?source=rewardist","https://content.flexlinks.com/SharedImages/ProgramSquareLogo/208516.png","Department Store","[object Object]","null"
"Alipearl Hair (Global)","alipearl-hair-global","https://kickpay.co/activate/alipearl-hair-global?source=rewardist","https://www.google.com/s2/favicons?domain=alipearlhair.com&sz=128","Beauty & Skincare","[object Object]","null"
"All Fenix","all-fenix","https://kickpay.co/activate/all-fenix?source=rewardist","https://c.cfjump.com/Avatars/eb6aff1a-3485-4af3-8daf-bf4837737d22.png","Clothing","[object Object]","null"
"AllClear Travel Insurance AU","allclear-travel-insurance-au","https://kickpay.co/activate/allclear-travel-insurance-au?source=rewardist","https://www.google.com/s2/favicons?domain=allcleartravel.com.au&sz=128","Travel","[object Object]","null"
"Ally Fashion","ally-fashion","https://kickpay.co/activate/ally-fashion?source=rewardist","https://merchant.linksynergy.com/fs/logo/lg_47896","Clothing","[object Object]","null"
"Alpine Air Technologies","alpine-air-technologies","https://kickpay.co/activate/alpine-air-technologies?source=rewardist","https://ui.awin.com/images/upload/merchant/profile/87925.png","Home & Furniture","[object Object]","new vs. existing customers: 12%
Default: 10.5%"
"Altina Drinks","altina-drinks","https://kickpay.co/activate/altina-drinks?source=rewardist","https://c.cfjump.com/Avatars/d67dcc1b-b693-45b9-a090-e2539d57a0ea.png","Food & Drink","[object Object]","null"
"Alura Studio","alura-studio","https://kickpay.co/activate/alura-studio?source=rewardist","https://www.google.com/s2/favicons?domain=studioalura.com&sz=128","Department Store","[object Object]","null"
"Amanda Hair","amanda-hair","https://kickpay.co/activate/amanda-hair?source=rewardist","https://www.google.com/s2/favicons?domain=amandahairs.com&sz=128","Department Store","[object Object]","null"
"Amber Sceats","amber-sceats","https://kickpay.co/activate/amber-sceats?source=rewardist","https://c.cfjump.com/Avatars/15804c42-3915-46d3-a8d4-5f7dd69d1046.png","Jewellery & Watches","[object Object]","null"
"Ambrosia Systems Inc","ambrosia-systems-inc","https://kickpay.co/activate/ambrosia-systems-inc?source=rewardist","https://ui.awin.com/images/upload/merchant/profile/112788.png","Beauty & Skincare","[object Object]","null"
"Anaconda","anaconda","https://kickpay.co/activate/anaconda?source=rewardist","https://c.cfjump.com/Avatars/ad4746a1-fad4-403c-a5fa-8b204da25225.png","Sports & Outdoors","[object Object]","null"
"Angara AUS","angara-aus","https://kickpay.co/activate/angara-aus?source=rewardist","https://ui.awin.com/images/upload/merchant/profile/26261.png","Jewellery & Watches","[object Object]","null"
"Angles90","angles90","https://kickpay.co/activate/angles90?source=rewardist","https://www.google.com/s2/favicons?domain=angles90.com&sz=128","Department Store","[object Object]","null"
"Aniioki eBikes","aniioki-ebikes","https://kickpay.co/activate/aniioki-ebikes?source=rewardist","https://www.google.com/s2/favicons?domain=aniioki.com&sz=128","Department Store","[object Object]","null"
"AnjaysDesigns","anjaysdesigns","https://kickpay.co/activate/anjaysdesigns?source=rewardist","https://ui.awin.com/images/upload/merchant/profile/88939.png","Jewellery & Watches","[object Object]","Default: 7%
5.0 Voucher Rate: 3.5%"
"Anker Solix","anker-solix","https://kickpay.co/activate/anker-solix?source=rewardist","https://c.cfjump.com/Avatars/bb161aa9-230c-481e-8b1e-5287267f0e77.png","Home & Furniture","[object Object]","null"
"Anolon","anolon","https://kickpay.co/activate/anolon?source=rewardist","https://c.cfjump.com/Avatars/4b654770-83da-4272-8eda-9c32a678b731.png","Home & Furniture","[object Object]","null"
"Anova AU","anova-au","https://kickpay.co/activate/anova-au?source=rewardist","https://content.flexlinks.com/SharedImages/ProgramSquareLogo/235283.png","Home & Furniture","[object Object]","null"
"Anthony Squires","anthony-squires","https://kickpay.co/activate/anthony-squires?source=rewardist","https://c.cfjump.com/Avatars/a073644b-a2d6-4611-b099-392550c1fce1.png","Clothing","[object Object]","null"
"Antler AU","antler-au","https://kickpay.co/activate/antler-au?source=rewardist","https://merchant.linksynergy.com/fs/logo/lg_50415","Clothing","[object Object]","null"
"Apex Car Rentals - AU","apex-car-rentals-au","https://kickpay.co/activate/apex-car-rentals-au?source=rewardist","https://c.cfjump.com/Avatars/5ec35f5e-1f1f-4274-a0e6-82b4fbfa85ee.png","Travel","[object Object]","null"
"Ark Swimwear","ark-swimwear","https://kickpay.co/activate/ark-swimwear?source=rewardist","https://c.cfjump.com/Avatars/a54049ec-300d-4e6a-8502-0fa6fbd58a12.png","Clothing","[object Object]","null"
"Arlo","arlo","https://kickpay.co/activate/arlo?source=rewardist","https://c.cfjump.com/Avatars/9e40b06c-a87a-4938-a3b3-f9b96e4d5c4f.png","Home & Furniture","[object Object]","null"
"ArtZMiami","artzmiami","https://kickpay.co/activate/artzmiami?source=rewardist","https://www.google.com/s2/favicons?domain=artzmiami.com&sz=128","Department Store","[object Object]","null"
"Artless Forever","artless-forever","https://kickpay.co/activate/artless-forever?source=rewardist","https://ui.awin.com/images/upload/merchant/profile/122666.png","Clothing","[object Object]","null"
"Ashampoo INT","ashampoo-int","https://kickpay.co/activate/ashampoo-int?source=rewardist","https://www.google.com/s2/favicons?domain=ashampoo.com&sz=128","Electronics & Tech","[object Object]","null"
"Athleta","athleta","https://kickpay.co/activate/athleta?source=rewardist","https://www.google.com/s2/favicons?domain=athleta.gap.com&sz=128","Sports & Outdoors","[object Object]","null"
"Atura Hotels & Resorts","atura-hotels-and-resorts","https://kickpay.co/activate/atura-hotels-and-resorts?source=rewardist","https://www.google.com/s2/favicons?domain=aturahotels.com&sz=128","Finance & Insurance","[object Object]","Flash Sale: Up to 30% off direct bookings. Book 9-13 July 2026 for stays 9 July - 30 Sept 2026. Terms & conditions apply."
"Auguste The Label","auguste-the-label","https://kickpay.co/activate/auguste-the-label?source=rewardist","https://c.cfjump.com/Avatars/7bb2cd43-7693-4a51-be10-44998423e353.png","Clothing","[object Object]","null"
"Aunt Betty","aunt-betty","https://kickpay.co/activate/aunt-betty?source=rewardist","https://c.cfjump.com/Avatars/8fa083ee-d4cf-49b9-bea3-d80f2bf7fd02.png","Travel","[object Object]","null"
"Aussie Health Products","aussie-health-products","https://kickpay.co/activate/aussie-health-products?source=rewardist","https://c.cfjump.com/Avatars/0cc8d2c6-e212-4139-8145-ea3b1061baaf.png","Food & Drink","[object Object]","null"
"Authentic Scandinavia","authentic-scandinavia","https://kickpay.co/activate/authentic-scandinavia?source=rewardist","https://www.google.com/s2/favicons?domain=authentic-scandinavia.com&sz=128","Department Store","[object Object]","null"
"Autobarn","autobarn","https://kickpay.co/activate/autobarn?source=rewardist","https://c.cfjump.com/Avatars/1386a0c8-b383-440d-9b26-eeed26e09ba4.png","Automotive","[object Object]","null"
"Autodesk Asia Pacific","autodesk-asia-pacific","https://kickpay.co/activate/autodesk-asia-pacific?source=rewardist","https://cj.dotomi.com/c174tkor4/elq/koi/39254479/323854B84/2/2/2/2/2?b=a%3c%3cw8847%3A%2F%2FBBB.u8yruC.r31%2Fx1pvt-GFGLIHOLH-GMFIHHKM-GMIOOKOOMJFFF%3c%3cV%3c%3c%3cG%3cG%3cF%3cF%3cJLtpMMuq-KupG-JusL-quFp-qpMHrFJIJrFJ%3c","Department Store","[object Object]","null"
"Autofull Gaming Chair","autofull-gaming-chair","https://kickpay.co/activate/autofull-gaming-chair?source=rewardist","https://www.google.com/s2/favicons?domain=autofull.com&sz=128","Department Store","[object Object]","null"
"Automotive Superstore","automotive-superstore","https://kickpay.co/activate/automotive-superstore?source=rewardist","https://c.cfjump.com/Avatars/ba519dc7-bc98-4f9e-ba85-164f63365610.png","Automotive","[object Object]","null"
"Avery Products","avery-products","https://kickpay.co/activate/avery-products?source=rewardist","https://c.cfjump.com/Avatars/8244d8c0-e29f-4f72-804b-7117d9240d02.png","Office & Print","[object Object]","null"
"Avis Car Rentals - AU","avis-car-rentals-au","https://kickpay.co/activate/avis-car-rentals-au?source=rewardist","https://c.cfjump.com/Avatars/cad65417-43a4-4054-8c01-ec29c3bc0d8a.png","Travel","[object Object]","null"
"Avodah Mugs and Teas","avodah-mugs-and-teas","https://kickpay.co/activate/avodah-mugs-and-teas?source=rewardist","https://www.google.com/s2/favicons?domain=avodahmugsandteas.com&sz=128","Department Store","[object Object]","Recurring Sales: 7%
Online Sale: 7%"
"BIBA","biba","https://kickpay.co/activate/biba?source=rewardist","https://www.google.com/s2/favicons?domain=biba.in&sz=128","Department Store","[object Object]","null"
"BLANCA","blanca","https://kickpay.co/activate/blanca?source=rewardist","https://c.cfjump.com/Avatars/7394234b-5bdc-407f-927c-c5bdaef07dd4.png","Clothing","[object Object]","null"
"BLUETTI AU","bluetti-au","https://kickpay.co/activate/bluetti-au?source=rewardist","https://c.cfjump.com/Avatars/3cd93739-c5e1-442c-9b47-c8c0ab145405.png","Electronics & Tech","[object Object]","null"
"BLUNT Umbrellas Australia","blunt-umbrellas-australia","https://kickpay.co/activate/blunt-umbrellas-australia?source=rewardist","https://c.cfjump.com/Avatars/8c13f582-2a0a-46ab-9976-d5b5157e1252.png","Clothing","[object Object]","null"
"BRITA AU","brita-au","https://kickpay.co/activate/brita-au?source=rewardist","https://content.flexlinks.com/SharedImages/ProgramSquareLogo/207562.png","Food & Drink","[object Object]","null"
"BRUH. Skincare","bruh-skincare","https://kickpay.co/activate/bruh-skincare?source=rewardist","https://ui.awin.com/images/upload/merchant/profile/113464.png","Beauty & Skincare","[object Object]","null"
"BRoadout","broadout","https://kickpay.co/activate/broadout?source=rewardist","https://ui.awin.com/images/upload/merchant/profile/61361.png","Kids & Baby","[object Object]","null"
"BWS","bws","https://kickpay.co/activate/bws?source=rewardist","https://content.flexlinks.com/SharedImages/ProgramSquareLogo/212726.png","Food & Drink","[object Object]","Cashback events from BWS may take up to 2 days to be reported. Once reported, your cashback will appear in your Kick account."
"BYOjet","byojet","https://kickpay.co/activate/byojet?source=rewardist","https://c.cfjump.com/Avatars/370904f5-ea52-4397-9023-63cfe8ec3ba6.png","Travel","[object Object]","null"
"Babeside","babeside","https://kickpay.co/activate/babeside?source=rewardist","https://ui.awin.com/images/upload/merchant/profile/36264.png","Gifts & Flowers","[object Object]","null"
"Baby Bunting","baby-bunting","https://kickpay.co/activate/baby-bunting?source=rewardist","/logos/rakuten/baby-bunting.jpg","Kids & Baby","[object Object]","Rate varies 0%–5% based on monthly volume. Your actual cashback may be less than the maximum shown."
"Baby Sunnies","baby-sunnies","https://kickpay.co/activate/baby-sunnies?source=rewardist","https://www.google.com/s2/favicons?domain=babysunnies.com&sz=128","Department Store","[object Object]","null"
"BabyQuip","babyquip","https://kickpay.co/activate/babyquip?source=rewardist","https://ui.awin.com/images/upload/merchant/profile/90627.png","Travel","[object Object]","null"
"Babycentral Australia","babycentral-australia","https://kickpay.co/activate/babycentral-australia?source=rewardist","https://c.cfjump.com/Avatars/03d064d6-1776-4e4e-8ee0-a1043c0a6c8e.png","Kids & Baby","[object Object]","null"
"Baccarat","baccarat","https://kickpay.co/activate/baccarat?source=rewardist","https://c.cfjump.com/Avatars/944c6ace-6193-403d-9db6-01d7efe078a6.png","Home & Furniture","[object Object]","null"
"Bagsmart","bagsmart","https://kickpay.co/activate/bagsmart?source=rewardist","https://c.cfjump.com/Avatars/f58669b5-1098-4f9a-9f11-a5202cb2dafd.png","Clothing","[object Object]","null"
"Bake Me A Wish!","bake-me-a-wish","https://kickpay.co/activate/bake-me-a-wish?source=rewardist","https://ui.awin.com/images/upload/merchant/profile/105561.png","Food & Drink","[object Object]","null"
"Baleaf Sports","baleaf-sports","https://kickpay.co/activate/baleaf-sports?source=rewardist","https://www.google.com/s2/favicons?domain=baleaf.com&sz=128","Sports & Outdoors","[object Object]","null"
"BambooSIM","bamboosim","https://kickpay.co/activate/bamboosim?source=rewardist","https://c.cfjump.com/Avatars/313af19c-43bf-4c60-9f57-d84d675fe0ed.png","Electronics & Tech","[object Object]","null"
"BannerBuzz AUS","bannerbuzz-aus","https://kickpay.co/activate/bannerbuzz-aus?source=rewardist","https://ui.awin.com/images/upload/merchant/profile/61039.png","Education & Services","[object Object]","null"
"Bare Home","bare-home","https://kickpay.co/activate/bare-home?source=rewardist","https://ui.awin.com/images/upload/merchant/profile/96949.png","Home & Furniture","[object Object]","Default: 3.5%
Returning: 1.5%"
"BathMate","bathmate","https://kickpay.co/activate/bathmate?source=rewardist","https://www.google.com/s2/favicons?domain=bathmatedirect.com&sz=128","Department Store","[object Object]","null"
"Baxter Blue Glasses","baxter-blue-glasses","https://kickpay.co/activate/baxter-blue-glasses?source=rewardist","https://content.flexlinks.com/SharedImages/ProgramSquareLogo/217848.png","Clothing","[object Object]","null"
"BeDaring","bedaring","https://kickpay.co/activate/bedaring?source=rewardist","https://c.cfjump.com/Avatars/277dda25-6e74-4bcc-b5cf-4376563b7e6d.png","Clothing","[object Object]","null"
"Beauty Affairs","beauty-affairs","https://kickpay.co/activate/beauty-affairs?source=rewardist","https://c.cfjump.com/Avatars/f8260d1f-aa51-48d9-9265-5e6f54a6d328.png","Beauty & Skincare","[object Object]","null"
"Beauty Amora AU","beauty-amora-au","https://kickpay.co/activate/beauty-amora-au?source=rewardist","https://c.cfjump.com/Avatars/170cbf92-ef7a-434a-957b-0de64cec9b64.png","Beauty & Skincare","[object Object]","null"
"Beauty Forever","beauty-forever","https://kickpay.co/activate/beauty-forever?source=rewardist","https://www.google.com/s2/favicons?domain=m.beautyforever.com&sz=128","Department Store","[object Object]","null"
"Beds N Dreams","beds-n-dreams","https://kickpay.co/activate/beds-n-dreams?source=rewardist","https://content.flexlinks.com/SharedImages/ProgramSquareLogo/226400.png","Home & Furniture","[object Object]","null"
"Bedworks","bedworks","https://kickpay.co/activate/bedworks?source=rewardist","https://c.cfjump.com/Avatars/a0f07f63-33d3-4097-a82d-f7b159045b91.png","Home & Furniture","[object Object]","null"
"Bedzy","bedzy","https://kickpay.co/activate/bedzy?source=rewardist","https://c.cfjump.com/Avatars/8524bb56-1922-44be-85d0-db558b1042cd.png","Home & Furniture","[object Object]","null"
"Beer Cartel","beer-cartel","https://kickpay.co/activate/beer-cartel?source=rewardist","https://c.cfjump.com/Avatars/7d08865a-8ac5-489f-ae2c-9036511ea73d.png","Food & Drink","[object Object]","null"
"Beginning Boutique AU","beginning-boutique-au","https://kickpay.co/activate/beginning-boutique-au?source=rewardist","https://content.flexlinks.com/SharedImages/ProgramSquareLogo/179062.png","Clothing","[object Object]","null"
"Bellroy","bellroy","https://kickpay.co/activate/bellroy?source=rewardist","https://merchant.linksynergy.com/fs/logo/lg_43345.jpg","Department Store","[object Object]","null"
"Bendon Lingerie AU","bendon-lingerie-au","https://kickpay.co/activate/bendon-lingerie-au?source=rewardist","https://c.cfjump.com/Avatars/9305fa9d-a413-40f3-99c7-12ce2e2acb1f.png","Clothing","[object Object]","null"
"Berlei","berlei","https://kickpay.co/activate/berlei?source=rewardist","https://merchant.linksynergy.com/fs/logo/lg_40581.jpg","Clothing","[object Object]","null"
"Bessemer","bessemer","https://kickpay.co/activate/bessemer?source=rewardist","https://c.cfjump.com/Avatars/f292df37-f78a-49c4-bbd7-f738a574f52e.png","Home & Furniture","[object Object]","null"
"Best & Less","best-and-less","https://kickpay.co/activate/best-and-less?source=rewardist","https://content.flexlinks.com/SharedImages/ProgramSquareLogo/211409.png","Clothing","[object Object]","null"
"Best Buy","best-buy","https://kickpay.co/activate/best-buy?source=rewardist","https://www.google.com/s2/favicons?domain=bestbuy.com&sz=128","Home & Furniture","[object Object]","null"
"Best Choice Products","best-choice-products","https://kickpay.co/activate/best-choice-products?source=rewardist","https://www.google.com/s2/favicons?domain=bestchoiceproducts.com&sz=128","Department Store","[object Object]","null"
"Best Restaurants AU","best-restaurants-au","https://kickpay.co/activate/best-restaurants-au?source=rewardist","https://c.cfjump.com/Avatars/c2f33370-a9bf-4562-819b-c324bb87d9b2.png","Gifts & Flowers","[object Object]","null"
"Best Vet Care","best-vet-care","https://kickpay.co/activate/best-vet-care?source=rewardist","https://www.google.com/s2/favicons?domain=bestvetcare.com&sz=128","Department Store","[object Object]","null"
"Best Wig Outlet","best-wig-outlet","https://kickpay.co/activate/best-wig-outlet?source=rewardist","https://ui.awin.com/images/upload/merchant/profile/115597.png","Beauty & Skincare","[object Object]","null"
"BestDeals","bestdeals","https://kickpay.co/activate/bestdeals?source=rewardist","https://c.cfjump.com/Avatars/528b7c53-05a1-488f-b36a-d3fb230a8cab.png","Department Store","[object Object]","null"
"Betta","betta","https://kickpay.co/activate/betta?source=rewardist","https://merchant.linksynergy.com/fs/logo/lg_53994","Clothing","[object Object]","null"
"Betting on the Wedding","betting-on-the-wedding","https://kickpay.co/activate/betting-on-the-wedding?source=rewardist","https://ui.awin.com/images/upload/merchant/profile/116289.png","Entertainment","[object Object]","TKWW: 14%
Default: 7%"
"Betty Basics","betty-basics","https://kickpay.co/activate/betty-basics?source=rewardist","https://c.cfjump.com/Avatars/545b6639-24fd-4239-a642-f245c4222f18.png","Clothing","[object Object]","null"
"Betty Mills","betty-mills","https://kickpay.co/activate/betty-mills?source=rewardist","https://www.google.com/s2/favicons?domain=bettymills.com&sz=128","Department Store","[object Object]","null"
"Bevilles Jewellers","bevilles-jewellers","https://kickpay.co/activate/bevilles-jewellers?source=rewardist","https://c.cfjump.com/Avatars/7aa881d6-2d6c-42ee-b666-8970896a2bd6.png","Jewellery & Watches","[object Object]","null"
"Big Little Campers","big-little-campers","https://kickpay.co/activate/big-little-campers?source=rewardist","https://c.cfjump.com/Avatars/78341336-200a-4d3d-9fdb-a70e3fc726a6.png","Travel","[object Object]","null"
"Billy Guyatts","billy-guyatts","https://kickpay.co/activate/billy-guyatts?source=rewardist","https://merchant.linksynergy.com/fs/logo/lg_53995","Department Store","[object Object]","null"
"Bing Lee","bing-lee","https://kickpay.co/activate/bing-lee?source=rewardist","https://content.flexlinks.com/SharedImages/ProgramSquareLogo/203168.png","Home & Furniture","[object Object]","null"
"Biome Eco Stores","biome-eco-stores","https://kickpay.co/activate/biome-eco-stores?source=rewardist","https://c.cfjump.com/Avatars/7b8fa79c-9809-4168-abe8-349e6fe2069c.png","Beauty & Skincare","[object Object]","null"
"Biovea AU","biovea-au","https://kickpay.co/activate/biovea-au?source=rewardist","https://ui.awin.com/images/upload/merchant/profile/30557.png","Beauty & Skincare","[object Object]","null"
"Birdfy","birdfy","https://kickpay.co/activate/birdfy?source=rewardist","https://ui.awin.com/images/upload/merchant/profile/63888.png","Electronics & Tech","[object Object]","14-comm: 10%
Default: 5.5%
Returning-customer: 3.5%"
"Birdfy","birdfy","https://kickpay.co/activate/birdfy?source=rewardist","https://www.google.com/s2/favicons?domain=amazon.com&sz=128","Department Store","[object Object]","null"
"Bissell","bissell","https://kickpay.co/activate/bissell?source=rewardist","https://merchant.linksynergy.com/fs/logo/lg_53898","Department Store","[object Object]","null"
"Blood","blood","https://kickpay.co/activate/blood?source=rewardist","https://c.cfjump.com/Avatars/5d8a5a08-4ff4-48a4-b442-5f650d2b4843.png","Beauty & Skincare","[object Object]","null"
"Blue Cypress","blue-cypress","https://kickpay.co/activate/blue-cypress?source=rewardist","https://www.google.com/s2/favicons?domain=bluecypress.com&sz=128","Department Store","[object Object]","null"
"Bluebella AU","bluebella-au","https://kickpay.co/activate/bluebella-au?source=rewardist","/logos/rakuten/bluebella-au.jpg","Clothing","[object Object]","null"
"Blume","blume","https://kickpay.co/activate/blume?source=rewardist","https://ui.awin.com/images/upload/merchant/profile/89801.png","Beauty & Skincare","[object Object]","CONTENT: 7%
TECHNOLOGY: 3%
Default: 3%
COUPON: 1.5%"
"Boden Australia","boden-australia","https://kickpay.co/activate/boden-australia?source=rewardist","https://www.google.com/s2/favicons?domain=boden.com&sz=128","Department Store","[object Object]","null"
"Bogs Footwear","bogs-footwear","https://kickpay.co/activate/bogs-footwear?source=rewardist","/logos/rakuten/bogs-footwear.png","Clothing","[object Object]","null"
"Bond Touch","bond-touch","https://kickpay.co/activate/bond-touch?source=rewardist","https://ui.awin.com/images/upload/merchant/profile/68092.png","Electronics & Tech","[object Object]","null"
"Bondi Sands Australia","bondi-sands-australia","https://kickpay.co/activate/bondi-sands-australia?source=rewardist","https://content.flexlinks.com/SharedImages/ProgramSquareLogo/242774.png","Beauty & Skincare","[object Object]","null"
"Bonds","bonds","https://kickpay.co/activate/bonds?source=rewardist","/public-objects/merchant-logos/42970-1780031538410.jpg","Clothing","[object Object]","Rates vary by customer status and coupon. Cashback is calculated on the eligible ex-GST sale value reported by Bonds."
"Boody AU","boody-au","https://kickpay.co/activate/boody-au?source=rewardist","/logos/rakuten/boody-au.png","Clothing","[object Object]","Rates vary by customer status and whether items are full price or on sale. Gift card purchases earn no cashback."
"BookSeats","bookseats","https://kickpay.co/activate/bookseats?source=rewardist","https://www.google.com/s2/favicons?domain=bookseats.com&sz=128","Department Store","[object Object]","null"
"Boost Mobile AU","boost-mobile-au","https://kickpay.co/activate/boost-mobile-au?source=rewardist","https://content.flexlinks.com/SharedImages/ProgramSquareLogo/235910.png","Department Store","[object Object]","null"
"Botanic Choice","botanic-choice","https://kickpay.co/activate/botanic-choice?source=rewardist","https://www.google.com/s2/favicons?domain=botanicchoice.com&sz=128","Health & Wellness","[object Object]","null"
"Bounce Nutrition","bounce-nutrition","https://kickpay.co/activate/bounce-nutrition?source=rewardist","https://ui.awin.com/images/upload/merchant/profile/76284.png","Sports & Outdoors","[object Object]","null"
"Braun Household - Home & Kitchen Appliances AUNZ","braun-household-home-and-kitchen-appliances-aunz","https://kickpay.co/activate/braun-household-home-and-kitchen-appliances-aunz?source=rewardist","https://c.cfjump.com/Avatars/08f733b0-23cf-41de-b6b6-a3c235773fa6.png","Electronics & Tech","[object Object]","null"
"Bravofly AU","bravofly-au","https://kickpay.co/activate/bravofly-au?source=rewardist","https://ui.awin.com/images/upload/merchant/profile/17004.png","Travel","[object Object]","HOTEL: 3.5%
Default: 3.5%"
"Brewquets","brewquets","https://kickpay.co/activate/brewquets?source=rewardist","https://c.cfjump.com/Avatars/0e3fb2ef-848a-4d7d-8b05-b754e84ccc26.png","Gifts & Flowers","[object Object]","null"
"Brian Oak Limited","brian-oak-limited","https://kickpay.co/activate/brian-oak-limited?source=rewardist","https://www.google.com/s2/favicons?domain=brianoak.com&sz=128","Clothing","[object Object]","null"
"BroBasket","brobasket","https://kickpay.co/activate/brobasket?source=rewardist","https://ui.awin.com/images/upload/merchant/profile/59093.png","Gifts & Flowers","[object Object]","Default: 3.5%
Set Coupon Rate- 201958: 0.5%"
"Brooks Running","brooks-running","https://kickpay.co/activate/brooks-running?source=rewardist","https://content.flexlinks.com/SharedImages/ProgramSquareLogo/248427.png","Sports & Outdoors","[object Object]","null"
"Budget Car Rentals - AU","budget-car-rentals-au","https://kickpay.co/activate/budget-car-rentals-au?source=rewardist","https://c.cfjump.com/Avatars/ae654346-c072-4814-a357-9f819151af77.png","Travel","[object Object]","null"
"Budget Pet Care","budget-pet-care","https://kickpay.co/activate/budget-pet-care?source=rewardist","https://www.google.com/s2/favicons?domain=budgetpetcare.com&sz=128","Department Store","[object Object]","null"
"Bungle Nursery Cribs","bungle-nursery-cribs","https://kickpay.co/activate/bungle-nursery-cribs?source=rewardist","https://ui.awin.com/images/upload/merchant/profile/122708.png","Kids & Baby","[object Object]","null"
"Burton Goods","burton-goods","https://kickpay.co/activate/burton-goods?source=rewardist","https://ui.awin.com/images/upload/merchant/profile/83699.png","Clothing","[object Object]","null"
"Buycoolshirts.com","buycoolshirts-com","https://kickpay.co/activate/buycoolshirts-com?source=rewardist","https://ui.awin.com/images/upload/merchant/profile/77304.png","Clothing","[object Object]","null"
"CAMPER US, CA, AU, LATAM","camper-us-ca-au-latam","https://kickpay.co/activate/camper-us-ca-au-latam?source=rewardist","https://www.google.com/s2/favicons?domain=camper.com&sz=128","Department Store","[object Object]","null"
"CASECESS","casecess","https://kickpay.co/activate/casecess?source=rewardist","https://www.google.com/s2/favicons?domain=casecess.com&sz=128","Department Store","[object Object]","null"
"CEMÔY","cemoy","https://kickpay.co/activate/cemoy?source=rewardist","https://c.cfjump.com/Avatars/42ffcc03-efe0-4c67-a139-96a19229db8d.png","Beauty & Skincare","[object Object]","null"
"CINCO STORE","cinco-store","https://kickpay.co/activate/cinco-store?source=rewardist","https://ui.awin.com/images/upload/merchant/profile/54839.png","Clothing","[object Object]","10 in each sale- 50667: 7%
Default: 5.5%"
"CIRCA","circa","https://kickpay.co/activate/circa?source=rewardist","https://c.cfjump.com/Avatars/f19cd9fe-648c-4b59-855d-5817ae00eeca.png","Gifts & Flowers","[object Object]","null"
"CLOSEMATE","closemate","https://kickpay.co/activate/closemate?source=rewardist","https://www.google.com/s2/favicons?domain=closemate.com&sz=128","Department Store","[object Object]","null"
"COLORDIAMONDS LED MASK","colordiamonds-led-mask","https://kickpay.co/activate/colordiamonds-led-mask?source=rewardist","https://ui.awin.com/images/upload/merchant/profile/124272.png","Beauty & Skincare","[object Object]","null"
"COSMO Technologies","cosmo-technologies","https://kickpay.co/activate/cosmo-technologies?source=rewardist","https://www.google.com/s2/favicons?domain=cosmotogether.com&sz=128","Electronics & Tech","[object Object]","null"
"COUTR","coutr","https://kickpay.co/activate/coutr?source=rewardist","/public-objects/merchant-logos/77799-1786937352285.png","Department Store","[object Object]","null"
"Caesars Rewards: Hotels (Global)","caesars-rewards-hotels-global","https://kickpay.co/activate/caesars-rewards-hotels-global?source=rewardist","https://ui.awin.com/images/upload/merchant/profile/6145.png","Travel","[object Object]","Horseshoe Tunica: 3.5%
Planet Hollywood Las Vegas: 3.5%
Isle of Capri Casino Hotel Lula: 3.5%
Paris Las Vegas: 3.5%
Caesars New Orleans: 3.5%
Tropicana Laughlin: 3.5%
Horseshoe Bossier City: 3.5%
Flamingo Las Vegas: 3.5%
Silver Legacy Resort Casino: 3.5%
Harrah's North Kansas City: 3.5%
Harrah's Las Vegas: 3.5%
Silver Legacy Resort Casino v2: 3.5%
Isle Casino Hotel Waterloo: 3.5%
Horseshoe Las Vegas: 3.5%
Lady Luck Casino Black Hawk: 3.5%
Harrah's Gulf Coast: 3.5%
Harrah's Laughlin: 3.5%
Caesars Palace Las Vegas: 3.5%
Caesars Republic Lake Tahoe: 3.5%
Isle Casino Hotel Bettendorf: 3.5%
Harrah's Council Bluffs: 3.5%
The LINQ Hotel + Experience: 3.5%
Harrah's Metropolis: 3.5%
Harrah's Joliet: 3.5%
Tropicana Atlantic City: 3.5%
Harrah's Resort Atlantic City: 3.5%
Caesars Atlantic City: 3.5%
Isle of Capri Casino Hotel Boonville: 3.5%
Circus Circus Reno: 3.5%
Harrah's Lake Tahoe: 3.5%
Horseshoe St. Louis: 3.5%
Eldorado Resort Casino: 3.5%
Isle Casino Hotel Black Hawk: 3.5%
Cromwell Las Vegas: 3.5%
Las Vegas Flight +Hotel Packages: 3.5%
Caesars Virginia: 3.5%
Harrah's New Orleans: 3.5%
Default: 3.5%
Harrah's Cherokee: 0%
Harrah's Cherokee Valley River Hotel & Casino: 0%
Harrah's Southern California: 0%
Rio All-Suite Hotel & Casino: 0%
Bally's Atlantic City: 0%
Horseshoe Council Bluffs: 0%
Caesars Southern Indiana: 0%
Harrah's Ak-Chin: 0%
Nobu Hotel Caesars Palace: 0%
Caesars Windsor: 0%
Horseshoe Lake Charles: 0%
Formula1 F1GSSB: 0%
Formula1 F1GS21: 0%
Formula1 F1GSPC: 0%
Caesars Republic Scottsdate: 0%"
"Callsun Solar","callsun-solar","https://kickpay.co/activate/callsun-solar?source=rewardist","https://www.google.com/s2/favicons?domain=callsunsolar.com&sz=128","Department Store","[object Object]","null"
"Camera House","camera-house","https://kickpay.co/activate/camera-house?source=rewardist","https://c.cfjump.com/Avatars/701cb532-cb0d-4ddd-bea9-3d589b812920.png","Department Store","[object Object]","null"
"CameraPro","camerapro","https://kickpay.co/activate/camerapro?source=rewardist","https://c.cfjump.com/Avatars/48b7293e-f4d2-4d85-bfff-4c2ba1650759.png","Department Store","[object Object]","null"
"Camplify","camplify","https://kickpay.co/activate/camplify?source=rewardist","https://logo.clearbit.com/camplify.com.au","Department Store","[object Object]","2.1% cashback on campervan hire bookings"
"CapCut Affiliate Program","capcut-affiliate-program","https://kickpay.co/activate/capcut-affiliate-program?source=rewardist","https://www.google.com/s2/favicons?domain=capcut.com&sz=128","Department Store","[object Object]","New Customers UK/US/FR/DE/GB: 42%
Existing Customers UK/US/FR/DE/GB: 35%
New Customers BR/MX/JP/TH/IT/KR/ES/AR/PL/CA/SA/MY/AU/TW/KZ/CL/RO/NL/BE/AE/PT/SE/CZ/GR/HU/BY/IL/AT/CH/HK/RS/DK/SG/FI/NO/SK/CR/OM/NZ/IE/KW/PA/HR/UY/QA/LT/MD/SI/LV/BH/EE/CY/MO/LU/ME/MV/MT/BS/IS/AG/KY/BM/KN/MC/VG/AI: 35%
Existing Customers BR/MX/JP/TH/IT/KR/ES/AR/PL/CA/SA/MY/AU/TW/KZ/CL/RO/NL/BE/AE/PT/SE/CZ/GR/HU/BY/IL/AT/CH/HK/RS/DK/SG/FI/NO/SK/CR/OM/NZ/IE/KW/PA/HR/UY/QA/LT/MD/SI/LV/BH/EE/CY/MO/LU/ME/MV/MT/BS/IS/AG/KY/BM/KN/MC/VG/AI: 28%
New Customers: 31.5%
Existing Customers: 21%"
"Capelin Crew Ski, Snowboard & Outdoor Gear","capelin-crew-ski-snowboard-and-outdoor-gear","https://kickpay.co/activate/capelin-crew-ski-snowboard-and-outdoor-gear?source=rewardist","https://www.google.com/s2/favicons?domain=capelin-crew.com&sz=128","Department Store","[object Object]","null"
"Capri Watch","capri-watch","https://kickpay.co/activate/capri-watch?source=rewardist","https://ui.awin.com/images/upload/merchant/profile/120271.png","Jewellery & Watches","[object Object]","null"
"Car Mods Australia","car-mods-australia","https://kickpay.co/activate/car-mods-australia?source=rewardist","https://c.cfjump.com/Avatars/1abba471-81b8-4bd4-bc9b-cc76534be9ab.png","Automotive","[object Object]","null"
"CarHistory","carhistory","https://kickpay.co/activate/carhistory?source=rewardist","https://c.cfjump.com/Avatars/9d732b5f-8232-4b46-b4b8-8f6065135f04.png","Automotive","[object Object]","null"
"CarMatsCulture","carmatsculture","https://kickpay.co/activate/carmatsculture?source=rewardist","https://c.cfjump.com/Avatars/a54ddd70-abbf-45ea-af3d-55e076b2d223.png","Automotive","[object Object]","null"
"Care You","care-you","https://kickpay.co/activate/care-you?source=rewardist","https://c.cfjump.com/Avatars/1b3524be-62b8-408a-bb30-85d609379b25.png","Department Store","[object Object]","null"
"Carla Car Rental","carla-car-rental","https://kickpay.co/activate/carla-car-rental?source=rewardist","https://www.google.com/s2/favicons?domain=rentcarla.com&sz=128","Department Store","[object Object]","null"
"Carla Zampatti","carla-zampatti","https://kickpay.co/activate/carla-zampatti?source=rewardist","https://c.cfjump.com/Avatars/e682a45e-c589-4435-ac16-de69e14cbe0e.png","Clothing","[object Object]","null"
"CarlinKit","carlinkit","https://kickpay.co/activate/carlinkit?source=rewardist","https://www.google.com/s2/favicons?domain=carlinkitcarplay.com&sz=128","Department Store","[object Object]","null"
"Carmel Car & Limousine","carmel-car-and-limousine","https://kickpay.co/activate/carmel-car-and-limousine?source=rewardist","https://ui.awin.com/images/upload/merchant/profile/87897.png","Travel","[object Object]","null"
"CarmelLimo.com","carmellimo-com","https://kickpay.co/activate/carmellimo-com?source=rewardist","https://www.google.com/s2/favicons?domain=carmellimo.com&sz=128","Department Store","[object Object]","null"
"Cartridges Direct","cartridges-direct","https://kickpay.co/activate/cartridges-direct?source=rewardist","https://c.cfjump.com/Avatars/5290ea3d-8ad7-48ac-898e-04d9a97da682.png","Office & Print","[object Object]","null"
"Casa Andina Hoteles","casa-andina-hoteles","https://kickpay.co/activate/casa-andina-hoteles?source=rewardist","https://www.google.com/s2/favicons?domain=casa-andina.com&sz=128","Department Store","[object Object]","null"
"Casadei","casadei","https://kickpay.co/activate/casadei?source=rewardist","https://content.flexlinks.com/SharedImages/ProgramSquareLogo/175262.png","Department Store","[object Object]","null"
"Casey's Toys","casey-s-toys","https://kickpay.co/activate/casey-s-toys?source=rewardist","https://c.cfjump.com/Avatars/12f9ff08-00c6-4409-9a7a-73e5d1d512c0.png","Kids & Baby","[object Object]","null"
"Cashmere Boutique","cashmere-boutique","https://kickpay.co/activate/cashmere-boutique?source=rewardist","https://www.google.com/s2/favicons?domain=cashmereboutique.com&sz=128","Department Store","[object Object]","null"
"Celebration Box","celebration-box","https://kickpay.co/activate/celebration-box?source=rewardist","https://c.cfjump.com/Avatars/6d58e844-246d-42cc-8d76-711610e3a7a4.png","Gifts & Flowers","[object Object]","null"
"Chain Valley Gifts","chain-valley-gifts","https://kickpay.co/activate/chain-valley-gifts?source=rewardist","https://c.cfjump.com/Avatars/6561ac22-30a5-4785-a08f-f94fc3294b21.png","Gifts & Flowers","[object Object]","null"
"Charity Hampers","charity-hampers","https://kickpay.co/activate/charity-hampers?source=rewardist","https://c.cfjump.com/Avatars/8b75f698-2eae-49f5-828d-ba4fe95024de.png","Gifts & Flowers","[object Object]","null"
"Charlotte Tilbury AU","charlotte-tilbury-au","https://kickpay.co/activate/charlotte-tilbury-au?source=rewardist","https://content.flexlinks.com/SharedImages/ProgramSquareLogo/195489.png","Beauty & Skincare","[object Object]","null"
"CheapOair.com","cheapoair-com","https://kickpay.co/activate/cheapoair-com?source=rewardist","https://www.google.com/s2/favicons?domain=cheapoair.com&sz=128","Travel","[object Object]","null"
"Chemist Direct AU","chemist-direct-au","https://kickpay.co/activate/chemist-direct-au?source=rewardist","https://www.google.com/s2/favicons?domain=chemistdirect.com.au&sz=128","Health & Wellness","[object Object]","null"
"Cherub Baby Australia","cherub-baby-australia","https://kickpay.co/activate/cherub-baby-australia?source=rewardist","https://c.cfjump.com/Avatars/43871e89-4791-4bba-abe1-1ecc207e225f.png","Kids & Baby","[object Object]","null"
"ChicMe","chicme","https://kickpay.co/activate/chicme?source=rewardist","https://c.cfjump.com/Avatars/5ec481f8-9c71-442f-9bf8-74a10603c379.png","Clothing","[object Object]","null"
"Chief Nutrition","chief-nutrition","https://kickpay.co/activate/chief-nutrition?source=rewardist","https://c.cfjump.com/Avatars/629c27f2-d406-438b-8fd0-ac89016c3b45.png","Beauty & Skincare","[object Object]","null"
"Choice Privileges - Points.com","choice-privileges-points-com","https://kickpay.co/activate/choice-privileges-points-com?source=rewardist","https://www.google.com/s2/favicons?domain=points.com&sz=128","Department Store","[object Object]","null"
"Chow Sang Sang","chow-sang-sang","https://kickpay.co/activate/chow-sang-sang?source=rewardist","https://www.google.com/s2/favicons?domain=chowsangsang.com&sz=128","Department Store","[object Object]","null"
"Chow Sang Sang Jewellery","chow-sang-sang-jewellery","https://kickpay.co/activate/chow-sang-sang-jewellery?source=rewardist","https://ui.awin.com/images/upload/merchant/profile/53543.png","Jewellery & Watches","[object Object]","Default: 7%
Gold item: 3%"
"CircleDNA","circledna","https://kickpay.co/activate/circledna?source=rewardist","https://c.cfjump.com/Avatars/56a81cce-5386-423c-ae6e-7c5ce9a994f9.png","Beauty & Skincare","[object Object]","null"
"Circulon","circulon","https://kickpay.co/activate/circulon?source=rewardist","https://c.cfjump.com/Avatars/0e147d8d-6bce-49b7-ac17-349bee4291e8.png","Food & Drink","[object Object]","null"
"Circus NY","circus-ny","https://kickpay.co/activate/circus-ny?source=rewardist","https://www.google.com/s2/favicons?domain=circusny.com&sz=128","Clothing","[object Object]","null"
"City Beach AU","city-beach-au","https://kickpay.co/activate/city-beach-au?source=rewardist","https://www.citybeach.com/on/demandware.static/Sites-CityBeachUS-Site/-/default/dwb4911c4a/images/citybeachlogo.png","Clothing","[object Object]","null"
"City Chic","city-chic","https://kickpay.co/activate/city-chic?source=rewardist","https://www.google.com/s2/favicons?domain=citychic.com.au&sz=128","Department Store","[object Object]","New Customers: 5.5%
Existing Customers: 3%"
"City Perfume","city-perfume","https://kickpay.co/activate/city-perfume?source=rewardist","https://c.cfjump.com/Avatars/59543833-fcbe-468f-b905-ec598d3fede9.png","Beauty & Skincare","[object Object]","null"
"Clearly AU/NZ","clearly-au-nz","https://kickpay.co/activate/clearly-au-nz?source=rewardist","https://www.google.com/s2/favicons?domain=clearly.com.au&sz=128","Department Store","[object Object]","null"
"Clearview Cruises","clearview-cruises","https://kickpay.co/activate/clearview-cruises?source=rewardist","https://c.cfjump.com/Avatars/e150ce89-9a7e-4e46-b781-d6ea8079a11f.png","Travel","[object Object]","null"
"Cliganic","cliganic","https://kickpay.co/activate/cliganic?source=rewardist","https://www.google.com/s2/favicons?domain=cliganic.com&sz=128","Department Store","[object Object]","null"
"Cloth Vintage Affiliate Programme","cloth-vintage-affiliate-programme","https://kickpay.co/activate/cloth-vintage-affiliate-programme?source=rewardist","https://ui.awin.com/images/upload/merchant/profile/128343.png","Clothing","[object Object]","null"
"Club X","club-x","https://kickpay.co/activate/club-x?source=rewardist","https://c.cfjump.com/Avatars/3f19853e-8cf0-4216-b8bc-8fea04acc327.png","Clothing","[object Object]","null"
"Code Labs Academy","code-labs-academy","https://kickpay.co/activate/code-labs-academy?source=rewardist","https://www.google.com/s2/favicons?domain=codelabsacademy.com&sz=128","Department Store","[object Object]","Online Sale (Deposit): 8.5%
Online Sale: 8.5%"
"Condor INT","condor-int","https://kickpay.co/activate/condor-int?source=rewardist","https://www.google.com/s2/favicons?domain=condor.com&sz=128","Department Store","[object Object]","null"
"Connor AU","connor-au","https://kickpay.co/activate/connor-au?source=rewardist","https://content.flexlinks.com/SharedImages/ProgramSquareLogo/177807.png","Department Store","[object Object]","null"
"Conserving Beauty","conserving-beauty","https://kickpay.co/activate/conserving-beauty?source=rewardist","https://www.google.com/s2/favicons?domain=conservingbeauty.com&sz=128","Beauty & Skincare","[object Object]","null"
"Constance Hotels (Global)","constance-hotels-global","https://kickpay.co/activate/constance-hotels-global?source=rewardist","https://ui.awin.com/images/upload/merchant/profile/18746.png","Travel","[object Object]","null"
"Coofandy","coofandy","https://kickpay.co/activate/coofandy?source=rewardist","https://www.google.com/s2/favicons?domain=coofandy.com&sz=128","Department Store","[object Object]","null"
"Cookware Brands","cookware-brands","https://kickpay.co/activate/cookware-brands?source=rewardist","https://c.cfjump.com/Avatars/99782e3c-e51f-47a1-819c-db9fd2839262.png","Home & Furniture","[object Object]","null"
"Coolzy","coolzy","https://kickpay.co/activate/coolzy?source=rewardist","https://c.cfjump.com/Avatars/58ae76c1-e9c7-4d0e-8f70-cc56d860e043.png","Electronics & Tech","[object Object]","null"
"Copa Airlines ConnectMiles - Points.com","copa-airlines-connectmiles-points-com","https://kickpay.co/activate/copa-airlines-connectmiles-points-com?source=rewardist","https://www.google.com/s2/favicons?domain=copaair.com&sz=128","Department Store","[object Object]","null"
"Core Equipment","core-equipment","https://kickpay.co/activate/core-equipment?source=rewardist","https://www.google.com/s2/favicons?domain=coreequipment.com&sz=128","Department Store","[object Object]","null"
"Corel Corporation","corel-corporation","https://kickpay.co/activate/corel-corporation?source=rewardist","https://www.google.com/s2/favicons?domain=corel.com&sz=128","Electronics & Tech","[object Object]","null"
"CorneaCare","corneacare","https://kickpay.co/activate/corneacare?source=rewardist","https://www.google.com/s2/favicons?domain=mycorneacare.com&sz=128","Department Store","[object Object]","null"
"Costom4U","costom4u","https://kickpay.co/activate/costom4u?source=rewardist","https://www.google.com/s2/favicons?domain=thecustom4u.com&sz=128","Department Store","[object Object]","null"
"Costway Australia","costway-australia","https://kickpay.co/activate/costway-australia?source=rewardist","https://c.cfjump.com/Avatars/16a15e88-279c-4ed7-ba94-eee01bfb0765.png","Home & Furniture","[object Object]","null"
"Cotton On","cotton-on","https://kickpay.co/activate/cotton-on?source=rewardist","/logos/rakuten/cotton-on.svg","Kids & Baby","[object Object]","null"
"Cover-More","cover-more","https://kickpay.co/activate/cover-more?source=rewardist","https://content.flexlinks.com/SharedImages/ProgramSquareLogo/181452.png","Finance & Insurance","[object Object]","null"
"Cracked Soda","cracked-soda","https://kickpay.co/activate/cracked-soda?source=rewardist","https://c.cfjump.com/Avatars/d8287a00-758a-470f-ac41-c7867b52b9e0.png","Clothing","[object Object]","null"
"Craft Cartel Liquor","craft-cartel-liquor","https://kickpay.co/activate/craft-cartel-liquor?source=rewardist","https://c.cfjump.com/Avatars/1fda920d-f439-44bd-833c-1df0824a5955.png","Food & Drink","[object Object]","null"
"Crazy Sales","crazy-sales","https://kickpay.co/activate/crazy-sales?source=rewardist","https://c.cfjump.com/Avatars/f027d236-8b19-4e3f-8d3f-ca52fcad8bca.png","Department Store","[object Object]","null"
"CrazySales","crazysales","https://kickpay.co/activate/crazysales?source=rewardist","https://merchant.linksynergy.com/fs/logo/lg_39299.jpg","Gifts & Flowers","[object Object]","null"
"Creativebug","creativebug","https://kickpay.co/activate/creativebug?source=rewardist","https://www.google.com/s2/favicons?domain=creativebug.com&sz=128","Department Store","[object Object]","null"
"Cronjager","cronjager","https://kickpay.co/activate/cronjager?source=rewardist","https://ui.awin.com/images/upload/merchant/profile/98661.png","Clothing","[object Object]","null"
"Cue AU","cue-au","https://kickpay.co/activate/cue-au?source=rewardist","https://content.flexlinks.com/SharedImages/ProgramSquareLogo/198946.png","Clothing","[object Object]","null"
"Culprit Underwear","culprit-underwear","https://kickpay.co/activate/culprit-underwear?source=rewardist","https://ui.awin.com/images/upload/merchant/profile/100029.png","Clothing","[object Object]","NEW CUSTOMER: 7.5%
Default: 7%
Returning Customer: 3.5%"
"Culture Kings","culture-kings","https://kickpay.co/activate/culture-kings?source=rewardist","https://merchant.linksynergy.com/fs/logo/lg_46631","Clothing","[object Object]","null"
"Cupshe AU","cupshe-au","https://kickpay.co/activate/cupshe-au?source=rewardist","https://ui.awin.com/images/upload/merchant/profile/123608.png","Clothing","[object Object]","New customers earn 4.2% cashback. Returning Cupshe customers earn 1.4% cashback. Effective 29 July 2026 per Cupshe AU affiliate program terms."
"Curtain Wonderland","curtain-wonderland","https://kickpay.co/activate/curtain-wonderland?source=rewardist","https://c.cfjump.com/Avatars/f3b96819-1ac0-45a5-86ec-6dafbf555881.png","Home & Furniture","[object Object]","null"
"DAZN APAC","dazn-apac","https://kickpay.co/activate/dazn-apac?source=rewardist","https://ui.awin.com/images/upload/merchant/profile/126257.png","Electronics & Tech","[object Object]","Instalments_New: 70%
Instalments_New_PPV: 70%
Season_Pro_New_Instalments: 70%
Season_Pro_Ultimate_New_Instalments: 70%
Instalments_New_RALLY: 70%
AD_COLLEGE_SPORTS_INSTALMENTS_01: 70%
AD_COLLEGE_SPORTS_INSTALMENTS_02: 70%
Instalments_Resub: 35%
Instalments_Resub_PPV: 35%
Season_Pro_ReSub_Instalments: 35%
Season_Pro_Ultimate_ReSub_Instalments: 35%
Instalments_ReSub_RALLY: 35%
DAZN_Ultimate_Annual: 10.5%
Binge_Standard_Monthly_AU: 10.5%
Binge_Standard_Annual_AU: 10.5%
Kayo_Standard_Monthly_AU: 10.5%
Binge_Premium_Monthly_AU: 10.5%
Binge_Premium_Annual_AU: 10.5%
PPV_Moses_vs_Hergovich: 10.5%
Monthly_New: 7%
Annual_New: 7%
Monthly_New_PPV: 7%
Annual_New_PPV: 7%
Season_Pro_New_Upfront: 7%
Season_Pro_Ultimate_New_Upfront: 7%
Weekly_Pro_New_Upfront: 7%
Superbowl_Weekly_New_Upfront: 7%
Superbowl_New_Ultimate: 7%
Monthly_New_NLTV: 7%
Instalments_New_NLTV: 7%
Annual_New_NLTV: 7%
Season_Pass_New_NLTV: 7%
Monthly_New_RALLY: 7%
Annual_New_RALLY: 7%
Monthly_New_FIBA: 7%
Annual_New_FIBA: 7%
Kayo_Premium_Monthly_AU: 7%
AD_COLLEGE_SPORTS_ANNUAL_01: 7%
AD_COLLEGE_SPORTS_MONTHLY_02: 7%
AD_COLLEGE_SPORTS_MONTHLY_01: 7%
NHL_Addon: 7%
NHL_Annual_Season_Pass: 7%
NHL_Annual_Ultimate_Season_Pass: 7%
NHL_Monthly_Season_Pass: 7%
NHL_Monthly_Ultimate_Season_Pass: 7%
Binge Basic Annual AU: 7%
Binge Basic Monthly AU: 7%
Kayo Premium Annual AU: 7%
Monthly_Resub: 3.5%
Annual_Resub: 3.5%
Annual_ReSub_NLTV: 3.5%
Monthly_Resub_PPV: 3.5%
Annual_Resub_PPV: 3.5%
Season_Pro_ReSub_Upfront: 3.5%
Season_Pro_Ultimate_ReSub_Upfront: 3.5%
Weekly_Pro_Ultimate_New_Upfront: 3.5%
Weekly_Pro_Ultimate_ReSub_Upfront: 3.5%
Weekly_Pro_ReSub_Upfront: 3.5%
Superbowl_Weekly_ReSub_Upfront: 3.5%
Superbowl_ReSub_Ultimate: 3.5%
Monthly_ReSub_NLTV: 3.5%
Instalments_ReSub_NLTV: 3.5%
Monthly_ReSub_RALLY: 3.5%
Annual_ReSub_RALLY: 3.5%
Monthly_ReSub_FIBA: 3.5%
Annual_ReSub_FIBA: 3.5%
Default: 2%
FREEMIUM: 0%"
"DC Shoes","dc-shoes","https://kickpay.co/activate/dc-shoes?source=rewardist","https://c.cfjump.com/Avatars/14239df2-c6dd-404a-ac17-236894e4e092.png","Clothing","[object Object]","null"
"DESCENTE SEA","descente-sea","https://kickpay.co/activate/descente-sea?source=rewardist","https://www.google.com/s2/favicons?domain=sg.descente.com&sz=128","Department Store","[object Object]","null"
"DHgate","dhgate","https://kickpay.co/activate/dhgate?source=rewardist","https://cj.dotomi.com/3l104elps5/fmr/lpj/4A576B5A/434965C95/3/3/3/3/3?h=w%3c%3cp11x0%3A%2F%2F444.n1rkn5.kwu%2Fquiom-989EBAHEA-9FACBGAF-9FF8FAAAAB888%3c%3cO%3c%3c%3c9%3c9%3c8%3c8%3cGkmm8HEj-GE88-C8El-jCi8-HCC9kHjE9mnG%3c","Department Store","[object Object]","null"
"DOKODEMO","dokodemo","https://kickpay.co/activate/dokodemo?source=rewardist","https://c.cfjump.com/Avatars/b12c6b45-7f21-470a-9139-831a7526f170.png","Department Store","[object Object]","null"
"Damond Motorsports","damond-motorsports","https://kickpay.co/activate/damond-motorsports?source=rewardist","https://ui.awin.com/images/upload/merchant/profile/38232.png","Automotive","[object Object]","DM products- 147533: 7%
Default: 3.5%"
"Darlings of Chelsea","darlings-of-chelsea","https://kickpay.co/activate/darlings-of-chelsea?source=rewardist","https://www.google.com/s2/favicons?domain=darlingsofchelsea.co.uk&sz=128","Home & Furniture","[object Object]","null"
"David Lawrence AU","david-lawrence-au","https://kickpay.co/activate/david-lawrence-au?source=rewardist","https://content.flexlinks.com/SharedImages/ProgramSquareLogo/237656.png","Clothing","[object Object]","null"
"De'Longhi AU NZ","de-longhi-au-nz","https://kickpay.co/activate/de-longhi-au-nz?source=rewardist","https://content.flexlinks.com/SharedImages/ProgramSquareLogo/239889.png","Electronics & Tech","[object Object]","null"
"Dell Technologies ANZ","dell-technologies-anz","https://kickpay.co/activate/dell-technologies-anz?source=rewardist","https://www.google.com/s2/favicons?domain=dell.com.au&sz=128","Department Store","[object Object]","null"
"Deluvia Skincare and Cosmetics","deluvia-skincare-and-cosmetics","https://kickpay.co/activate/deluvia-skincare-and-cosmetics?source=rewardist","https://ui.awin.com/images/upload/merchant/profile/59283.png","Clothing","[object Object]","New Customer : 7%
Default: 7%
RETURNING: 3.5%
blockedcodes: 0%
summerbogo code is not available for commissions- 82222: 0%
Demure15 code is not available for commissions- 195590: 0%
SKUs: 0%"
"Designer Appliances","designer-appliances","https://kickpay.co/activate/designer-appliances?source=rewardist","https://merchant.linksynergy.com/fs/logo/lg_53997","Home & Furniture","[object Object]","null"
"Designer Brands","designer-brands","https://kickpay.co/activate/designer-brands?source=rewardist","https://www.google.com/s2/favicons?domain=dbcosmetics.com.au&sz=128","Department Store","[object Object]","null"
"Dewycream Inc","dewycream-inc","https://kickpay.co/activate/dewycream-inc?source=rewardist","https://ui.awin.com/images/upload/merchant/profile/110224.png","Beauty & Skincare","[object Object]","null"
"Diamond Veneer Travel Jewelry","diamond-veneer-travel-jewelry","https://kickpay.co/activate/diamond-veneer-travel-jewelry?source=rewardist","https://ui.awin.com/images/upload/merchant/profile/88263.png","Jewellery & Watches","[object Object]","null"
"Diecast","diecast","https://kickpay.co/activate/diecast?source=rewardist","https://www.google.com/s2/favicons?domain=diecastmodelswholesale.com&sz=128","Department Store","[object Object]","null"
"DigiDirect","digidirect","https://kickpay.co/activate/digidirect?source=rewardist","https://www.google.com/s2/favicons?domain=digidirect.com.au&sz=128","Home & Furniture","[object Object]","null"
"Dinnerly AU","dinnerly-au","https://kickpay.co/activate/dinnerly-au?source=rewardist","https://ui.awin.com/images/upload/merchant/profile/104513.png","Food & Drink","[object Object]","null"
"DirectDeals","directdeals","https://kickpay.co/activate/directdeals?source=rewardist","https://www.google.com/s2/favicons?domain=directdeals.com&sz=128","Department Store","[object Object]","null"
"Discount Pet Care AU","discount-pet-care-au","https://kickpay.co/activate/discount-pet-care-au?source=rewardist","https://content.flexlinks.com/SharedImages/ProgramSquareLogo/243795.png","Pets","[object Object]","null"
"Dore & Rose","dore-and-rose","https://kickpay.co/activate/dore-and-rose?source=rewardist","https://www.google.com/s2/favicons?domain=doreandrose.com&sz=128","Department Store","[object Object]","null"
"Dose & Co AU","dose-and-co-au","https://kickpay.co/activate/dose-and-co-au?source=rewardist","https://ui.awin.com/images/upload/merchant/profile/120513.png","Beauty & Skincare","[object Object]","NEW: 10.5%
RETURNING: 7%
Default: 7%"
"Dozen Deals","dozen-deals","https://kickpay.co/activate/dozen-deals?source=rewardist","https://c.cfjump.com/Avatars/870353fd-4deb-4cf2-8fcc-16fcc801de18.png","Food & Drink","[object Object]","null"
"Dr Martens","dr-martens","https://kickpay.co/activate/dr-martens?source=rewardist","https://c.cfjump.com/Avatars/e8403b47-2866-4c16-b68b-8c81bd476fe6.png","Clothing","[object Object]","null"
"Dream Home Art Union","dream-home-art-union","https://kickpay.co/activate/dream-home-art-union?source=rewardist","https://c.cfjump.com/Avatars/60363800-5512-468e-998e-99b83b3c8d2e.png","Entertainment","[object Object]","null"
"Dream Pairs","dream-pairs","https://kickpay.co/activate/dream-pairs?source=rewardist","https://ui.awin.com/images/upload/merchant/profile/76022.png","Clothing","[object Object]","null"
"Dribbble","dribbble","https://kickpay.co/activate/dribbble?source=rewardist","/logos/rakuten/dribbble.png","Education & Services","[object Object]","null"
"Dunford, Inc.","dunford-inc","https://kickpay.co/activate/dunford-inc?source=rewardist","https://ui.awin.com/images/upload/merchant/profile/67974.png","Automotive","[object Object]","null"
"Dyson Australia","dyson-australia","https://kickpay.co/activate/dyson-australia?source=rewardist","https://merchant.linksynergy.com/fs/logo/lg_43020.jpg","Department Store","[object Object]","null"
"E.Tel","e-tel","https://kickpay.co/activate/e-tel?source=rewardist","https://c.cfjump.com/Avatars/acde85a4-9e87-4e8a-8d4c-1759708a45ac.png","Electronics & Tech","[object Object]","New customers only. Cashback is not earned on existing services, renewals, or repeat purchases."
"EASYFLOWERS","easyflowers","https://kickpay.co/activate/easyflowers?source=rewardist","https://c.cfjump.com/Avatars/8aafa6b1-2559-4eaa-b620-3e3a7cbad866.png","Gifts & Flowers","[object Object]","null"
"ECO. Modern Essentials","eco-modern-essentials","https://kickpay.co/activate/eco-modern-essentials?source=rewardist","https://c.cfjump.com/Avatars/8e310fb6-9bca-4f50-93bb-f4ccf8be9f86.png","Beauty & Skincare","[object Object]","null"
"ECOVACS","ecovacs","https://kickpay.co/activate/ecovacs?source=rewardist","https://c.cfjump.com/Avatars/8df3b8c7-073d-4262-a2cd-2091a40e2c30.png","Home & Furniture","[object Object]","null"
"EHPlabs","ehplabs","https://kickpay.co/activate/ehplabs?source=rewardist","https://c.cfjump.com/Avatars/10403740-07eb-4e65-ac4a-d666e71630aa.png","Beauty & Skincare","[object Object]","null"
"ELK The Label","elk-the-label","https://kickpay.co/activate/elk-the-label?source=rewardist","https://www.google.com/s2/favicons?domain=elkthelabel.com&sz=128","Department Store","[object Object]","null"
"EMU Australia","emu-australia","https://kickpay.co/activate/emu-australia?source=rewardist","https://c.cfjump.com/Avatars/40d5ba90-d663-4872-a509-90f38737de9c.png","Clothing","[object Object]","null"
"ENNI","enni","https://kickpay.co/activate/enni?source=rewardist","https://c.cfjump.com/Avatars/8ca3b7fe-cef7-4132-b2b1-019fd2508e7b.png","Clothing","[object Object]","null"
"EVT Stays","evt-stays","https://kickpay.co/activate/evt-stays?source=rewardist","https://www.google.com/s2/favicons?domain=evtstays.com&sz=128","Finance & Insurance","[object Object]","Flash Sale: Up to 30% off direct bookings. Book 9-13 July 2026 for stays 9 July - 30 Sept 2026. Terms & conditions apply."
"Earfun, Inc","earfun-inc","https://kickpay.co/activate/earfun-inc?source=rewardist","https://ui.awin.com/images/upload/merchant/profile/61233.png","Electronics & Tech","[object Object]","null"
"EaseUS","easeus","https://kickpay.co/activate/easeus?source=rewardist","https://www.google.com/s2/favicons?domain=easeus-software.com&sz=128","Electronics & Tech","[object Object]","Cashback is calculated on the eligible software purchase value reported by EaseUS. Taxes, renewals, upgrades, bundles, coupons and other excluded products may earn a different amount or no cashback."
"EasyClaw","easyclaw","https://kickpay.co/activate/easyclaw?source=rewardist","https://ui.awin.com/images/upload/merchant/profile/126975.png","Electronics & Tech","[object Object]","null"
"Easyship Ambassador Program","easyship-ambassador-program","https://kickpay.co/activate/easyship-ambassador-program?source=rewardist","https://www.google.com/s2/favicons?domain=easyship.com&sz=128","Department Store","[object Object]","Shipping Transaction: 2%
Freemium Subscription: 70%"
"EcoFlow","ecoflow","https://kickpay.co/activate/ecoflow?source=rewardist","https://c.cfjump.com/Avatars/854c6562-08ef-4148-8710-b59381be1ac3.png","Electronics & Tech","[object Object]","null"
"Economy Bookings","economy-bookings","https://kickpay.co/activate/economy-bookings?source=rewardist","https://content.flexlinks.com/SharedImages/ProgramSquareLogo/205692.png","Travel","[object Object]","null"
"EconomyBookings.com","economybookings-com","https://kickpay.co/activate/economybookings-com?source=rewardist","https://www.google.com/s2/favicons?domain=economybookings.com&sz=128","Department Store","[object Object]","null"
"EdenFantasys.com","edenfantasys-com","https://kickpay.co/activate/edenfantasys-com?source=rewardist","https://www.google.com/s2/favicons?domain=edenfantasys.com&sz=128","Department Store","[object Object]","null"
"Edible Beauty Australia","edible-beauty-australia","https://kickpay.co/activate/edible-beauty-australia?source=rewardist","https://c.cfjump.com/Avatars/63b972ef-1027-4857-b6b8-0e2cd9d0d6ab.png","Beauty & Skincare","[object Object]","null"
"Edisons","edisons","https://kickpay.co/activate/edisons?source=rewardist","https://c.cfjump.com/Avatars/504425db-d8e9-4f38-ae67-7c1c20882939.png","Garden & DIY","[object Object]","null"
"Eiderdown Australia","eiderdown-australia","https://kickpay.co/activate/eiderdown-australia?source=rewardist","https://c.cfjump.com/Avatars/6f996d89-bc4f-41aa-b509-d57cd81e7611.png","Home & Furniture","[object Object]","null"
"Elegant Showers AU","elegant-showers-au","https://kickpay.co/activate/elegant-showers-au?source=rewardist","https://ui.awin.com/images/upload/merchant/profile/42012.png","Home & Furniture","[object Object]","null"
"Eleven Oasis","eleven-oasis","https://kickpay.co/activate/eleven-oasis?source=rewardist","https://logo.clearbit.com/elevenoasis.com","Department Store","[object Object]","null"
"Elinz","elinz","https://kickpay.co/activate/elinz?source=rewardist","https://c.cfjump.com/Avatars/23488c66-5d57-4981-89b6-e3eb00e6b407.png","Electronics & Tech","[object Object]","null"
"Elklook Eyewear","elklook-eyewear","https://kickpay.co/activate/elklook-eyewear?source=rewardist","https://ui.awin.com/images/upload/merchant/profile/34145.png","Clothing","[object Object]","null"
"Ella Baché","ella-bache","https://kickpay.co/activate/ella-bache?source=rewardist","https://c.cfjump.com/Avatars/9bf91b59-7396-4dad-9ca1-8f215121797a.png","Beauty & Skincare","[object Object]","null"
"Emma - The Sleep Company","emma-the-sleep-company","https://kickpay.co/activate/emma-the-sleep-company?source=rewardist","https://www.google.com/s2/favicons?domain=emma-sleep.com.au&sz=128","Home & Furniture","[object Object]","null"
"Emma Sleep","emma-sleep","https://kickpay.co/activate/emma-sleep?source=rewardist","https://c.cfjump.com/Avatars/50750ab5-6dce-491d-8b67-9dac94ffabd4.png","Home & Furniture","[object Object]","null"
"Emrald Labs","emrald-labs","https://kickpay.co/activate/emrald-labs?source=rewardist","https://c.cfjump.com/Avatars/3bb62c27-a069-42d4-a233-680d7661fa82.png","Beauty & Skincare","[object Object]","null"
"EndNote","endnote","https://kickpay.co/activate/endnote?source=rewardist","https://www.google.com/s2/favicons?domain=endnote.com&sz=128","Electronics & Tech","[object Object]","Full License: 14%
Upgrade & Student License: 7%
Promotional / List: 0%"
"Endeavour Lotteries","endeavour-lotteries","https://kickpay.co/activate/endeavour-lotteries?source=rewardist","https://c.cfjump.com/Avatars/73f0f384-8bca-452c-92bf-4e696803d39a.png","Entertainment","[object Object]","null"
"Energy Locals","energy-locals","https://kickpay.co/activate/energy-locals?source=rewardist","https://c.cfjump.com/Avatars/193991ce-46b4-46e6-b41b-58d57b9db28e.png","Home & Furniture","[object Object]","null"
"Enjoy the Wood","enjoy-the-wood","https://kickpay.co/activate/enjoy-the-wood?source=rewardist","https://ui.awin.com/images/upload/merchant/profile/26012.png","Home & Furniture","[object Object]","Top affiliates: 12.5%
Default: 10.5%"
"Ergobaby AU","ergobaby-au","https://kickpay.co/activate/ergobaby-au?source=rewardist","https://content.flexlinks.com/SharedImages/ProgramSquareLogo/215299.png","Kids & Baby","[object Object]","null"
"Ergoflex","ergoflex","https://kickpay.co/activate/ergoflex?source=rewardist","https://c.cfjump.com/Avatars/c864168c-fbc5-4731-9eaa-c46e334891b6.png","Home & Furniture","[object Object]","null"
"Erverte Paris","erverte-paris","https://kickpay.co/activate/erverte-paris?source=rewardist","https://ui.awin.com/images/upload/merchant/profile/87255.png","Clothing","[object Object]","null"
"Esd Codes","esd-codes","https://kickpay.co/activate/esd-codes?source=rewardist","https://www.google.com/s2/favicons?domain=esdcodes.com&sz=128","Department Store","[object Object]","null"
"Essteele","essteele","https://kickpay.co/activate/essteele?source=rewardist","https://c.cfjump.com/Avatars/53c59837-8acb-4a50-a88b-76652054054c.png","Home & Furniture","[object Object]","null"
"Estee Lauder AU","estee-lauder-au","https://kickpay.co/activate/estee-lauder-au?source=rewardist","/public-objects/merchant-logos/115790-1786937349803.png","Beauty & Skincare","[object Object]","null"
"Etan Pet Supplies Inc","etan-pet-supplies-inc","https://kickpay.co/activate/etan-pet-supplies-inc?source=rewardist","https://ui.awin.com/images/upload/merchant/profile/95599.png","Pets","[object Object]","null"
"Etihad Airways (Global)","etihad-airways-global","https://kickpay.co/activate/etihad-airways-global?source=rewardist","https://www.google.com/s2/favicons?domain=etihad.com&sz=128","Travel","[object Object]","null"
"EtravelSIM","etravelsim","https://kickpay.co/activate/etravelsim?source=rewardist","https://www.google.com/s2/favicons?domain=etravelsim.com&sz=128","Electronics & Tech","[object Object]","null"
"Eufy AU","eufy-au","https://kickpay.co/activate/eufy-au?source=rewardist","https://www.google.com/s2/favicons?domain=eufy.com&sz=128","Department Store","[object Object]","null"
"Ever New CA","ever-new-ca","https://kickpay.co/activate/ever-new-ca?source=rewardist","/logos/rakuten/ever-new-ca.jpg","Clothing","[object Object]","null"
"EveryPlate AU","everyplate-au","https://kickpay.co/activate/everyplate-au?source=rewardist","https://www.google.com/s2/favicons?domain=everyplate.com.au&sz=128","Department Store","[object Object]","null"
"Evolve Skateboards AU","evolve-skateboards-au","https://kickpay.co/activate/evolve-skateboards-au?source=rewardist","/logos/rakuten/evolve-skateboards-au.png","Sports & Outdoors","[object Object]","null"
"Exclusive Holiday Getaways","exclusive-holiday-getaways","https://kickpay.co/activate/exclusive-holiday-getaways?source=rewardist","https://www.google.com/s2/favicons?domain=exclusiveholidaygetaways.com.au&sz=128","Finance & Insurance","[object Object]","null"
"Expedia AU","expedia-au","https://kickpay.co/activate/expedia-au?source=rewardist","https://ui.awin.com/images/upload/merchant/profile/121720.png","Travel","[object Object]","Cashback varies by booking type. Flights and insurance are not eligible for cashback. Lodging bookings with a coupon code receive 0% cashback."
"Eyewear Index","eyewear-index","https://kickpay.co/activate/eyewear-index?source=rewardist","https://merchant.linksynergy.com/fs/logo/lg_50831","Clothing","[object Object]","null"
"Ezmio","ezmio","https://kickpay.co/activate/ezmio?source=rewardist","https://c.cfjump.com/Avatars/f2f4fa82-48d4-42be-a89e-bef948f24b65.png","Beauty & Skincare","[object Object]","null"
"FC-Moto AUS","fc-moto-aus","https://kickpay.co/activate/fc-moto-aus?source=rewardist","https://content.flexlinks.com/SharedImages/ProgramSquareLogo/181161.png","Clothing","[object Object]","null"
"FENRIR","fenrir","https://kickpay.co/activate/fenrir?source=rewardist","https://ui.awin.com/images/upload/merchant/profile/98159.png","Automotive","[object Object]","null"
"FILA SEA","fila-sea","https://kickpay.co/activate/fila-sea?source=rewardist","https://www.google.com/s2/favicons?domain=fila.com.sg&sz=128","Department Store","[object Object]","null"
"FLEXTAIL","flextail","https://kickpay.co/activate/flextail?source=rewardist","https://www.google.com/s2/favicons?domain=flextail.com&sz=128","Department Store","[object Object]","null"
"FORCAST","forcast","https://kickpay.co/activate/forcast?source=rewardist","https://c.cfjump.com/Avatars/5214125f-4fb8-4691-b43b-7693d6ee6c21.png","Clothing","[object Object]","null"
"FOSSiBOT","fossibot","https://kickpay.co/activate/fossibot?source=rewardist","https://www.google.com/s2/favicons?domain=us.fossibot.com&sz=128","Department Store","[object Object]","null"
"FRANKBROS","frankbros","https://kickpay.co/activate/frankbros?source=rewardist","https://content.flexlinks.com/SharedImages/ProgramSquareLogo/228900.png","Home & Furniture","[object Object]","null"
"Fang Accessories","fang-accessories","https://kickpay.co/activate/fang-accessories?source=rewardist","https://ui.awin.com/images/upload/merchant/profile/128369.png","Clothing","[object Object]","VIP_Tier_20_Percent: 14%
VIP_Tier_15_Percent: 10.5%
Default: 7%"
"FansJerseyHub","fansjerseyhub","https://kickpay.co/activate/fansjerseyhub?source=rewardist","https://ui.awin.com/images/upload/merchant/profile/126139.png","Sports & Outdoors","[object Object]","World Cup 2026: 10.5%
Default: 7%"
"Fast Technology Limited","fast-technology-limited","https://kickpay.co/activate/fast-technology-limited?source=rewardist","https://ui.awin.com/images/upload/merchant/profile/90211.png","Electronics & Tech","[object Object]","90.0 Voucher Rate: 63%
Default: 49%"
"Felix AU","felix-au","https://kickpay.co/activate/felix-au?source=rewardist","https://www.google.com/s2/favicons?domain=felixmobile.com.au&sz=128","Electronics & Tech","[object Object]","null"
"Ferrari","ferrari","https://kickpay.co/activate/ferrari?source=rewardist","https://www.google.com/s2/favicons?domain=store.ferrari.com&sz=128","Clothing","[object Object]","null"
"Fig & Bloom","fig-and-bloom","https://kickpay.co/activate/fig-and-bloom?source=rewardist","https://c.cfjump.com/Avatars/aa641c89-ee0d-4af6-8220-f06112e5d560.png","Gifts & Flowers","[object Object]","null"
"Fila AU","fila-au","https://kickpay.co/activate/fila-au?source=rewardist","https://content.flexlinks.com/SharedImages/ProgramSquareLogo/235915.png","Clothing","[object Object]","null"
"Fire Maple gear","fire-maple-gear","https://kickpay.co/activate/fire-maple-gear?source=rewardist","https://ui.awin.com/images/upload/merchant/profile/37934.png","Kids & Baby","[object Object]","Due to the high value of our tent product, weve adjusted the commission rate for this it... - 194741: 10.5%
generator 8- 200328: 5.5%
Orders that use any publicly available onsite discount codes e.g., HELLO10, fb12, etc. w... - 189018: 3.5%
To ensure fair commission distribution, the first order placed by a customer through you... - 194740: 3.5%
Default: 3.5%
This coupon codes Gordon12, Spackmann, OFFGRIDADVENTURE, ADVOTG , SF10, DPF10, GEARUP10a... - 191866: 0%"
"Fiverr Affiliates (Global Affiliate Program)","fiverr-affiliates-global-affiliate-program","https://kickpay.co/activate/fiverr-affiliates-global-affiliate-program?source=rewardist","https://ui.awin.com/images/upload/merchant/profile/6288.png","Education & Services","[object Object]","Text Message Marketing: $4.90 USD
Community Management: $4.90 USD
Traveling: $4.90 USD
Book Editing: $4.90 USD
Beat Making: $4.90 USD
Game Trailers: $4.90 USD
book and ebook writing: $4.90 USD
UX Writing: $4.90 USD
DJ Mixing: $4.90 USD
Unboxing Videos: $4.90 USD
Branding Services: $4.90 USD
Website Builders and CMS: $4.90 USD
Product Research: $4.90 USD
Portraits and Caricatures: $4.90 USD
Case Studies: $4.90 USD
proofreading and editing: $4.90 USD
Other x: $4.90 USD
SEO: $4.90 USD
Character Animation: $4.90 USD
packaging design: $4.90 USD
Cybersecurity and Data Protection: $4.90 USD
Surveys: $4.90 USD
Book Design: $4.90 USD
Modeling & Acting: $4.90 USD
Cartoons and Comics: $4.90 USD
Beta Reading: $4.90 USD
Customer Care: $4.90 USD
Email Marketing: $4.90 USD
Social Media Copy: $4.90 USD
Video Editing: $4.90 USD
Family and Genealogy: $4.90 USD
Market Research: $4.90 USD
ecommerce development: $4.90 USD
Personal Stylists: $4.90 USD
ecommerce marketing: $4.90 USD
Character Modeling: $4.90 USD
Other 5: $4.90 USD
Web Banners: $4.90 USD
Invitation Design: $4.90 USD
Desktop Applications: $4.90 USD
Speechwriting: $4.90 USD
Book Trailers: $4.90 USD
Fashion Design: $4.90 USD
Logo Design: $4.90 USD
Project Management: $4.90 USD
Book & eBook Marketing: $4.90 USD
Synth Presets: $4.90 USD
Affiliate Marketing: $4.90 USD
illustration: $4.90 USD
Video Marketing: $4.90 USD
Spiritual and Healing: $4.90 USD
LinkedIn Profiles: $4.90 USD
Domain Research: $4.90 USD
Other 1: $4.90 USD
Databases 2: $4.90 USD
Viral Videos: $4.90 USD
Music Transcription: $4.90 USD
Web Analytics: $4.90 USD
Sales Copy: $4.90 USD
Financial Consulting: $4.90 USD
PRO 1: $4.90 USD
Producers and Composers: $4.90 USD
Infographic Design: $4.90 USD
Data Analysis & Reports: $4.90 USD
Podcast Marketing: $4.90 USD
Game Concept Design: $4.90 USD
Lottie & Website Animation: $4.90 USD
Chatbots: $4.90 USD
translation: $4.90 USD
Graphics for Streamers: $4.90 USD
Legal Writing: $4.90 USD
Creative Writing: $4.90 USD
Transcripts: $4.90 USD
Life Coaching: $4.90 USD
Trade Booth Design: $4.90 USD
Animated GIFs: $4.90 USD
DJ Drops & Tags: $4.90 USD
Fitness Lessons: $4.90 USD
Data Processing: $4.90 USD
Greeting Cards and Videos: $4.90 USD
Celebrity Impersonators: $4.90 USD
Career Counseling: $4.90 USD
Press Releases: $4.90 USD
Other 7: $4.90 USD
User Testing: $4.90 USD
Your Message On..: $4.90 USD
Cooking Lessons: $4.90 USD
Mobile App Marketing: $4.90 USD
Live Action Explainers: $4.90 USD
Business Names and Slogans: $4.90 USD
Brand Style Guides: $4.90 USD
product descriptions: $4.90 USD
mobile apps: $4.90 USD
Catalog Design: $4.90 USD
QA & Review: $4.90 USD
Other 2: $4.90 USD
Research and Summaries: $4.90 USD
Postcard Design: $4.90 USD
Arts and Crafts: $4.90 USD
Signage Design: $4.90 USD
Local SEO: $4.90 USD
Brand Voice and Tone: $4.90 USD
Ad Copy: $4.90 USD
Social Media Marketing: $4.90 USD
Influencer Marketing: $4.90 USD
Local Photography: $4.90 USD
E-Commerce Management: $4.90 USD
Pattern Design: $4.90 USD
Audiobook Production: $4.90 USD
Email Copy: $4.90 USD
virtual assistant: $4.90 USD
Wordpress: $4.90 USD
Building Information Modeling: $4.90 USD
Online Coding Lessons: $4.90 USD
Songwriters: $4.90 USD
Gaming: $4.90 USD
Online Language Lessons: $4.90 USD
Supply Chain Management: $4.90 USD
HR Consulting: $4.90 USD
Poster Design: $4.90 USD
Technical Writing: $4.90 USD
Social Media Advertising: $4.90 USD
Lyric and Music Videos: $4.90 USD
Other: $4.90 USD
TShirts and Merchandise: $4.90 USD
Session Musicians: $4.90 USD
Business Cards and Stationery: $4.90 USD
Flyer Distribution: $4.90 USD
Photoshop Editing: $4.90 USD
Craft Lessons: $4.90 USD
Scriptwriting: $4.90 USD
eLearning Content Development: $4.90 USD
Animation for Kids: $4.90 USD
Presentation Design: $4.90 USD
Podcast Editing: $4.90 USD
architecture and interior design: $4.90 USD
Subtitles and Captions: $4.90 USD
Intros and Outros: $4.90 USD
Drone Videography: $4.90 USD
Marketing Strategy: $4.90 USD
Jewelry Design: $4.90 USD
Resume Writing: $4.90 USD
Storyboards: $4.90 USD
Menu Design: $4.90 USD
game development: $4.90 USD
Vector Tracing: $4.90 USD
Podcast Writing: $4.90 USD
Collectibles: $4.90 USD
Content Marketing: $4.90 USD
web programming: $4.90 USD
SEM: $4.90 USD
whiteboard and animated explainers: $4.90 USD
Convert Files: $4.90 USD
Cover Letters: $4.90 USD
Other 4: $4.90 USD
Public Relations: $4.90 USD
Visual Effects: $4.90 USD
Dialogue Editing: $4.90 USD
Social Media Design: $4.90 USD
Vocal Tuning: $4.90 USD
Support and IT: $4.90 USD
Data Analytics: $4.90 USD
Remixing & Mashups: $4.90 USD
3D Product Animation: $4.90 USD
business plans: $4.90 USD
App and Website Previews: $4.90 USD
Resume Design: $4.90 USD
website content: $4.90 USD
Industrial & Product Design: $4.90 USD
AR Filters & Lenses: $4.90 USD
Other 3: $4.90 USD
Logo Maker: $4.90 USD
Development for Streamers: $4.90 USD
Landscape Design: $4.90 USD
Screencasting Videos: $4.90 USD
Jingles & Intros: $4.90 USD
Article to Video: $4.90 USD
web and mobile design: $4.90 USD
Audio Ads Production: $4.90 USD
Crowdfunding: $4.90 USD
short video ads: $4.90 USD
Mixing and Mastering: $4.90 USD
Website Development: $4.90 USD
Business Consulting: $4.90 USD
Animation for Streamers: $4.90 USD
Flyer Design: $4.90 USD
Slideshow Videos: $4.90 USD
Spokespersons Videos: $4.90 USD
Display Advertising: $4.90 USD
White Papers: $4.90 USD
Other 8: $4.90 USD
Lead Generation: $4.90 USD
Health Nutrition and Fitness: $4.90 USD
Web Traffic: $4.90 USD
Online Music Lessons: $4.90 USD
Music Promotion: $4.90 USD
eLearning Video Production: $4.90 USD
Album Cover Design: $4.90 USD
Product Photography: $4.90 USD
Data Visualization: $4.90 USD
Data Entry: $4.90 USD
Online Lessons: $4.90 USD
Car Wraps: $4.90 USD
Real Estate Promos: $4.90 USD
Tattoo Design: $4.90 USD
voice over: $4.90 USD
Fan Pages: $4.90 USD
Astrology and Readings: $4.90 USD
Podcast Cover Art: $4.90 USD
Databases: $4.90 USD
Legal Consulting: $4.90 USD
Pranks and Stunts: $4.90 USD
Data Entry 2: $4.90 USD
Presentations: $4.90 USD
Game Art: $4.90 USD
articles and blog posts: $4.90 USD
Business Copywriting: $4.90 USD
Data Science: $4.90 USD
Grant Writing: $4.90 USD
Brochure Design: $4.90 USD
Sound Design: $4.90 USD
Singers and Vocalists: $4.90 USD
Logo Animation: $4.90 USD
DEFAULT: $4.90 USD"
"Flated","flated","https://kickpay.co/activate/flated?source=rewardist","https://www.google.com/s2/favicons?domain=getflated.com&sz=128","Department Store","[object Object]","null"
"FlexiSpot - AU","flexispot-au","https://kickpay.co/activate/flexispot-au?source=rewardist","https://www.google.com/s2/favicons?domain=flexispot.au&sz=128","Department Store","[object Object]","null"
"Flight Centre Australia","flight-centre-australia","https://kickpay.co/activate/flight-centre-australia?source=rewardist","https://www.google.com/s2/favicons?domain=flightcentre.com.au&sz=128","Travel","[object Object]","null"
"Flo & Frankie","flo-and-frankie","https://kickpay.co/activate/flo-and-frankie?source=rewardist","https://c.cfjump.com/Avatars/4d9be6da-e013-4bf8-811b-7c1f41d2318e.png","Clothing","[object Object]","null"
"Flora and Fauna","flora-and-fauna","https://kickpay.co/activate/flora-and-fauna?source=rewardist","https://c.cfjump.com/Avatars/2839c025-e80a-4a23-9477-e7ecfb1e6de7.png","Beauty & Skincare","[object Object]","null"
"Florsheim AU","florsheim-au","https://kickpay.co/activate/florsheim-au?source=rewardist","/logos/rakuten/florsheim-au.jpg","Clothing","[object Object]","null"
"Fogatti","fogatti","https://kickpay.co/activate/fogatti?source=rewardist","https://www.google.com/s2/favicons?domain=fogattiliving.com&sz=128","Department Store","[object Object]","null"
"Football Tickets Colombia","football-tickets-colombia","https://kickpay.co/activate/football-tickets-colombia?source=rewardist","https://www.google.com/s2/favicons?domain=footballticketscolombia.com&sz=128","Department Store","[object Object]","null"
"Foreo","foreo","https://kickpay.co/activate/foreo?source=rewardist","https://c.cfjump.com/Avatars/db1e4773-7fac-4757-8328-4dd075f39707.png","Beauty & Skincare","[object Object]","null"
"Fortunate One","fortunate-one","https://kickpay.co/activate/fortunate-one?source=rewardist","https://c.cfjump.com/Avatars/967dd2fc-5db5-473f-b830-11eb661f3f90.png","Clothing","[object Object]","null"
"FragranceShop.com","fragranceshop-com","https://kickpay.co/activate/fragranceshop-com?source=rewardist","https://www.google.com/s2/favicons?domain=fragranceshop.com&sz=128","Department Store","[object Object]","null"
"Frank and Beans","frank-and-beans","https://kickpay.co/activate/frank-and-beans?source=rewardist","https://c.cfjump.com/Avatars/b980a035-e654-4736-99ef-13b70e663ca3.png","Clothing","[object Object]","null"
"Frankie and Co","frankie-and-co","https://kickpay.co/activate/frankie-and-co?source=rewardist","https://c.cfjump.com/Avatars/4956519d-da6e-437e-95c0-30bac01c9dce.png","Clothing","[object Object]","null"
"Freddy Store","freddy-store","https://kickpay.co/activate/freddy-store?source=rewardist","https://c.cfjump.com/Avatars/af190883-89fa-430f-a5d6-5f3ad880b669.png","Clothing","[object Object]","null"
"Freely Travel Insurance","freely-travel-insurance","https://kickpay.co/activate/freely-travel-insurance?source=rewardist","https://content.flexlinks.com/SharedImages/ProgramSquareLogo/234978.png","Travel","[object Object]","null"
"Fresh Beauty Co.","fresh-beauty-co","https://kickpay.co/activate/fresh-beauty-co?source=rewardist","https://c.cfjump.com/Avatars/70543259-c12c-44ef-8417-3fb89a5b5559.png","Beauty & Skincare","[object Object]","null"
"Fusion Living","fusion-living","https://kickpay.co/activate/fusion-living?source=rewardist","https://content.flexlinks.com/SharedImages/ProgramSquareLogo/213312.png","Home & Furniture","[object Object]","null"
"G-Star RAW","g-star-raw","https://kickpay.co/activate/g-star-raw?source=rewardist","null","Clothing","[object Object]","null"
"G-Star RAW Outlet","g-star-raw-outlet","https://kickpay.co/activate/g-star-raw-outlet?source=rewardist","null","Clothing","[object Object]","null"
"GAMIVO INT","gamivo-int","https://kickpay.co/activate/gamivo-int?source=rewardist","https://www.google.com/s2/favicons?domain=gamivo.com&sz=128","Department Store","[object Object]","null"
"GINGER&ME","ginger-and-me","https://kickpay.co/activate/ginger-and-me?source=rewardist","https://c.cfjump.com/Avatars/f3e7fba7-cc13-4ee0-a6ad-c74909e0666c.png","Beauty & Skincare","[object Object]","null"
"GOL Linhas Aereas (Global)","gol-linhas-aereas-global","https://kickpay.co/activate/gol-linhas-aereas-global?source=rewardist","https://ui.awin.com/images/upload/merchant/profile/32843.png","Travel","[object Object]","null"
"Gamivo Global","gamivo-global","https://kickpay.co/activate/gamivo-global?source=rewardist","https://www.google.com/s2/favicons?domain=gamivo.com&sz=128","Finance & Insurance","[object Object]","null"
"Gangsters and Ghosts","gangsters-and-ghosts","https://kickpay.co/activate/gangsters-and-ghosts?source=rewardist","https://ui.awin.com/images/upload/merchant/profile/121254.png","Travel","[object Object]","null"
"Garner Supply","garner-supply","https://kickpay.co/activate/garner-supply?source=rewardist","https://ui.awin.com/images/upload/merchant/profile/116025.png","Department Store","[object Object]","null"
"GearUP","gearup","https://kickpay.co/activate/gearup?source=rewardist","https://www.google.com/s2/favicons?domain=gearupbooster.com&sz=128","Department Store","[object Object]","null"
"Geek Crate","geek-crate","https://kickpay.co/activate/geek-crate?source=rewardist","https://ui.awin.com/images/upload/merchant/profile/44871.png","Kids & Baby","[object Object]","null"
"GeekBuying","geekbuying","https://kickpay.co/activate/geekbuying?source=rewardist","https://www.google.com/s2/favicons?domain=geekbuying.com&sz=128","Department Store","[object Object]","null"
"GeekShare","geekshare","https://kickpay.co/activate/geekshare?source=rewardist","https://ui.awin.com/images/upload/merchant/profile/124946.png","Entertainment","[object Object]","null"
"Get Wines Direct","get-wines-direct","https://kickpay.co/activate/get-wines-direct?source=rewardist","https://content.flexlinks.com/SharedImages/ProgramSquareLogo/180832.png","Food & Drink","[object Object]","null"
"Gift Card Store","gift-card-store","https://kickpay.co/activate/gift-card-store?source=rewardist","https://c.cfjump.com/Avatars/4257d237-d919-47ba-829d-bdc181e7a560.png","Gifts & Flowers","[object Object]","null"
"GiftBox","giftbox","https://kickpay.co/activate/giftbox?source=rewardist","https://c.cfjump.com/Avatars/bc02e577-694a-4a4a-945b-9904e60c6b2b.png","Gifts & Flowers","[object Object]","null"
"Giftz","giftz","https://kickpay.co/activate/giftz?source=rewardist","https://merchant.linksynergy.com/fs/logo/lg_50164","Clothing","[object Object]","Product-level exclusions apply. Check this list before shopping.
Cashback is not available on these Giftz gift-card products:
• Category Choice range
• Officeworks
• Giftz-branded gift card
• all Activ Visa variations
• Spending Money Mastercard
• Pocket Money Mastercard
• Appliances Online
• Bunnings
• BIG W
• BWS
• EG Fuel Card
• Dan Murphy’s
• Woolworths Supermarket
• Everyday WISH
• Harvey Norman
• Flight Centre
• Total Tools
Giftz says this exclusion list may change without notice."
"Gilt & Gilt City","gilt-and-gilt-city","https://kickpay.co/activate/gilt-and-gilt-city?source=rewardist","https://www.google.com/s2/favicons?domain=gilt.com&sz=128","Department Store","[object Object]","null"
"Giraffe Tools Inc.","giraffe-tools-inc","https://kickpay.co/activate/giraffe-tools-inc?source=rewardist","https://ui.awin.com/images/upload/merchant/profile/76248.png","Home & Furniture","[object Object]","Default: 3.5%
Updated Coupon Codes List - Please do not use these coupon codes. - 160864: 0%"
"Glow Collection","glow-collection","https://kickpay.co/activate/glow-collection?source=rewardist","https://c.cfjump.com/Avatars/be43bddb-f3bd-4941-b83a-ad1fec27f007.png","Home & Furniture","[object Object]","null"
"Golden Maple","golden-maple","https://kickpay.co/activate/golden-maple?source=rewardist","https://ui.awin.com/images/upload/merchant/profile/124092.png","Garden & DIY","[object Object]","VIP 1: 5%
Default: 3.5%"
"Goldfield & Banks","goldfield-and-banks","https://kickpay.co/activate/goldfield-and-banks?source=rewardist","https://c.cfjump.com/Avatars/69bfe454-a705-4fc6-9ab5-cfd16e8c5899.png","Beauty & Skincare","[object Object]","null"
"Goo Goo Hair (Global)","goo-goo-hair-global","https://kickpay.co/activate/goo-goo-hair-global?source=rewardist","https://content.flexlinks.com/SharedImages/ProgramSquareLogo/245950.png","Beauty & Skincare","[object Object]","null"
"Good Buyz","good-buyz","https://kickpay.co/activate/good-buyz?source=rewardist","https://c.cfjump.com/Avatars/033eeeb6-ccc4-47c8-b859-54a5c137f590.png","Electronics & Tech","[object Object]","null"
"Good Morning Snore Solution®","good-morning-snore-solution","https://kickpay.co/activate/good-morning-snore-solution?source=rewardist","https://ui.awin.com/images/upload/merchant/profile/52047.png","Beauty & Skincare","[object Object]","null"
"Gourmet Basket","gourmet-basket","https://kickpay.co/activate/gourmet-basket?source=rewardist","https://c.cfjump.com/Avatars/ccebe77d-3a91-4831-a49e-f93cd08b7813.png","Gifts & Flowers","[object Object]","null"
"Gourmet Gift Basket Store","gourmet-gift-basket-store","https://kickpay.co/activate/gourmet-gift-basket-store?source=rewardist","https://ui.awin.com/images/upload/merchant/profile/33247.png","Gifts & Flowers","[object Object]","Content Publishers: 10.5%
Corporate Gift Publishers: 10.5%
Default: 7%
Coupon Sites: 5.5%
Loyalty & Cashback: 4%"
"Groupon AU","groupon-au","https://kickpay.co/activate/groupon-au?source=rewardist","https://ui.awin.com/images/upload/merchant/profile/117589.png","Department Store","[object Object]","NEW_LOCAL: 5%
NEW_TRAVEL: 5%
NEW_CSSNONCOMM: 5%
Default: 4%
NEW_GOODS: 2%
EXISTING_LOCAL: 0.5%
EXISTING_TRAVEL: 0.5%
EXISTING_GOODS: 0.5%
EXISTING_CSSNONCOMM: 0.5%
NONCOMMISSIONABLE: 0%"
"Grown Alchemist AU","grown-alchemist-au","https://kickpay.co/activate/grown-alchemist-au?source=rewardist","https://content.flexlinks.com/SharedImages/ProgramSquareLogo/235914.png","Beauty & Skincare","[object Object]","null"
"Gym Plus Australia","gym-plus-australia","https://kickpay.co/activate/gym-plus-australia?source=rewardist","https://c.cfjump.com/Avatars/ed0225fc-f481-4458-9168-32f005088a0f.png","Sports & Outdoors","[object Object]","null"
"H&R Block","h-and-r-block","https://kickpay.co/activate/h-and-r-block?source=rewardist","https://content.flexlinks.com/SharedImages/ProgramSquareLogo/156923.png","Education & Services","[object Object]","null"
"HIZERO Australia","hizero-australia","https://kickpay.co/activate/hizero-australia?source=rewardist","https://c.cfjump.com/Avatars/72d92039-21f2-432e-b162-fec8db72559b.png","Home & Furniture","[object Object]","null"
"HOMELEADER INC","homeleader-inc","https://kickpay.co/activate/homeleader-inc?source=rewardist","https://ui.awin.com/images/upload/merchant/profile/113750.png","Home & Furniture","[object Object]","null"
"HOPR","hopr","https://kickpay.co/activate/hopr?source=rewardist","https://c.cfjump.com/Avatars/8ef1abd9-210a-4f53-94ae-0cc9cea393c9.png","Food & Drink","[object Object]","null"
"HTVRont","htvront","https://kickpay.co/activate/htvront?source=rewardist","https://ui.awin.com/images/upload/merchant/profile/68106.png","Home & Furniture","[object Object]","LinkPrefer: 10.5%
Phia: 10.5%
Couponology: 9%
Rewardoo: 9%
Coupert: 8.5%
Linkhaitao: 7.5%
daddycoupon: 7%
Top pubblisher: 5.5%
Transact media: 5.5%
Growth Publishers: 5%
Other / New Publishers: 4%
Standard Publishers: 4%
Default: 4%"
"Hailuo AI","hailuo-ai","https://kickpay.co/activate/hailuo-ai?source=rewardist","https://www.google.com/s2/favicons?domain=hailuoai.video&sz=128","Department Store","[object Object]","null"
"Happy Healthy You","happy-healthy-you","https://kickpay.co/activate/happy-healthy-you?source=rewardist","https://c.cfjump.com/Avatars/2cd97672-6546-4725-af4c-2d49b74df646.png","Beauty & Skincare","[object Object]","null"
"Happy Mammoth","happy-mammoth","https://kickpay.co/activate/happy-mammoth?source=rewardist","https://c.cfjump.com/Avatars/2d823298-da45-49e5-ad65-4961cc121ea8.png","Beauty & Skincare","[object Object]","null"
"Harris Scarfe","harris-scarfe","https://kickpay.co/activate/harris-scarfe?source=rewardist","https://c.cfjump.com/Avatars/93e278e7-74c6-4827-b07a-628da967499b.png","Department Store","[object Object]","null"
"Havaianas APAC","havaianas-apac","https://kickpay.co/activate/havaianas-apac?source=rewardist","https://www.google.com/s2/favicons?domain=havaianas.com&sz=128","Department Store","[object Object]","null"
"Hawkers AU","hawkers-au","https://kickpay.co/activate/hawkers-au?source=rewardist","https://ui.awin.com/images/upload/merchant/profile/19692.png","Clothing","[object Object]","BRATELBORO: 7%
HAWKERS: 7%
NORTHWEEK: 7%
Default: 7%"
"Health Supplements","health-supplements","https://kickpay.co/activate/health-supplements?source=rewardist","https://c.cfjump.com/Avatars/d1c68194-257d-4428-ae8f-65851c5b10ec.png","Beauty & Skincare","[object Object]","null"
"HealthCabin","healthcabin","https://kickpay.co/activate/healthcabin?source=rewardist","https://ui.awin.com/images/upload/merchant/profile/103357.png","Food & Drink","[object Object]","null"
"HealthPost","healthpost","https://kickpay.co/activate/healthpost?source=rewardist","https://c.cfjump.com/Avatars/1223b419-b9bd-46f8-b8e6-b43c0a93ba7d.png","Beauty & Skincare","[object Object]","null"
"Hear-Better.Com","hear-better-com","https://kickpay.co/activate/hear-better-com?source=rewardist","https://ui.awin.com/images/upload/merchant/profile/88435.png","Electronics & Tech","[object Object]","null"
"HelloFresh Australia","hellofresh-australia","https://kickpay.co/activate/hellofresh-australia?source=rewardist","https://www.google.com/s2/favicons?domain=hellofresh.com.au&sz=128","Department Store","[object Object]","Special HelloFresh campaign offer verified Aug 2026. New subscribers get up to $230 off their first HelloFresh boxes through this link. On top of that, Kick earns a commission from HelloFresh and passes 70% of it directly to you as cashback — credited once your order is confirmed."
"HelloSafe","hellosafe","https://kickpay.co/activate/hellosafe?source=rewardist","https://ui.awin.com/images/upload/merchant/profile/128757.png","Finance & Insurance","[object Object]","null"
"Helly Hansen Australia","helly-hansen-australia","https://kickpay.co/activate/helly-hansen-australia?source=rewardist","https://c.cfjump.com/Avatars/63407452-7a7d-4a8d-a3ee-1e4be2a48f49.png","Clothing","[object Object]","null"
"Hewi","hewi","https://kickpay.co/activate/hewi?source=rewardist","https://www.google.com/s2/favicons?domain=hardlyeverwornit.com&sz=128","Department Store","[object Object]","New Customers: 4%
Online Sale: 3%"
"Heychic","heychic","https://kickpay.co/activate/heychic?source=rewardist","https://c.cfjump.com/Avatars/6c4d2a35-c777-4a3f-baf1-d1a8d12f0900.png","Clothing","[object Object]","null"
"Hilton Honors Rewards - Points.com","hilton-honors-rewards-points-com","https://kickpay.co/activate/hilton-honors-rewards-points-com?source=rewardist","https://www.google.com/s2/favicons?domain=points.com&sz=128","Department Store","[object Object]","null"
"Holafly","holafly","https://kickpay.co/activate/holafly?source=rewardist","https://www.google.com/s2/favicons?domain=esim.holafly.com&sz=128","Department Store","[object Object]","⚠️ New customers only. Returning Holafly customers may not receive cashback per network terms."
"Holiday.com","holiday-com","https://kickpay.co/activate/holiday-com?source=rewardist","/public-objects/merchant-logos/107872-1786199658902.gif","Education & Services","[object Object]","null"
"Homary International Limited","homary-international-limited","https://kickpay.co/activate/homary-international-limited?source=rewardist","https://ui.awin.com/images/upload/merchant/profile/91447.png","Home & Furniture","[object Object]","7%-default: 3%
coupon/cashback-4%: 3%
Default: 3%"
"Homary.com","homary-com","https://kickpay.co/activate/homary-com?source=rewardist","https://www.google.com/s2/favicons?domain=homary.com&sz=128","Department Store","[object Object]","null"
"HomeAway Australia","homeaway-australia","https://kickpay.co/activate/homeaway-australia?source=rewardist","https://www.google.com/s2/favicons?domain=vrbo.com&sz=128","Pets","[object Object]","null"
"HomeAway Australia","homeaway-australia","https://kickpay.co/activate/homeaway-australia?source=rewardist","https://www.google.com/s2/favicons?domain=stayz.com.au&sz=128","Department Store","[object Object]","null"
"Honcho","honcho","https://kickpay.co/activate/honcho?source=rewardist","https://c.cfjump.com/Avatars/4fcefaa3-1aad-4347-8467-44176ac504a0.png","Office & Print","[object Object]","null"
"Hong Kong Black Mamba Trading Limited","hong-kong-black-mamba-trading-limited","https://kickpay.co/activate/hong-kong-black-mamba-trading-limited?source=rewardist","https://www.google.com/s2/favicons?domain=meedogroup.com&sz=128","Department Store","[object Object]","null"
"Hotel Collection","hotel-collection","https://kickpay.co/activate/hotel-collection?source=rewardist","https://www.google.com/s2/favicons?domain=hotelcollection.com&sz=128","Department Store","[object Object]","null"
"Hotels.com AU","hotels-com-au","https://kickpay.co/activate/hotels-com-au?source=rewardist","https://ui.awin.com/images/upload/merchant/profile/121724.png","Travel","[object Object]","Conventional Lodging: 3%
Lodging: 3%
Activity: 3%
Vacation Rental: 1.5%
Package: 1.5%
Default: 1.5%
Car: 1%
Conventional Lodging Coupon: 0%
Vacation Rental Coupon: 0%
Lodging Coupon: 0%
Car Coupon: 0%
Flight: 0%"
"House","house","https://kickpay.co/activate/house?source=rewardist","https://c.cfjump.com/Avatars/b92d5283-7af1-45a8-bf2a-a739a973f025.png","Home & Furniture","[object Object]","null"
"House-of-Sneakers DE","house-of-sneakers-de","https://kickpay.co/activate/house-of-sneakers-de?source=rewardist","https://ui.awin.com/images/upload/merchant/profile/114336.png","Shoes","[object Object]","null"
"Hugrug.co.uk","hugrug-co-uk","https://kickpay.co/activate/hugrug-co-uk?source=rewardist","https://ui.awin.com/images/upload/merchant/profile/120027.png","Home & Furniture","[object Object]","Default: 5%
Voucher: 0.5%"
"HyNote AI","hynote-ai","https://kickpay.co/activate/hynote-ai?source=rewardist","https://www.google.com/s2/favicons?domain=hynote.ai&sz=128","Department Store","[object Object]","null"
"I Love Linen AU","i-love-linen-au","https://kickpay.co/activate/i-love-linen-au?source=rewardist","https://content.flexlinks.com/SharedImages/ProgramSquareLogo/234960.png","Home & Furniture","[object Object]","null"
"IHG Rewards Club - Points.com","ihg-rewards-club-points-com","https://kickpay.co/activate/ihg-rewards-club-points-com?source=rewardist","https://www.google.com/s2/favicons?domain=points.com&sz=128","Department Store","[object Object]","null"
"INIKA Organic","inika-organic","https://kickpay.co/activate/inika-organic?source=rewardist","https://www.google.com/s2/favicons?domain=inikaorganic.com&sz=128","Beauty & Skincare","[object Object]","null"
"INIU","iniu","https://kickpay.co/activate/iniu?source=rewardist","https://ui.awin.com/images/upload/merchant/profile/62773.png","Electronics & Tech","[object Object]","null"
"INTERSPORT Australia","intersport-australia","https://kickpay.co/activate/intersport-australia?source=rewardist","https://c.cfjump.com/Avatars/da33861d-2970-40db-84ad-f659d8692993.png","Sports & Outdoors","[object Object]","null"
"IceVPN","icevpn","https://kickpay.co/activate/icevpn?source=rewardist","https://www.google.com/s2/favicons?domain=icevpn.com&sz=128","Department Store","[object Object]","null"
"Ikkari.com.au","ikkari-com-au","https://kickpay.co/activate/ikkari-com-au?source=rewardist","https://content.flexlinks.com/SharedImages/ProgramSquareLogo/232510.png","Beauty & Skincare","[object Object]","null"
"Imou FR","imou-fr","https://kickpay.co/activate/imou-fr?source=rewardist","https://ui.awin.com/images/upload/merchant/profile/122426.png","Home & Furniture","[object Object]","Cruiser Z 13%: 9%
pet feeder 13%: 9%
cell 3c 13%: 9%
cell go 13%: 9%
cruiser 2 13%: 9%
Default: 5.5%
returning 5%: 3.5%"
"In Essence","in-essence","https://kickpay.co/activate/in-essence?source=rewardist","https://c.cfjump.com/Avatars/f90033a2-4de9-4312-826e-9eab97543a0d.png","Beauty & Skincare","[object Object]","null"
"InStarem","instarem","https://kickpay.co/activate/instarem?source=rewardist","https://www.google.com/s2/favicons?domain=instarem.com&sz=128","Finance & Insurance","[object Object]","null"
"Indeed AU","indeed-au","https://kickpay.co/activate/indeed-au?source=rewardist","https://content.flexlinks.com/SharedImages/ProgramSquareLogo/242660.png","Education & Services","[object Object]","null"
"Ingenia Holiday Parks","ingenia-holiday-parks","https://kickpay.co/activate/ingenia-holiday-parks?source=rewardist","https://c.cfjump.com/Avatars/8eee111e-4ceb-4aa4-9443-873019f1e389.png","Travel","[object Object]","null"
"Ink Station","ink-station","https://kickpay.co/activate/ink-station?source=rewardist","https://c.cfjump.com/Avatars/0c625885-ac5e-4f56-b123-6c58beacc10b.png","Office & Print","[object Object]","null"
"Inkspot","inkspot","https://kickpay.co/activate/inkspot?source=rewardist","https://c.cfjump.com/Avatars/187fd627-7c7e-4541-b0c6-88fc12ecce7a.png","Office & Print","[object Object]","null"
"Innoxa Australia","innoxa-australia","https://kickpay.co/activate/innoxa-australia?source=rewardist","https://c.cfjump.com/Avatars/07ee5123-2f02-44e8-aa3a-09f42539d38d.png","Beauty & Skincare","[object Object]","null"
"Insta360","insta360","https://kickpay.co/activate/insta360?source=rewardist","https://www.google.com/s2/favicons?domain=store.insta360.com&sz=128","Department Store","[object Object]","null"
"Insure&Go Travel Insurance","insure-and-go-travel-insurance","https://kickpay.co/activate/insure-and-go-travel-insurance?source=rewardist","https://c.cfjump.com/Avatars/ff1dc1e8-5fc4-4b58-84d5-f2b32df635dc.png","Finance & Insurance","[object Object]","null"
"Intelligentsia Coffee, Inc.","intelligentsia-coffee-inc","https://kickpay.co/activate/intelligentsia-coffee-inc?source=rewardist","https://ui.awin.com/images/upload/merchant/profile/35273.png","Food & Drink","[object Object]","Subscriptions: 17.5%
New Customers: 14%
Default: 7%
Existing Customers: 3%"
"Interior Secrets","interior-secrets","https://kickpay.co/activate/interior-secrets?source=rewardist","https://c.cfjump.com/Avatars/5408b138-d078-49ce-aaef-81d87877d1fb.png","Home & Furniture","[object Object]","null"
"International Open Academy","international-open-academy","https://kickpay.co/activate/international-open-academy?source=rewardist","https://www.google.com/s2/favicons?domain=internationalopenacademy.com&sz=128","Department Store","[object Object]","null"
"IntoleranceLab","intolerancelab","https://kickpay.co/activate/intolerancelab?source=rewardist","https://ui.awin.com/images/upload/merchant/profile/83079.png","Beauty & Skincare","[object Object]","PPC: 28%
Content : 21%
BAseline : 10.5%
Default: 10.5%
Coupons : 3%"
"Italist Inc.","italist-inc","https://kickpay.co/activate/italist-inc?source=rewardist","https://www.google.com/s2/favicons?domain=italist.com&sz=128","Department Store","[object Object]","null"
"JBL Australia","jbl-australia","https://kickpay.co/activate/jbl-australia?source=rewardist","https://merchant.linksynergy.com/fs/logo/lg_43240.jpg","Electronics & Tech","[object Object]","null"
"JDM Military GLOBAL","jdm-military-global","https://kickpay.co/activate/jdm-military-global?source=rewardist","https://ui.awin.com/images/upload/merchant/profile/127919.png","Jewellery & Watches","[object Object]","null"
"JLo Beauty","jlo-beauty","https://kickpay.co/activate/jlo-beauty?source=rewardist","https://merchant.linksynergy.com/fs/logo/lg_53046","Beauty & Skincare","[object Object]","null"
"JMGO","jmgo","https://kickpay.co/activate/jmgo?source=rewardist","https://www.google.com/s2/favicons?domain=global.jmgo.com&sz=128","Department Store","[object Object]","Online Sale-EU: 2%
Online Sale: 2%"
"JOUJOU","joujou","https://kickpay.co/activate/joujou?source=rewardist","https://c.cfjump.com/Avatars/6fd20452-e2e7-445e-a6ef-92134f3b19a8.png","Clothing","[object Object]","null"
"JSHealth AU","jshealth-au","https://kickpay.co/activate/jshealth-au?source=rewardist","https://content.flexlinks.com/SharedImages/ProgramSquareLogo/244006.png","Health & Wellness","[object Object]","null"
"JW Computers","jw-computers","https://kickpay.co/activate/jw-computers?source=rewardist","https://c.cfjump.com/Avatars/c572bc7f-d9d3-4377-88b2-446acf42f8c6.png","Electronics & Tech","[object Object]","null"
"JYM Supplement Science","jym-supplement-science","https://kickpay.co/activate/jym-supplement-science?source=rewardist","https://www.google.com/s2/favicons?domain=jymsupplementscience.com&sz=128","Health & Wellness","[object Object]","null"
"Jackery NL","jackery-nl","https://kickpay.co/activate/jackery-nl?source=rewardist","https://www.google.com/s2/favicons?domain=nl.jackery.com&sz=128","Department Store","[object Object]","null"
"Jacques du Manoir GLOBAL","jacques-du-manoir-global","https://kickpay.co/activate/jacques-du-manoir-global?source=rewardist","https://ui.awin.com/images/upload/merchant/profile/116589.png","Clothing","[object Object]","null"
"JetBlue TrueBlue - Points.com","jetblue-trueblue-points-com","https://kickpay.co/activate/jetblue-trueblue-points-com?source=rewardist","https://www.google.com/s2/favicons?domain=points.com&sz=128","Department Store","[object Object]","null"
"Jo Mercer","jo-mercer","https://kickpay.co/activate/jo-mercer?source=rewardist","https://content.flexlinks.com/SharedImages/ProgramSquareLogo/180525.png","Clothing","[object Object]","null"
"Johnny Bigg AU","johnny-bigg-au","https://kickpay.co/activate/johnny-bigg-au?source=rewardist","https://content.flexlinks.com/SharedImages/ProgramSquareLogo/172437.png","Clothing","[object Object]","null"
"Joonya","joonya","https://kickpay.co/activate/joonya?source=rewardist","https://merchant.linksynergy.com/fs/logo/lg_53978","Kids & Baby","[object Object]","null"
"Joyrealtoys","joyrealtoys","https://kickpay.co/activate/joyrealtoys?source=rewardist","https://ui.awin.com/images/upload/merchant/profile/124026.png","Kids & Baby","[object Object]","null"
"Julian Charles","julian-charles","https://kickpay.co/activate/julian-charles?source=rewardist","/public-objects/merchant-logos/104998-1785851449654.png","Clothing","[object Object]","null"
"Jumbo Pets","jumbo-pets","https://kickpay.co/activate/jumbo-pets?source=rewardist","https://c.cfjump.com/Avatars/1348cf75-8e22-4e9e-ac0c-d4594af6f47b.png","Department Store","[object Object]","null"
"Jurlique AU","jurlique-au","https://kickpay.co/activate/jurlique-au?source=rewardist","/logos/rakuten/jurlique-au.png","Clothing","[object Object]","null"
"Just Wines","just-wines","https://kickpay.co/activate/just-wines?source=rewardist","https://c.cfjump.com/Avatars/f7420f4f-f177-431e-a809-d78a1b643bd7.png","Food & Drink","[object Object]","null"
"KIC","kic","https://kickpay.co/activate/kic?source=rewardist","https://c.cfjump.com/Avatars/7a9048cc-bc68-42c3-a788-3d6b4e3eaa41.png","Beauty & Skincare","[object Object]","null"
"KING SupportWear","king-supportwear","https://kickpay.co/activate/king-supportwear?source=rewardist","https://ui.awin.com/images/upload/merchant/profile/122794.png","Sports & Outdoors","[object Object]","null"
"KKday Vietnam","kkday-vietnam","https://kickpay.co/activate/kkday-vietnam?source=rewardist","https://www.google.com/s2/favicons?domain=kkday.com&sz=128","Department Store","[object Object]","null"
"Kabana Shop","kabana-shop","https://kickpay.co/activate/kabana-shop?source=rewardist","https://c.cfjump.com/Avatars/c427fcee-1070-4042-b5a9-a65a3803e61f.png","Clothing","[object Object]","null"
"Kailo™ - Pain Relief Patch","kailotm-pain-relief-patch","https://kickpay.co/activate/kailotm-pain-relief-patch?source=rewardist","https://www.google.com/s2/favicons?domain=gokailo.com&sz=128","Department Store","[object Object]","null"
"Kakadu Plum Co.","kakadu-plum-co","https://kickpay.co/activate/kakadu-plum-co?source=rewardist","https://c.cfjump.com/Avatars/816a0eb1-9ebe-4f18-8bc9-d8ca05f7cc5a.png","Food & Drink","[object Object]","null"
"Kaspersky AU","kaspersky-au","https://kickpay.co/activate/kaspersky-au?source=rewardist","https://c.cfjump.com/Avatars/c87c27a6-7a5d-4926-9532-9355f3bfaed2.png","Electronics & Tech","[object Object]","null"
"Kate & Kole","kate-and-kole","https://kickpay.co/activate/kate-and-kole?source=rewardist","https://c.cfjump.com/Avatars/69d3cd08-e163-4cfa-8435-7fdd3d933f47.png","Jewellery & Watches","[object Object]","null"
"Kate Spade AU","kate-spade-au","https://kickpay.co/activate/kate-spade-au?source=rewardist","https://content.flexlinks.com/SharedImages/ProgramSquareLogo/209981.png","Clothing","[object Object]","null"
"Kenwood Kitchen Appliances AU NZ","kenwood-kitchen-appliances-au-nz","https://kickpay.co/activate/kenwood-kitchen-appliances-au-nz?source=rewardist","https://content.flexlinks.com/SharedImages/ProgramSquareLogo/239753.png","Electronics & Tech","[object Object]","null"
"Keter Australia","keter-australia","https://kickpay.co/activate/keter-australia?source=rewardist","https://www.google.com/s2/favicons?domain=ketergroup.com.au&sz=128","Department Store","[object Object]","null"
"Kingston Hotel Group, Thailand","kingston-hotel-group-thailand","https://kickpay.co/activate/kingston-hotel-group-thailand?source=rewardist","https://www.google.com/s2/favicons?domain=kingstonhotelsgroup.com&sz=128","Department Store","[object Object]","null"
"Kinguin","kinguin","https://kickpay.co/activate/kinguin?source=rewardist","https://www.google.com/s2/favicons?domain=kinguin.net&sz=128","Department Store","[object Object]","null"
"Kinnon","kinnon","https://kickpay.co/activate/kinnon?source=rewardist","https://c.cfjump.com/Avatars/957c07bf-29dd-4566-aa87-df788957b5ea.png","Clothing","[object Object]","null"
"Kirri by Scent Australia Home","kirri-by-scent-australia-home","https://kickpay.co/activate/kirri-by-scent-australia-home?source=rewardist","https://c.cfjump.com/Avatars/d26f9460-d881-40b5-9c36-cd75bc320842.png","Home & Furniture","[object Object]","null"
"Kirstin Ash","kirstin-ash","https://kickpay.co/activate/kirstin-ash?source=rewardist","https://c.cfjump.com/Avatars/2c4b0f27-ad41-4531-9d99-2f2e84a2da20.png","Jewellery & Watches","[object Object]","null"
"Kiss Chacey","kiss-chacey","https://kickpay.co/activate/kiss-chacey?source=rewardist","https://merchant.linksynergy.com/fs/logo/lg_53796","Clothing","[object Object]","null"
"Kisslove Hair","kisslove-hair","https://kickpay.co/activate/kisslove-hair?source=rewardist","https://www.google.com/s2/favicons?domain=kisslovehair.com&sz=128","Department Store","[object Object]","null"
"Kitchen Warehouse","kitchen-warehouse","https://kickpay.co/activate/kitchen-warehouse?source=rewardist","https://c.cfjump.com/Avatars/ca3b7a39-c298-415d-b211-38d89b6ca2f2.png","Home & Furniture","[object Object]","null"
"Kiwi AU","kiwi-au","https://kickpay.co/activate/kiwi-au?source=rewardist","https://ui.awin.com/images/upload/merchant/profile/20561.png","Travel","[object Object]","null"
"Kiwi MX","kiwi-mx","https://kickpay.co/activate/kiwi-mx?source=rewardist","https://ui.awin.com/images/upload/merchant/profile/20563.png","Travel","[object Object]","null"
"Kleva Range","kleva-range","https://kickpay.co/activate/kleva-range?source=rewardist","https://c.cfjump.com/Avatars/574e921f-4650-4574-9f47-ab23ed71fcf6.png","Home & Furniture","[object Object]","null"
"Kmaxship","kmaxship","https://kickpay.co/activate/kmaxship?source=rewardist","https://www.google.com/s2/favicons?domain=kmaxship.store&sz=128","Department Store","[object Object]","null"
"Knobby","knobby","https://kickpay.co/activate/knobby?source=rewardist","https://www.google.com/s2/favicons?domain=knobby.com.au&sz=128","Department Store","[object Object]","null"
"Knose Financial Services Pty Ltd","knose-financial-services-pty-ltd","https://kickpay.co/activate/knose-financial-services-pty-ltd?source=rewardist","https://ui.awin.com/images/upload/merchant/profile/91425.png","Finance & Insurance","[object Object]","null"
"Knose Pet Insurance","knose-pet-insurance","https://kickpay.co/activate/knose-pet-insurance?source=rewardist","https://c.cfjump.com/Avatars/a33038c3-5c2a-4bd2-bf8d-0f8dfa5ed9e1.png","Finance & Insurance","[object Object]","null"
"Koala Eco","koala-eco","https://kickpay.co/activate/koala-eco?source=rewardist","https://c.cfjump.com/Avatars/9009a433-0fb2-48ab-8301-4b5789652436.png","Home & Furniture","[object Object]","null"
"Kohl's","kohl-s","https://kickpay.co/activate/kohl-s?source=rewardist","https://www.google.com/s2/favicons?domain=kohls.com&sz=128","Department Store","[object Object]","null"
"Kollektive","kollektive","https://kickpay.co/activate/kollektive?source=rewardist","https://c.cfjump.com/Avatars/6bc585c0-03fa-4672-9660-b3e643080230.png","Kids & Baby","[object Object]","null"
"Kosher Casual","kosher-casual","https://kickpay.co/activate/kosher-casual?source=rewardist","https://ui.awin.com/images/upload/merchant/profile/123950.png","Clothing","[object Object]","null"
"Kowtow","kowtow","https://kickpay.co/activate/kowtow?source=rewardist","https://c.cfjump.com/Avatars/6a183b19-0f31-492f-a138-b6fa75ab8c5a.png","Clothing","[object Object]","null"
"Kurgo","kurgo","https://kickpay.co/activate/kurgo?source=rewardist","https://c.cfjump.com/Avatars/b26e0736-8573-47ae-bc11-35b5081184d6.png","Department Store","[object Object]","null"
"Kurk","kurk","https://kickpay.co/activate/kurk?source=rewardist","https://c.cfjump.com/Avatars/301be712-021a-4269-8414-fefea0ab4f4d.png","Beauty & Skincare","[object Object]","null"
"LANGTONS","langtons","https://kickpay.co/activate/langtons?source=rewardist","https://c.cfjump.com/Avatars/6cf82354-4dac-46ce-a1a3-600d226d753c.png","Food & Drink","[object Object]","null"
"LG Australia","lg-australia","https://kickpay.co/activate/lg-australia?source=rewardist","https://merchant.linksynergy.com/fs/logo/lg_48067","Education & Services","[object Object]","null"
"LINNER OTC Heraing Aids","linner-otc-heraing-aids","https://kickpay.co/activate/linner-otc-heraing-aids?source=rewardist","https://www.google.com/s2/favicons?domain=linnerlife.com&sz=128","Department Store","[object Object]","null"
"LOOMY Home","loomy-home","https://kickpay.co/activate/loomy-home?source=rewardist","https://ui.awin.com/images/upload/merchant/profile/90515.png","Home & Furniture","[object Object]","Commission Group for 10.0 Product Rate: 7%
Commission Group for 10.0 Product Rate (2): 7%
Commission Group for 10.0 Product Rate (3): 7%
Commission Group for 10.0 Product Rate (4): 7%
Default: 7%"
"LSKD ANZ","lskd-anz","https://kickpay.co/activate/lskd-anz?source=rewardist","https://merchant.linksynergy.com/fs/logo/lg_50084","Clothing","[object Object]","null"
"LUMISONATA","lumisonata","https://kickpay.co/activate/lumisonata?source=rewardist","https://www.google.com/s2/favicons?domain=lumisonata.shop&sz=128","Clothing","[object Object]","null"
"La Petite Creme","la-petite-creme","https://kickpay.co/activate/la-petite-creme?source=rewardist","https://ui.awin.com/images/upload/merchant/profile/90215.png","Home & Furniture","[object Object]","10 commission on order placed by NEW customers. Let your audience know about a brand new ... - 21929: 7%
Default: 7%"
"Laavoo Extensions","laavoo-extensions","https://kickpay.co/activate/laavoo-extensions?source=rewardist","https://www.google.com/s2/favicons?domain=laavooextensions.com&sz=128","Department Store","[object Object]","null"
"Laithwaites AU","laithwaites-au","https://kickpay.co/activate/laithwaites-au?source=rewardist","https://www.google.com/s2/favicons?domain=laithwaites.com.au&sz=128","Food & Drink","[object Object]","null"
"Lapoche | Pack Smarter","lapoche-pack-smarter","https://kickpay.co/activate/lapoche-pack-smarter?source=rewardist","https://c.cfjump.com/Avatars/1d7525f2-dbc8-40ad-8dad-e2e157701710.png","Clothing","[object Object]","null"
"LaserPecker","laserpecker","https://kickpay.co/activate/laserpecker?source=rewardist","https://ui.awin.com/images/upload/merchant/profile/59557.png","Garden & DIY","[object Object]","Default Material: 4%
Default Machine: 2%
Default: 2%
Accessories: 0%"
"LastPass","lastpass","https://kickpay.co/activate/lastpass?source=rewardist","https://www.google.com/s2/favicons?domain=lastpass.com&sz=128","Department Store","[object Object]","null"
"Launch AU","launch-au","https://kickpay.co/activate/launch-au?source=rewardist","https://www.google.com/s2/favicons?domain=au.launchauto.com&sz=128","Department Store","[object Object]","null"
"Laurastar","laurastar","https://kickpay.co/activate/laurastar?source=rewardist","https://c.cfjump.com/Avatars/befccf11-c4af-4f90-8807-62e4d8c5eac5.png","Home & Furniture","[object Object]","null"
"Lavinia Gallery","lavinia-gallery","https://kickpay.co/activate/lavinia-gallery?source=rewardist","https://www.google.com/s2/favicons?domain=laviniagallery.com&sz=128","Department Store","[object Object]","null"
"LawDepot","lawdepot","https://kickpay.co/activate/lawdepot?source=rewardist","https://www.google.com/s2/favicons?domain=lawdepot.com&sz=128","Department Store","[object Object]","null"
"Lazy Tiles","lazy-tiles","https://kickpay.co/activate/lazy-tiles?source=rewardist","https://c.cfjump.com/Avatars/e31a036b-832c-4605-ad34-2ceba70c113a.png","Garden & DIY","[object Object]","null"
"Le Creuset Australia","le-creuset-australia","https://kickpay.co/activate/le-creuset-australia?source=rewardist","https://c.cfjump.com/Avatars/a198df6d-e787-4dd1-b8d8-5ac09b019044.png","Home & Furniture","[object Object]","null"
"LeCavist","lecavist","https://kickpay.co/activate/lecavist?source=rewardist","https://c.cfjump.com/Avatars/a2a43e1a-cb00-43c6-bd4d-5f83c9d0d09b.png","Electronics & Tech","[object Object]","null"
"LePARMENTIER Paris","leparmentier-paris","https://kickpay.co/activate/leparmentier-paris?source=rewardist","https://www.google.com/s2/favicons?domain=le-parmentier.com&sz=128","Department Store","[object Object]","null"
"Lekker Bikes","lekker-bikes","https://kickpay.co/activate/lekker-bikes?source=rewardist","https://c.cfjump.com/Avatars/41c08172-c001-4ff4-980e-02a0932af129.png","Automotive","[object Object]","null"
"Lenovo AU","lenovo-au","https://kickpay.co/activate/lenovo-au?source=rewardist","https://content.flexlinks.com/SharedImages/ProgramSquareLogo/190197.png","Electronics & Tech","[object Object]","null"
"Leon Cycle","leon-cycle","https://kickpay.co/activate/leon-cycle?source=rewardist","https://c.cfjump.com/Avatars/8ad2e15f-dc7a-4efe-92e6-a5e0b68c14c0.png","Automotive","[object Object]","null"
"Leroy Merlin BR","leroy-merlin-br","https://kickpay.co/activate/leroy-merlin-br?source=rewardist","/public-objects/merchant-logos/104999-1785851450379.png","Department Store","[object Object]","null"
"Life Fitness","life-fitness","https://kickpay.co/activate/life-fitness?source=rewardist","https://www.google.com/s2/favicons?domain=shop.lifefitness.com&sz=128","Health & Wellness","[object Object]","null"
"Life Pharmacy","life-pharmacy","https://kickpay.co/activate/life-pharmacy?source=rewardist","https://c.cfjump.com/Avatars/09960c5e-4f4e-465d-9039-6842f0731e6e.png","Health & Wellness","[object Object]","null"
"Lighted Address Numbers","lighted-address-numbers","https://kickpay.co/activate/lighted-address-numbers?source=rewardist","https://ui.awin.com/images/upload/merchant/profile/49485.png","Home & Furniture","[object Object]","null"
"LightingWill","lightingwill","https://kickpay.co/activate/lightingwill?source=rewardist","https://www.google.com/s2/favicons?domain=lightingwill.com&sz=128","Department Store","[object Object]","null"
"Lime Tree Kids","lime-tree-kids","https://kickpay.co/activate/lime-tree-kids?source=rewardist","https://c.cfjump.com/Avatars/05bfd45d-6ed6-4445-b218-2dd1e59fc038.png","Kids & Baby","[object Object]","null"
"Linenly","linenly","https://kickpay.co/activate/linenly?source=rewardist","https://c.cfjump.com/Avatars/fd8523bb-4ae2-4d4d-913e-1cf765340495.png","Home & Furniture","[object Object]","null"
"Liquor Loot","liquor-loot","https://kickpay.co/activate/liquor-loot?source=rewardist","https://c.cfjump.com/Avatars/936f3b65-93ee-44bc-ad0a-f7de78eaa3ab.png","Food & Drink","[object Object]","null"
"Little Lifters and Hanu M","little-lifters-and-hanu-m","https://kickpay.co/activate/little-lifters-and-hanu-m?source=rewardist","https://logo.clearbit.com/littlelifters.co.uk","Department Store","[object Object]","null"
"LivingStyles.com.au","livingstyles-com-au","https://kickpay.co/activate/livingstyles-com-au?source=rewardist","https://c.cfjump.com/Avatars/ba5e59c4-6db7-4fc7-b17f-76d7ac8aeeef.png","Home & Furniture","[object Object]","null"
"Lolalet Amazon","lolalet-amazon","https://kickpay.co/activate/lolalet-amazon?source=rewardist","https://www.google.com/s2/favicons?domain=amazon.com&sz=128","Home & Furniture","[object Object]","null"
"Looking4Parking AU","looking4parking-au","https://kickpay.co/activate/looking4parking-au?source=rewardist","https://www.google.com/s2/favicons?domain=looking4.com&sz=128","Travel","[object Object]","null"
"Lorraine Lea","lorraine-lea","https://kickpay.co/activate/lorraine-lea?source=rewardist","https://c.cfjump.com/Avatars/08569bdb-6894-4f46-a23b-74bd9c0ce0b4.png","Home & Furniture","[object Object]","null"
"Love's Jerky Co.","love-s-jerky-co","https://kickpay.co/activate/love-s-jerky-co?source=rewardist","https://www.google.com/s2/favicons?domain=lovesjerkyco.com&sz=128","Department Store","[object Object]","null"
"Lowes Menswear","lowes-menswear","https://kickpay.co/activate/lowes-menswear?source=rewardist","https://www.google.com/s2/favicons?domain=lowes.com.au&sz=128","Department Store","[object Object]","null"
"Luvme Hair","luvme-hair","https://kickpay.co/activate/luvme-hair?source=rewardist","https://www.google.com/s2/favicons?domain=shop.luvmehair.com&sz=128","Department Store","[object Object]","null"
"Luxo Living","luxo-living","https://kickpay.co/activate/luxo-living?source=rewardist","/public-objects/merchant-logos/42974-1780397626182.jpg","Home & Furniture","[object Object]","null"
"LyLo","lylo","https://kickpay.co/activate/lylo?source=rewardist","https://www.google.com/s2/favicons?domain=lylo.com&sz=128","Finance & Insurance","[object Object]","Flash Sale: Up to 30% off direct bookings. Book 9-13 July 2026 for stays 9 July - 30 Sept 2026. Terms & conditions apply."
"Lyca Mobile AU","lyca-mobile-au","https://kickpay.co/activate/lyca-mobile-au?source=rewardist","https://ui.awin.com/images/upload/merchant/profile/128159.png","Electronics & Tech","[object Object]","LYCA LONG TERM MEDIUM MAR 26: $10.50 AUD
LYCA LONG TERM LARGE MAR 26 : $10.50 AUD
PARTNER EXCLUSIVE LONG VALUE: $10.50 AUD
Default: $10.50 AUD"
"Lysse (Global)","lysse-global","https://kickpay.co/activate/lysse-global?source=rewardist","https://content.flexlinks.com/SharedImages/ProgramSquareLogo/199050.png","Clothing","[object Object]","null"
"MANNING CARTELL","manning-cartell","https://kickpay.co/activate/manning-cartell?source=rewardist","https://c.cfjump.com/Avatars/58cc63c6-0fc4-480f-acd0-0b3920b409e1.png","Clothing","[object Object]","null"
"MEDIHILL INC","medihill-inc","https://kickpay.co/activate/medihill-inc?source=rewardist","https://ui.awin.com/images/upload/merchant/profile/90125.png","Beauty & Skincare","[object Object]","REFERRALS: 17.5%
Default: 14%"
"MFI Medical","mfi-medical","https://kickpay.co/activate/mfi-medical?source=rewardist","https://cdn.shopify.com/s/files/1/1046/1086/files/Shutterstock_1811280388-min.png?v=1704958551","Department Store","[object Object]","null"
"MYOB","myob","https://kickpay.co/activate/myob?source=rewardist","https://www.google.com/s2/favicons?domain=myob.com&sz=128","Department Store","[object Object]","null"
"Macoda","macoda","https://kickpay.co/activate/macoda?source=rewardist","https://c.cfjump.com/Avatars/2abf3e68-f3d5-464f-83bc-1c4f59880f50.png","Home & Furniture","[object Object]","null"
"Macy's AU | APAC","macy-s-au-apac","https://kickpay.co/activate/macy-s-au-apac?source=rewardist","https://www.google.com/s2/favicons?domain=macys.com&sz=128","Department Store","[object Object]","null"
"Madison Park","madison-park","https://kickpay.co/activate/madison-park?source=rewardist","/logos/rakuten/madison-park.png","Travel","[object Object]","null"
"Magic Makers, Inc.","magic-makers-inc","https://kickpay.co/activate/magic-makers-inc?source=rewardist","https://ui.awin.com/images/upload/merchant/profile/105007.png","Kids & Baby","[object Object]","null"
"Magnetic Messaging","magnetic-messaging","https://kickpay.co/activate/magnetic-messaging?source=rewardist","https://content.flexlinks.com/SharedImages/ProgramSquareLogo/162490.png","Department Store","[object Object]","null"
"Magshop","magshop","https://kickpay.co/activate/magshop?source=rewardist","https://c.cfjump.com/Avatars/5cfb649d-3141-4934-9e09-07deb154ff77.png","Entertainment","[object Object]","null"
"Magzter - Digital Magazine Newsstand","magzter-digital-magazine-newsstand","https://kickpay.co/activate/magzter-digital-magazine-newsstand?source=rewardist","https://www.google.com/s2/favicons?domain=magzter.com&sz=128","Department Store","[object Object]","null"
"Makari De Suisse","makari-de-suisse","https://kickpay.co/activate/makari-de-suisse?source=rewardist","https://www.google.com/s2/favicons?domain=shopmakari.com&sz=128","Department Store","[object Object]","null"
"Malaysia Airlines","malaysia-airlines","https://kickpay.co/activate/malaysia-airlines?source=rewardist","https://www.google.com/s2/favicons?domain=malaysiaairlines.com&sz=128","Department Store","[object Object]","null"
"Manchester Factory","manchester-factory","https://kickpay.co/activate/manchester-factory?source=rewardist","https://c.cfjump.com/Avatars/6c9410be-d586-4d0e-8365-db0a2c0c1afd.png","Home & Furniture","[object Object]","null"
"Mandai Wildlife Group","mandai-wildlife-group","https://kickpay.co/activate/mandai-wildlife-group?source=rewardist","https://merchant.linksynergy.com/fs/logo/lg_54106","Travel","[object Object]","null"
"Maqo Hotels","maqo-hotels","https://kickpay.co/activate/maqo-hotels?source=rewardist","https://www.google.com/s2/favicons?domain=maqohotels.com&sz=128","Finance & Insurance","[object Object]","null"
"Marathon Watch","marathon-watch","https://kickpay.co/activate/marathon-watch?source=rewardist","/logos/rakuten/marathon-watch.jpg","Department Store","[object Object]","null"
"Marc Jacobs","marc-jacobs","https://kickpay.co/activate/marc-jacobs?source=rewardist","https://www.google.com/s2/favicons?domain=marcjacobs.com&sz=128","Department Store","[object Object]","null"
"Marco Polo Hotels","marco-polo-hotels","https://kickpay.co/activate/marco-polo-hotels?source=rewardist","https://www.google.com/s2/favicons?domain=marcopolohotels.com&sz=128","Finance & Insurance","[object Object]","null"
"Marimekko AU","marimekko-au","https://kickpay.co/activate/marimekko-au?source=rewardist","https://logo.clearbit.com/marimekko.com","Department Store","[object Object]","null"
"Mark Foy's Department Store PTY Ltd","mark-foy-s-department-store-pty-ltd","https://kickpay.co/activate/mark-foy-s-department-store-pty-ltd?source=rewardist","https://www.google.com/s2/favicons?domain=mark-foys.com&sz=128","Department Store","[object Object]","null"
"MarketXLS","marketxls","https://kickpay.co/activate/marketxls?source=rewardist","https://www.google.com/s2/favicons?domain=marketxls.com&sz=128","Department Store","[object Object]","null"
"Marley Spoon AU","marley-spoon-au","https://kickpay.co/activate/marley-spoon-au?source=rewardist","https://ui.awin.com/images/upload/merchant/profile/104515.png","Food & Drink","[object Object]","null"
"Marriott Bonvoy - Points.com","marriott-bonvoy-points-com","https://kickpay.co/activate/marriott-bonvoy-points-com?source=rewardist","https://www.google.com/s2/favicons?domain=points.com&sz=128","Department Store","[object Object]","null"
"Martinic Audio","martinic-audio","https://kickpay.co/activate/martinic-audio?source=rewardist","https://www.google.com/s2/favicons?domain=martinic.com&sz=128","Department Store","[object Object]","null"
"Mater Lotteries","mater-lotteries","https://kickpay.co/activate/mater-lotteries?source=rewardist","https://c.cfjump.com/Avatars/5b089da8-607b-4242-a81c-153211a7375f.png","Entertainment","[object Object]","null"
"Mathers","mathers","https://kickpay.co/activate/mathers?source=rewardist","https://c.cfjump.com/Avatars/dcce757c-7836-4816-a3f9-407316d0eaed.png","Clothing","[object Object]","null"
"Mattel Shop","mattel-shop","https://kickpay.co/activate/mattel-shop?source=rewardist","https://c.cfjump.com/Avatars/627aa92e-cbca-407b-8c15-691f1376d804.png","Kids & Baby","[object Object]","null"
"Mattress Crafters","mattress-crafters","https://kickpay.co/activate/mattress-crafters?source=rewardist","https://c.cfjump.com/Avatars/eaaa47c2-43ae-47d6-849d-aa0032c282d1.png","Home & Furniture","[object Object]","null"
"Maxi-Cosi","maxi-cosi","https://kickpay.co/activate/maxi-cosi?source=rewardist","https://www.google.com/s2/favicons?domain=maxicosi.com&sz=128","Department Store","[object Object]","null"
"Mazzucchelli's","mazzucchelli-s","https://kickpay.co/activate/mazzucchelli-s?source=rewardist","https://c.cfjump.com/Avatars/51befea6-5d18-4a4f-b438-b3c9c0b7de2d.png","Jewellery & Watches","[object Object]","null"
"MeUndies","meundies","https://kickpay.co/activate/meundies?source=rewardist","https://www.google.com/s2/favicons?domain=meundies.com&sz=128","Department Store","[object Object]","null"
"MelodySusie","melodysusie","https://kickpay.co/activate/melodysusie?source=rewardist","https://www.google.com/s2/favicons?domain=melodysusie.com&sz=128","Department Store","[object Object]","null"
"Merachfit","merachfit","https://kickpay.co/activate/merachfit?source=rewardist","https://www.google.com/s2/favicons?domain=merachfit.com&sz=128","Department Store","[object Object]","null"
"Mescius","mescius","https://kickpay.co/activate/mescius?source=rewardist","https://www.google.com/s2/favicons?domain=mescius.com&sz=128","Electronics & Tech","[object Object]","Default products: 7% cashback
Selected SKUs: 3.5%–7% cashback (rate varies by product)"
"Meta Box","meta-box","https://kickpay.co/activate/meta-box?source=rewardist","https://www.google.com/s2/favicons?domain=elightup.com&sz=128","Department Store","[object Object]","null"
"Mica Lighting","mica-lighting","https://kickpay.co/activate/mica-lighting?source=rewardist","https://c.cfjump.com/Avatars/4d7ef487-c569-46e8-be06-129ee5dc9f0f.png","Home & Furniture","[object Object]","null"
"Microbiome Plus","microbiome-plus","https://kickpay.co/activate/microbiome-plus?source=rewardist","https://ui.awin.com/images/upload/merchant/profile/57893.png","Beauty & Skincare","[object Object]","null"
"Midas Shoes","midas-shoes","https://kickpay.co/activate/midas-shoes?source=rewardist","https://c.cfjump.com/Avatars/f9141440-0cc6-4142-90ca-77ef9e260cab.png","Clothing","[object Object]","null"
"Milan Fashion Campus","milan-fashion-campus","https://kickpay.co/activate/milan-fashion-campus?source=rewardist","https://ui.awin.com/images/upload/merchant/profile/93419.png","Education & Services","[object Object]","null"
"Millennium Hotels and Resorts (Global)","millennium-hotels-and-resorts-global","https://kickpay.co/activate/millennium-hotels-and-resorts-global?source=rewardist","https://ui.awin.com/images/upload/merchant/profile/6299.png","Travel","[object Object]","null"
"MindManager","mindmanager","https://kickpay.co/activate/mindmanager?source=rewardist","https://www.google.com/s2/favicons?domain=mindmanager.com&sz=128","Department Store","[object Object]","null"
"MindManager | Mind Mapping Software","mindmanager-mind-mapping-software","https://kickpay.co/activate/mindmanager-mind-mapping-software?source=rewardist","https://www.google.com/s2/favicons?domain=mindmanager.com&sz=128","Department Store","[object Object]","null"
"Mini Museum LLC","mini-museum-llc","https://kickpay.co/activate/mini-museum-llc?source=rewardist","https://ui.awin.com/images/upload/merchant/profile/89949.png","Gifts & Flowers","[object Object]","null"
"MiniJumbuk","minijumbuk","https://kickpay.co/activate/minijumbuk?source=rewardist","https://c.cfjump.com/Avatars/82cce672-452f-4ce8-9af6-57d6aee036bb.png","Home & Furniture","[object Object]","null"
"MiniTool","minitool","https://kickpay.co/activate/minitool?source=rewardist","https://www.google.com/s2/favicons?domain=minitool.com&sz=128","Department Store","[object Object]","null"
"Mix & Match AU","mix-and-match-au","https://kickpay.co/activate/mix-and-match-au?source=rewardist","https://content.flexlinks.com/SharedImages/ProgramSquareLogo/235051.png","Travel","[object Object]","null"
"Mizuno","mizuno","https://kickpay.co/activate/mizuno?source=rewardist","https://c.cfjump.com/Avatars/80ec9278-0bfa-4c35-bc7a-1372e97a54af.png","Clothing","[object Object]","null"
"Mobileciti","mobileciti","https://kickpay.co/activate/mobileciti?source=rewardist","https://www.google.com/s2/favicons?domain=mobileciti.com.au&sz=128","Department Store","[object Object]","null"
"Modlily","modlily","https://kickpay.co/activate/modlily?source=rewardist","https://www.google.com/s2/favicons?domain=modlily.com&sz=128","Department Store","[object Object]","null"
"Modlily.com","modlily-com","https://kickpay.co/activate/modlily-com?source=rewardist","https://www.google.com/s2/favicons?domain=modlily.com&sz=128","Department Store","[object Object]","null"
"Momentous Living","momentous-living","https://kickpay.co/activate/momentous-living?source=rewardist","https://c.cfjump.com/Avatars/a20cdbfe-1a95-4bee-a494-6cb901d478de.png","Home & Furniture","[object Object]","null"
"Moonpig AU","moonpig-au","https://kickpay.co/activate/moonpig-au?source=rewardist","https://ui.awin.com/images/upload/merchant/profile/12201.png","Gifts & Flowers","[object Object]","NC_MUG: 7%
NC_GREETINGCARD: 7%
EC_MUG: 5.5%
EC_GREETINGCARD: 5.5%
Default: 5.5%"
"Moosehill","moosehill","https://kickpay.co/activate/moosehill?source=rewardist","https://ui.awin.com/images/upload/merchant/profile/96701.png","Clothing","[object Object]","null"
"More Telecom","more-telecom","https://kickpay.co/activate/more-telecom?source=rewardist","https://c.cfjump.com/Avatars/e4d337a1-e90e-471d-a3cf-150f0ec494b6.png","Electronics & Tech","[object Object]","null"
"Morlife","morlife","https://kickpay.co/activate/morlife?source=rewardist","https://c.cfjump.com/Avatars/821bc982-aa3a-48ac-894e-307dba825ef3.png","Beauty & Skincare","[object Object]","null"
"Mosaic Weighted Blankets","mosaic-weighted-blankets","https://kickpay.co/activate/mosaic-weighted-blankets?source=rewardist","https://ui.awin.com/images/upload/merchant/profile/87403.png","Home & Furniture","[object Object]","null"
"Mosthelabel","mosthelabel","https://kickpay.co/activate/mosthelabel?source=rewardist","https://www.google.com/s2/favicons?domain=mosthelabel.com&sz=128","Department Store","[object Object]","null"
"Mountfords Shoes","mountfords-shoes","https://kickpay.co/activate/mountfords-shoes?source=rewardist","https://c.cfjump.com/Avatars/a26d9d5d-fcdb-49d9-b1c8-b6d209ebe99f.png","Clothing","[object Object]","null"
"Mowrator AU","mowrator-au","https://kickpay.co/activate/mowrator-au?source=rewardist","https://www.google.com/s2/favicons?domain=mowrator.com&sz=128","Department Store","[object Object]","null"
"Mr Roses APAC","mr-roses-apac","https://kickpay.co/activate/mr-roses-apac?source=rewardist","/logos/rakuten/mr-roses-apac.png","Gifts & Flowers","[object Object]","null"
"Mr Vitamins","mr-vitamins","https://kickpay.co/activate/mr-vitamins?source=rewardist","https://c.cfjump.com/Avatars/4c2d1eaa-8143-49d7-9f02-f7bc7b6cd9f2.png","Beauty & Skincare","[object Object]","null"
"Musashi","musashi","https://kickpay.co/activate/musashi?source=rewardist","https://c.cfjump.com/Avatars/e9c72320-6af4-4b53-88c8-1c775245891d.png","Beauty & Skincare","[object Object]","null"
"Muval","muval","https://kickpay.co/activate/muval?source=rewardist","https://content.flexlinks.com/SharedImages/ProgramSquareLogo/214439.png","Home & Furniture","[object Object]","null"
"My Perfume Shop","my-perfume-shop","https://kickpay.co/activate/my-perfume-shop?source=rewardist","https://c.cfjump.com/Avatars/3a666b87-79aa-42c6-824f-b9b4431a743e.png","Beauty & Skincare","[object Object]","null"
"MyHomeware","myhomeware","https://kickpay.co/activate/myhomeware?source=rewardist","https://c.cfjump.com/Avatars/2e8346c1-2a08-40b3-9d62-139889bcac98.png","Home & Furniture","[object Object]","null"
"MyHouse","myhouse","https://kickpay.co/activate/myhouse?source=rewardist","https://c.cfjump.com/Avatars/1b85c498-c4a0-424a-871e-282032cb0fa1.png","Home & Furniture","[object Object]","null"
"MyNextBike","mynextbike","https://kickpay.co/activate/mynextbike?source=rewardist","https://www.google.com/s2/favicons?domain=mynextbike.co.uk&sz=128","Electronics & Tech","[object Object]","null"
"MyTopia","mytopia","https://kickpay.co/activate/mytopia?source=rewardist","https://c.cfjump.com/Avatars/e5cb8147-2b6a-4569-8079-8a350a7e1ec3.png","Department Store","[object Object]","null"
"Myprotein AU","myprotein-au","https://kickpay.co/activate/myprotein-au?source=rewardist","https://ui.awin.com/images/upload/merchant/profile/19155.png","Beauty & Skincare","[object Object]","CREATORS_FLAT_10: 7%
NEWCUSTOMER: 5.5%
APP_NEWCUSTOMER: 5.5%
SPORTS: 5.5%
APP_SPORTS: 5.5%
CLOTHING: 5.5%
APP_CLOTHING: 5.5%
APP_BODYCARE: 5.5%
BODYCARE: 5.5%
Default: 5.5%
CREATORS_0_VC: 0%
NONCOMISSIONABLE: 0%"
"NAP","nap","https://kickpay.co/activate/nap?source=rewardist","https://c.cfjump.com/Avatars/ffe0c331-ef7b-4d62-b5ba-aa345f7dbaec.png","Beauty & Skincare","[object Object]","null"
"NET-A-PORTER APAC","net-a-porter-apac","https://kickpay.co/activate/net-a-porter-apac?source=rewardist","https://merchant.linksynergy.com/fs/logo/lg_46255","Clothing","[object Object]","null"
"NNE Living","nne-living","https://kickpay.co/activate/nne-living?source=rewardist","https://c.cfjump.com/Avatars/6fe49003-8eac-47a0-99f7-afc75b2cb87e.png","Home & Furniture","[object Object]","null"
"NOMATIC.com","nomatic-com","https://kickpay.co/activate/nomatic-com?source=rewardist","https://ui.awin.com/images/upload/merchant/profile/90033.png","Travel","[object Object]","Default: 10.5%
Commission not paid on orders using the internal code CHEAPSKATE- 154332: 0%
Commission not paid on orders using the internal code shopapp- 175542: 0%
Commission not paid on orders using the internal code CHEAPSKATE- 175543: 0%
Commission not paid on orders using the internal code CHEAPSKATE- 48826: 0%
Commission not paid on orders using the internal code CHEAPSKATE- 144138: 0%
Commission not paid on orders using the internal code NEWCUSTOMER15TP- 189559: 0%
Commission not paid on orders using the internal code MODERNWISDOM- 49927: 0%
Commission not paid on orders using the internal code PASSPORT25- 149706: 0%
Commission not paid on orders using the internal code VIP-ctdekh- 72952: 0%
Commission not paid on orders using the internal code SESH- 153319: 0%
Commission not paid on orders using the internal code CUP- 142548: 0%
Commission not paid on orders using the internal code ODD- 47848: 0%
Commission not paid on orders using the internal code PODCAST- 180051: 0%
Commission not paid on orders using the internal code LUCKY- 149705: 0%
Commission not paid on orders using the internal code Mail-xghy- 150490: 0%
Commission not paid on orders using the internal code SB-GY63AB- 175544: 0%
Commission not paid on orders using the internal code SMS15- 197417: 0%
Commission not paid on orders using the internal code EMAIL10- 142442: 0%
Commission not paid on orders using the internal code NOTEBOOK20- 196109: 0%
Commission not paid on orders using the internal code GIVE25- 47849: 0%
Commission not paid on orders using the internal code GIVE25- 154333: 0%
Commission not paid on orders using the internal code GIVE25- 156368: 0%
Commission not paid on orders using the internal code GET25- 150489: 0%
Commission not paid on orders using the internal code BASICS20- 154334: 0%
Commission not paid on orders using the internal code NOMATIC20- 72951: 0%
Commission is removed from all transactions that include the excluded coupon code PUSH10- 154335: 0%
Commission is removed from all transactions that include the excluded coupon code GET10- 180575: 0%"
"NON","non","https://kickpay.co/activate/non?source=rewardist","https://c.cfjump.com/Avatars/fd3cbe9b-a7f1-4a14-82ea-b24e2fe65161.png","Food & Drink","[object Object]","null"
"Nanit","nanit","https://kickpay.co/activate/nanit?source=rewardist","https://c.cfjump.com/Avatars/5e72bf96-4565-4177-898e-c8e05180d886.png","Kids & Baby","[object Object]","null"
"NatPat AU","natpat-au","https://kickpay.co/activate/natpat-au?source=rewardist","https://ui.awin.com/images/upload/merchant/profile/35713.png","Beauty & Skincare","[object Object]","null"
"Naturecan AUS","naturecan-aus","https://kickpay.co/activate/naturecan-aus?source=rewardist","https://www.google.com/s2/favicons?domain=naturecan.com.au&sz=128","Department Store","[object Object]","null"
"Nautica AU","nautica-au","https://kickpay.co/activate/nautica-au?source=rewardist","https://content.flexlinks.com/SharedImages/ProgramSquareLogo/207480.png","Clothing","[object Object]","null"
"Neat Feat","neat-feat","https://kickpay.co/activate/neat-feat?source=rewardist","https://c.cfjump.com/Avatars/568ac10c-5402-4d2e-b7d6-daf55c996ce5.png","Beauty & Skincare","[object Object]","null"
"Needs No Label","needs-no-label","https://kickpay.co/activate/needs-no-label?source=rewardist","https://ui.awin.com/images/upload/merchant/profile/78586.png","Clothing","[object Object]","null"
"Neu Nomads","neu-nomads","https://kickpay.co/activate/neu-nomads?source=rewardist","https://ui.awin.com/images/upload/merchant/profile/99395.png","Clothing","[object Object]","null"
"Neverland Store AU","neverland-store-au","https://kickpay.co/activate/neverland-store-au?source=rewardist","/logos/rakuten/neverland-store-au.png","Clothing","[object Object]","null"
"New Era Cap Australia","new-era-cap-australia","https://kickpay.co/activate/new-era-cap-australia?source=rewardist","https://c.cfjump.com/Avatars/eb2a7dd1-4b05-48c4-b2bb-31a0607bd831.png","Clothing","[object Object]","null"
"New World","new-world","https://kickpay.co/activate/new-world?source=rewardist","https://c.cfjump.com/Avatars/c49aee95-4b87-4b04-ba8b-7d05195cd190.png","Food & Drink","[object Object]","null"
"Newentor Australia","newentor-australia","https://kickpay.co/activate/newentor-australia?source=rewardist","https://c.cfjump.com/Avatars/8fe22e19-a5f6-45e7-a820-2abdc366ff38.png","Home & Furniture","[object Object]","null"
"Nicchia Luxury","nicchia-luxury","https://kickpay.co/activate/nicchia-luxury?source=rewardist","https://merchant.linksynergy.com/fs/logo/lg_54306","Clothing","[object Object]","null"
"Niccolo Hotels","niccolo-hotels","https://kickpay.co/activate/niccolo-hotels?source=rewardist","https://www.google.com/s2/favicons?domain=niccolohotels.com&sz=128","Finance & Insurance","[object Object]","null"
"Nisbets Australia","nisbets-australia","https://kickpay.co/activate/nisbets-australia?source=rewardist","https://c.cfjump.com/Avatars/b97b4ddd-8498-4362-832c-965afd416744.png","Department Store","[object Object]","null"
"Nixon AU","nixon-au","https://kickpay.co/activate/nixon-au?source=rewardist","https://ui.awin.com/images/upload/merchant/profile/116971.png","Jewellery & Watches","[object Object]","null"
"Noble Panacea ROW","noble-panacea-row","https://kickpay.co/activate/noble-panacea-row?source=rewardist","https://ui.awin.com/images/upload/merchant/profile/102281.png","Beauty & Skincare","[object Object]","null"
"Noel Asmar Uniforms (US & Canada)","noel-asmar-uniforms-us-and-canada","https://kickpay.co/activate/noel-asmar-uniforms-us-and-canada?source=rewardist","https://ui.awin.com/images/upload/merchant/profile/19651.png","Clothing","[object Object]","TEST: 8.5%
Content: 7%
Default: 5%
Deal/Coupon: 2%"
"NordPass","nordpass","https://kickpay.co/activate/nordpass?source=rewardist","https://www.google.com/s2/favicons?domain=nordpass.com&sz=128","Department Store","[object Object]","null"
"NordVPN","nordvpn","https://kickpay.co/activate/nordvpn?source=rewardist","https://www.google.com/s2/favicons?domain=nordvpn.com&sz=128","Electronics & Tech","[object Object]","null"
"NorthSky Supply","northsky-supply","https://kickpay.co/activate/northsky-supply?source=rewardist","https://ui.awin.com/images/upload/merchant/profile/119387.png","Garden & DIY","[object Object]","null"
"Northern Gym Equipment","northern-gym-equipment","https://kickpay.co/activate/northern-gym-equipment?source=rewardist","https://www.google.com/s2/favicons?domain=northerngymequipment.com&sz=128","Sports & Outdoors","[object Object]","null"
"Nothingprojector","nothingprojector","https://kickpay.co/activate/nothingprojector?source=rewardist","https://ui.awin.com/images/upload/merchant/profile/75408.png","Electronics & Tech","[object Object]","null"
"Nourished Life","nourished-life","https://kickpay.co/activate/nourished-life?source=rewardist","https://c.cfjump.com/Avatars/d18a9d9d-ad4c-4fef-ab07-17c40acb56aa.png","Beauty & Skincare","[object Object]","null"
"Nude by Nature","nude-by-nature","https://kickpay.co/activate/nude-by-nature?source=rewardist","https://c.cfjump.com/Avatars/b7a3a17b-68bd-4b35-8874-926d197df8f6.png","Beauty & Skincare","[object Object]","null"
"Nutrabalance","nutrabalance","https://kickpay.co/activate/nutrabalance?source=rewardist","https://www.google.com/s2/favicons?domain=nutrabalance.co&sz=128","Department Store","[object Object]","New Customers: 10.5%
Existing Customers: 3.5%
Online Sale: 5.5%"
"Nutrinixy - AI Calorie Tracker","nutrinixy-ai-calorie-tracker","https://kickpay.co/activate/nutrinixy-ai-calorie-tracker?source=rewardist","https://ui.awin.com/images/upload/merchant/profile/126881.png","Beauty & Skincare","[object Object]","null"
"Nuzest","nuzest","https://kickpay.co/activate/nuzest?source=rewardist","https://c.cfjump.com/Avatars/4a201e9e-e874-4a44-a4b4-485f50153a11.png","Beauty & Skincare","[object Object]","null"
"O COSMEDICS","o-cosmedics","https://kickpay.co/activate/o-cosmedics?source=rewardist","https://c.cfjump.com/Avatars/f58364d0-fcb6-4eef-b75b-e33a449ade57.png","Beauty & Skincare","[object Object]","null"
"OCEAN HOTELS","ocean-hotels","https://kickpay.co/activate/ocean-hotels?source=rewardist","https://www.google.com/s2/favicons?domain=oceanhotels.com&sz=128","Department Store","[object Object]","null"
"OUFER BODY JEWELRY","oufer-body-jewelry","https://kickpay.co/activate/oufer-body-jewelry?source=rewardist","https://ui.awin.com/images/upload/merchant/profile/91941.png","Clothing","[object Object]","Default: 10.5%
NEW_CUSTOMER: 5.5%
HIGH_VALUE: 5.5%"
"OZtrail","oztrail","https://kickpay.co/activate/oztrail?source=rewardist","/logos/rakuten/oztrail.png","Sports & Outdoors","[object Object]","null"
"Oakley AUS","oakley-aus","https://kickpay.co/activate/oakley-aus?source=rewardist","https://www.google.com/s2/favicons?domain=oakley.com&sz=128","Department Store","[object Object]","null"
"Oaks Hotels","oaks-hotels","https://kickpay.co/activate/oaks-hotels?source=rewardist","https://c.cfjump.com/Avatars/7111910c-be6f-4039-b807-b7d1aa464f7f.png","Travel","[object Object]","null"
"Off-White","off-white","https://kickpay.co/activate/off-white?source=rewardist","https://content.flexlinks.com/SharedImages/ProgramSquareLogo/241259.png","Clothing","[object Object]","null"
"Oil Garden","oil-garden","https://kickpay.co/activate/oil-garden?source=rewardist","https://c.cfjump.com/Avatars/5b0182e2-a23f-4370-98e8-91daabad4f18.png","Beauty & Skincare","[object Object]","null"
"Olga Berg","olga-berg","https://kickpay.co/activate/olga-berg?source=rewardist","https://c.cfjump.com/Avatars/a9337824-5be3-4e2d-acc0-edae11d2cb8d.png","Clothing","[object Object]","null"
"Omfort","omfort","https://kickpay.co/activate/omfort?source=rewardist","https://www.google.com/s2/favicons?domain=theomfort.com&sz=128","Department Store","[object Object]","null"
"OneBioShop_International","onebioshop-international","https://kickpay.co/activate/onebioshop-international?source=rewardist","https://ui.awin.com/images/upload/merchant/profile/126151.png","Beauty & Skincare","[object Object]","null"
"OneTeaspoon","oneteaspoon","https://kickpay.co/activate/oneteaspoon?source=rewardist","https://www.google.com/s2/favicons?domain=oneteaspoon.com&sz=128","Department Store","[object Object]","null"
"Onemile","onemile","https://kickpay.co/activate/onemile?source=rewardist","https://www.google.com/s2/favicons?domain=onemilebike.com&sz=128","Department Store","[object Object]","null"
"Ooni (AU)","ooni-au","https://kickpay.co/activate/ooni-au?source=rewardist","https://ui.awin.com/images/upload/merchant/profile/77088.png","Home & Furniture","[object Object]","null"
"Ophelia Eternity Jewelry","ophelia-eternity-jewelry","https://kickpay.co/activate/ophelia-eternity-jewelry?source=rewardist","https://ui.awin.com/images/upload/merchant/profile/128211.png","Jewellery & Watches","[object Object]","null"
"Optislim","optislim","https://kickpay.co/activate/optislim?source=rewardist","https://c.cfjump.com/Avatars/bc35c49a-7d3e-4896-a3a5-5deabbde9ac8.png","Beauty & Skincare","[object Object]","null"
"Organics on a Budget","organics-on-a-budget","https://kickpay.co/activate/organics-on-a-budget?source=rewardist","https://c.cfjump.com/Avatars/843c2476-8022-4139-844e-cdb20296f60a.png","Food & Drink","[object Object]","null"
"Origin Mattress Australia","origin-mattress-australia","https://kickpay.co/activate/origin-mattress-australia?source=rewardist","https://c.cfjump.com/Avatars/00a275e3-f54e-46b9-951b-08e5e0f8bfc4.png","Home & Furniture","[object Object]","null"
"Origin Mattress MY","origin-mattress-my","https://kickpay.co/activate/origin-mattress-my?source=rewardist","https://c.cfjump.com/Avatars/6e506671-3fa0-4847-ad62-52c8d40d7507.png","Home & Furniture","[object Object]","null"
"Origin Mattress SG","origin-mattress-sg","https://kickpay.co/activate/origin-mattress-sg?source=rewardist","https://c.cfjump.com/Avatars/06c5b979-ab05-4fba-9d61-56b2b1ae5494.png","Home & Furniture","[object Object]","null"
"Original Mattress & Furniture","original-mattress-and-furniture","https://kickpay.co/activate/original-mattress-and-furniture?source=rewardist","https://c.cfjump.com/Avatars/de6fbb49-79d5-405d-a8ec-f85d3d5a7ac8.png","Home & Furniture","[object Object]","null"
"Oroton","oroton","https://kickpay.co/activate/oroton?source=rewardist","/public-objects/merchant-logos/106877-1786937351812.jpg","Clothing","[object Object]","null"
"Otra Eyewear","otra-eyewear","https://kickpay.co/activate/otra-eyewear?source=rewardist","https://ui.awin.com/images/upload/merchant/profile/96299.png","Clothing","[object Object]","null"
"Otterbox AU","otterbox-au","https://kickpay.co/activate/otterbox-au?source=rewardist","https://ui.awin.com/images/upload/merchant/profile/113168.png","Electronics & Tech","[object Object]","NEW: 4%
RETURNING: 3%
Default: 2%"
"Ottocast","ottocast","https://kickpay.co/activate/ottocast?source=rewardist","https://ui.awin.com/images/upload/merchant/profile/96499.png","Automotive","[object Object]","null"
"Ouros Jewels","ouros-jewels","https://kickpay.co/activate/ouros-jewels?source=rewardist","https://ui.awin.com/images/upload/merchant/profile/123706.png","Jewellery & Watches","[object Object]","null"
"OutIn Inc.","outin-inc","https://kickpay.co/activate/outin-inc?source=rewardist","https://www.google.com/s2/favicons?domain=outin.com&sz=128","Department Store","[object Object]","null"
"Outbax","outbax","https://kickpay.co/activate/outbax?source=rewardist","https://c.cfjump.com/Avatars/3b77b8fc-140a-4d97-8e63-ea1c3e049d84.png","Home & Furniture","[object Object]","null"
"Oxford Shop","oxford-shop","https://kickpay.co/activate/oxford-shop?source=rewardist","https://c.cfjump.com/Avatars/ff5bc302-dd6f-4695-9bb4-748d5502f0de.png","Clothing","[object Object]","null"
"Ozdingo Shopping","ozdingo-shopping","https://kickpay.co/activate/ozdingo-shopping?source=rewardist","https://c.cfjump.com/Avatars/364647f8-feab-4724-b7c5-f4fa187402b3.png","Department Store","[object Object]","null"
"Ozmosis","ozmosis","https://kickpay.co/activate/ozmosis?source=rewardist","https://c.cfjump.com/Avatars/9986d9a9-f57d-4ebf-8351-3985fd30cbd5.png","Clothing","[object Object]","null"
"P.E Nation","p-e-nation","https://kickpay.co/activate/p-e-nation?source=rewardist","https://content.flexlinks.com/SharedImages/ProgramSquareLogo/203104.png","Clothing","[object Object]","null"
"P1 Travel","p1-travel","https://kickpay.co/activate/p1-travel?source=rewardist","https://www.google.com/s2/favicons?domain=p1travel.com&sz=128","Travel","[object Object]","Cashback rate varies by event category: 4.9% on Community Shield 2026 tickets (until 16 Aug 2026), 1.4% on Football 2026/27 and Formula 1 2025/26, 0.7% on Music, Tennis, Rugby and other events. Default rate 1.4%."
"PARKIT Co.","parkit-co","https://kickpay.co/activate/parkit-co?source=rewardist","https://content.flexlinks.com/SharedImages/ProgramSquareLogo/235235.png","Sports & Outdoors","[object Object]","null"
"PERGOLUX AU","pergolux-au","https://kickpay.co/activate/pergolux-au?source=rewardist","https://c.cfjump.com/Avatars/1c1e76be-3413-4f61-88e5-35d2acdb1779.png","Home & Furniture","[object Object]","null"
"PETCO Animal Supplies","petco-animal-supplies","https://kickpay.co/activate/petco-animal-supplies?source=rewardist","https://www.google.com/s2/favicons?domain=petco.com&sz=128","Department Store","[object Object]","null"
"PLAUD AU","plaud-au","https://kickpay.co/activate/plaud-au?source=rewardist","https://www.google.com/s2/favicons?domain=au.plaud.ai&sz=128","Department Store","[object Object]","null"
"POCOCO","pococo","https://kickpay.co/activate/pococo?source=rewardist","https://ui.awin.com/images/upload/merchant/profile/102587.png","Home & Furniture","[object Object]","null"
"PONGBOT Sports Affiliate Program","pongbot-sports-affiliate-program","https://kickpay.co/activate/pongbot-sports-affiliate-program?source=rewardist","https://www.google.com/s2/favicons?domain=store.pongbotsports.com&sz=128","Department Store","[object Object]","null"
"POPSY CLOTHING","popsy-clothing","https://kickpay.co/activate/popsy-clothing?source=rewardist","/public-objects/merchant-logos/105000-1785851450880.png","Clothing","[object Object]","null"
"PROSSIONI®","prossioni","https://kickpay.co/activate/prossioni?source=rewardist","https://ui.awin.com/images/upload/merchant/profile/114322.png","Home & Furniture","[object Object]","null"
"PTC Shop Australia","ptc-shop-australia","https://kickpay.co/activate/ptc-shop-australia?source=rewardist","https://c.cfjump.com/Avatars/18c0d77e-a358-48b8-b803-736787461ead.png","Electronics & Tech","[object Object]","null"
"PURTY BODY Affiliate Program","purty-body-affiliate-program","https://kickpay.co/activate/purty-body-affiliate-program?source=rewardist","https://ui.awin.com/images/upload/merchant/profile/119629.png","Department Store","[object Object]","17%: 12%
15%: 10.5%
12%: 8.5%
Default: 5.5%"
"Pagewings","pagewings","https://kickpay.co/activate/pagewings?source=rewardist","https://www.google.com/s2/favicons?domain=pagewings.com&sz=128","Department Store","[object Object]","null"
"Pagnian Imports","pagnian-imports","https://kickpay.co/activate/pagnian-imports?source=rewardist","https://c.cfjump.com/Avatars/d9d875d1-3a42-4b71-bc5b-1050e870f78e.png","Electronics & Tech","[object Object]","null"
"Palladium Boots","palladium-boots","https://kickpay.co/activate/palladium-boots?source=rewardist","https://www.google.com/s2/favicons?domain=palladiumboots.com&sz=128","Clothing","[object Object]","null"
"Palm Angels","palm-angels","https://kickpay.co/activate/palm-angels?source=rewardist","https://content.flexlinks.com/SharedImages/ProgramSquareLogo/241357.png","Clothing","[object Object]","null"
"Papique_International","papique-international","https://kickpay.co/activate/papique-international?source=rewardist","https://ui.awin.com/images/upload/merchant/profile/126149.png","Beauty & Skincare","[object Object]","null"
"ParkBooker","parkbooker","https://kickpay.co/activate/parkbooker?source=rewardist","https://c.cfjump.com/Avatars/871a092a-cb82-47c8-8eff-98438dee1442.png","Travel","[object Object]","null"
"Pashion Footwear","pashion-footwear","https://kickpay.co/activate/pashion-footwear?source=rewardist","https://www.google.com/s2/favicons?domain=pashionfootwear.com&sz=128","Department Store","[object Object]","null"
"Passchier AU","passchier-au","https://kickpay.co/activate/passchier-au?source=rewardist","https://content.flexlinks.com/SharedImages/ProgramSquareLogo/235288.png","Sports & Outdoors","[object Object]","null"
"Paula's Choice AU","paula-s-choice-au","https://kickpay.co/activate/paula-s-choice-au?source=rewardist","https://www.google.com/s2/favicons?domain=paulaschoice.com.au&sz=128","Beauty & Skincare","[object Object]","null"
"Paula's Choice Malaysia","paula-s-choice-malaysia","https://kickpay.co/activate/paula-s-choice-malaysia?source=rewardist","https://c.cfjump.com/Avatars/1eea4c55-f82f-4541-885d-ccbd37f6cb80.png","Beauty & Skincare","[object Object]","null"
"Paula's Choice Singapore","paula-s-choice-singapore","https://kickpay.co/activate/paula-s-choice-singapore?source=rewardist","https://c.cfjump.com/Avatars/24f381dc-cd3b-4351-8a5d-99907461c064.png","Beauty & Skincare","[object Object]","null"
"Peachy Airport Parking","peachy-airport-parking","https://kickpay.co/activate/peachy-airport-parking?source=rewardist","https://www.google.com/s2/favicons?domain=booking.peachyairportparking.com&sz=128","Travel","[object Object]","null"
"Peak Chocolate","peak-chocolate","https://kickpay.co/activate/peak-chocolate?source=rewardist","https://c.cfjump.com/Avatars/fea43cbe-083e-4890-9d14-16e2c6cbfaa9.png","Beauty & Skincare","[object Object]","null"
"PearlMountain Limited","pearlmountain-limited","https://kickpay.co/activate/pearlmountain-limited?source=rewardist","https://ui.awin.com/images/upload/merchant/profile/90241.png","Electronics & Tech","[object Object]","50.0 Voucher Rate: 35%
Commission 35.0 for Store FlexClip: 24.5%
Commission 35.0 for Store DesignCap: 24.5%
Commission 30.0 for Store DesginEvo: 21%
Default: 21%"
"Pelago by Singapore Airlines","pelago-by-singapore-airlines","https://kickpay.co/activate/pelago-by-singapore-airlines?source=rewardist","https://www.google.com/s2/favicons?domain=pelago.com&sz=128","Department Store","[object Object]","null"
"Penhaligon's ROW","penhaligon-s-row","https://kickpay.co/activate/penhaligon-s-row?source=rewardist","https://www.google.com/s2/favicons?domain=penhaligons.com&sz=128","Department Store","[object Object]","null"
"PetCareClub.com","petcareclub-com","https://kickpay.co/activate/petcareclub-com?source=rewardist","https://www.google.com/s2/favicons?domain=petcareclub.com&sz=128","Pets","[object Object]","null"
"PetSafe","petsafe","https://kickpay.co/activate/petsafe?source=rewardist","https://c.cfjump.com/Avatars/45d3250e-342e-4103-8ad0-200c7c6115c3.png","Department Store","[object Object]","null"
"Petal & Pup AU","petal-and-pup-au","https://kickpay.co/activate/petal-and-pup-au?source=rewardist","/logos/rakuten/petal-and-pup.jpg","Department Store","[object Object]","null"
"Petals Network AU","petals-network-au","https://kickpay.co/activate/petals-network-au?source=rewardist","https://c.cfjump.com/Avatars/4ad74eee-bbe0-487c-93bb-968fae780de3.png","Gifts & Flowers","[object Object]","null"
"Petbarn","petbarn","https://kickpay.co/activate/petbarn?source=rewardist","/logos/rakuten/petbarn.jpg","Pets","[object Object]","Cashback rate varies by product category and may be significantly lower than the maximum. Pet food, litter, and everyday staples typically earn less than specialised products."
"PetsOnMe Pet Insurance","petsonme-pet-insurance","https://kickpay.co/activate/petsonme-pet-insurance?source=rewardist","https://c.cfjump.com/Avatars/4bee126a-0fce-4f5d-8caa-b88d80162756.png","Finance & Insurance","[object Object]","null"
"Petzyo","petzyo","https://kickpay.co/activate/petzyo?source=rewardist","https://c.cfjump.com/Avatars/f4932d77-72f3-4804-b80e-1df1fd9342ba.png","Department Store","[object Object]","null"
"Pharmacy Direct","pharmacy-direct","https://kickpay.co/activate/pharmacy-direct?source=rewardist","https://merchant.linksynergy.com/fs/logo/lg_54341","Beauty & Skincare","[object Object]","null"
"Pharmacy Online","pharmacy-online","https://kickpay.co/activate/pharmacy-online?source=rewardist","https://www.google.com/s2/favicons?domain=pharmacyonline.com.au&sz=128","Health & Wellness","[object Object]","null"
"Phonebot","phonebot","https://kickpay.co/activate/phonebot?source=rewardist","https://c.cfjump.com/Avatars/bf8fefdf-ba5e-4687-9c62-73b327d6d126.png","Electronics & Tech","[object Object]","null"
"Piktochart","piktochart","https://kickpay.co/activate/piktochart?source=rewardist","https://ui.awin.com/images/upload/merchant/profile/36542.png","Electronics & Tech","[object Object]","null"
"Pillow Guy","pillow-guy","https://kickpay.co/activate/pillow-guy?source=rewardist","https://www.google.com/s2/favicons?domain=pillowguy.com&sz=128","Department Store","[object Object]","null"
"Pillow Talk AU","pillow-talk-au","https://kickpay.co/activate/pillow-talk-au?source=rewardist","null","Department Store","[object Object]","null"
"PixVerse Affiliate","pixverse-affiliate","https://kickpay.co/activate/pixverse-affiliate?source=rewardist","https://www.google.com/s2/favicons?domain=pixverse.ai&sz=128","Department Store","[object Object]","Online Sale: 21%
Deposit: 21%
Renewal: 21%"
"Plug","plug","https://kickpay.co/activate/plug?source=rewardist","https://merchant.linksynergy.com/fs/logo/lg_54265","Electronics & Tech","[object Object]","null"
"Plushible.com","plushible-com","https://kickpay.co/activate/plushible-com?source=rewardist","https://ui.awin.com/images/upload/merchant/profile/98869.png","Gifts & Flowers","[object Object]","Default: 8.5%
Diary of a Fit Mommy : 7%"
"Polished London","polished-london","https://kickpay.co/activate/polished-london?source=rewardist","https://c.cfjump.com/Avatars/eb9320a7-84c8-4408-96f2-9f1f34f424f4.png","Beauty & Skincare","[object Object]","null"
"PolyPal - AI Live Translator","polypal-ai-live-translator","https://kickpay.co/activate/polypal-ai-live-translator?source=rewardist","https://www.google.com/s2/favicons?domain=polypal.ai&sz=128","Department Store","[object Object]","Top-up: 14%
New Customers: 21%"
"Pong Cheese","pong-cheese","https://kickpay.co/activate/pong-cheese?source=rewardist","https://www.google.com/s2/favicons?domain=pongcheese.co.uk&sz=128","Food & Drink","[object Object]","null"
"PopAi AI Sheets","popai-ai-sheets","https://kickpay.co/activate/popai-ai-sheets?source=rewardist","https://www.google.com/s2/favicons?domain=sheets.popai.pro&sz=128","Department Store","[object Object]","null"
"Power WearHouse Inc","power-wearhouse-inc","https://kickpay.co/activate/power-wearhouse-inc?source=rewardist","https://ui.awin.com/images/upload/merchant/profile/79548.png","Beauty & Skincare","[object Object]","null"
"PragerU","prageru","https://kickpay.co/activate/prageru?source=rewardist","https://www.google.com/s2/favicons?domain=prageru.com&sz=128","Department Store","[object Object]","null"
"Preala Jewels","preala-jewels","https://kickpay.co/activate/preala-jewels?source=rewardist","https://www.google.com/s2/favicons?domain=prealajewels.com&sz=128","Department Store","[object Object]","null"
"Preply Learners","preply-learners","https://kickpay.co/activate/preply-learners?source=rewardist","https://www.google.com/s2/favicons?domain=preply.com&sz=128","Department Store","[object Object]","null"
"Presentation Intelligence","presentation-intelligence","https://kickpay.co/activate/presentation-intelligence?source=rewardist","https://www.google.com/s2/favicons?domain=pi.inc&sz=128","Department Store","[object Object]","null"
"Price Rite Mart","price-rite-mart","https://kickpay.co/activate/price-rite-mart?source=rewardist","https://c.cfjump.com/Avatars/dbc13f60-e699-4cc5-ab9d-0d18a07011d9.png","Beauty & Skincare","[object Object]","null"
"Priceline Pharmacy","priceline-pharmacy","https://kickpay.co/activate/priceline-pharmacy?source=rewardist","https://c.cfjump.com/Avatars/01fa2796-9b6d-46f9-a3a4-68504ffb86c5.png","Beauty & Skincare","[object Object]","Cashback may not be tracked on click & collect or in-store pickup orders. These purchases are sometimes processed through a different system and may not register with our tracking partner.

Prescription medications, dispensed pharmacy products, and certain health services are excluded from cashback. Some other product categories may also not be eligible."
"Princess Polly AU","princess-polly-au","https://kickpay.co/activate/princess-polly-au?source=rewardist","https://merchant.linksynergy.com/fs/logo/lg_43347","Clothing","[object Object]","null"
"Print Games Now","print-games-now","https://kickpay.co/activate/print-games-now?source=rewardist","https://ui.awin.com/images/upload/merchant/profile/88033.png","Home & Furniture","[object Object]","null"
"PrinterPix DE","printerpix-de","https://kickpay.co/activate/printerpix-de?source=rewardist","https://www.google.com/s2/favicons?domain=printerpix.de&sz=128","Department Store","[object Object]","null"
"Printrendy","printrendy","https://kickpay.co/activate/printrendy?source=rewardist","https://www.google.com/s2/favicons?domain=printrendy.com&sz=128","Department Store","[object Object]","null"
"Promeed","promeed","https://kickpay.co/activate/promeed?source=rewardist","https://www.google.com/s2/favicons?domain=promeed.com&sz=128","Department Store","[object Object]","null"
"Prop Money Inc.","prop-money-inc","https://kickpay.co/activate/prop-money-inc?source=rewardist","/public-objects/merchant-logos/84113-1786199681831.gif","Department Store","[object Object]","null"
"Prosegur Change AU","prosegur-change-au","https://kickpay.co/activate/prosegur-change-au?source=rewardist","https://content.flexlinks.com/SharedImages/ProgramSquareLogo/240378.png","Finance & Insurance","[object Object]","null"
"Pulse Charge","pulse-charge","https://kickpay.co/activate/pulse-charge?source=rewardist","https://www.google.com/s2/favicons?domain=pulsecharge.com.au&sz=128","Home & Furniture","[object Object]","null"
"Pulsetto","pulsetto","https://kickpay.co/activate/pulsetto?source=rewardist","https://ui.awin.com/images/upload/merchant/profile/81357.png","Electronics & Tech","[object Object]","null"
"Pump Haircare","pump-haircare","https://kickpay.co/activate/pump-haircare?source=rewardist","https://c.cfjump.com/Avatars/72b61355-9aed-4181-8200-895f71dc2ea0.png","Beauty & Skincare","[object Object]","null"
"PuppySpot LLC","puppyspot-llc","https://kickpay.co/activate/puppyspot-llc?source=rewardist","https://ui.awin.com/images/upload/merchant/profile/33305.png","Home & Furniture","[object Object]","null"
"Pure Daily Care","pure-daily-care","https://kickpay.co/activate/pure-daily-care?source=rewardist","https://ui.awin.com/images/upload/merchant/profile/95313.png","Beauty & Skincare","[object Object]","null"
"PurelyAlpaca","purelyalpaca","https://kickpay.co/activate/purelyalpaca?source=rewardist","https://ui.awin.com/images/upload/merchant/profile/88827.png","Clothing","[object Object]","11.0 Voucher Rate: 7.5%
Default: 7%"
"QBD Books","qbd-books","https://kickpay.co/activate/qbd-books?source=rewardist","https://c.cfjump.com/Avatars/c2ae62d9-756b-4e4a-9279-ac72a5764032.png","Entertainment","[object Object]","null"
"QT Hotels & Resorts","qt-hotels-and-resorts","https://kickpay.co/activate/qt-hotels-and-resorts?source=rewardist","https://www.google.com/s2/favicons?domain=qthotels.com&sz=128","Finance & Insurance","[object Object]","Flash Sale: Up to 30% off direct bookings. Book 9-13 July 2026 for stays 9 July - 30 Sept 2026. Terms & conditions apply."
"Qathu","qathu","https://kickpay.co/activate/qathu?source=rewardist","https://www.google.com/s2/favicons?domain=onebioshop.com&sz=128","Department Store","[object Object]","null"
"Qathu - K-Beauty Store","qathu-k-beauty-store","https://kickpay.co/activate/qathu-k-beauty-store?source=rewardist","https://www.google.com/s2/favicons?domain=qathu.com&sz=128","Department Store","[object Object]","null"
"Qompass Voyage Limited","qompass-voyage-limited","https://kickpay.co/activate/qompass-voyage-limited?source=rewardist","https://www.google.com/s2/favicons?domain=qeeq.com&sz=128","Department Store","[object Object]","null"
"Quicklens","quicklens","https://kickpay.co/activate/quicklens?source=rewardist","https://c.cfjump.com/Avatars/61e879b7-76e1-4c39-968f-7b67ffc539be.png","Beauty & Skincare","[object Object]","null"
"Quiksilver","quiksilver","https://kickpay.co/activate/quiksilver?source=rewardist","https://c.cfjump.com/Avatars/bf35da74-55ab-4afa-9b4c-69a612c02764.png","Clothing","[object Object]","null"
"RAVPower","ravpower","https://kickpay.co/activate/ravpower?source=rewardist","https://www.google.com/s2/favicons?domain=ravpower.com&sz=128","Department Store","[object Object]","null"
"RC & Co","rc-and-co","https://kickpay.co/activate/rc-and-co?source=rewardist","https://c.cfjump.com/Avatars/e3fadee0-4359-4568-97f6-78cbb8c40b5c.png","Clothing","[object Object]","null"
"RELIQUIA","reliquia","https://kickpay.co/activate/reliquia?source=rewardist","https://c.cfjump.com/Avatars/10c3270d-2dab-4a7a-91eb-c1c8bd93dcea.png","Jewellery & Watches","[object Object]","null"
"REMIC","remic","https://kickpay.co/activate/remic?source=rewardist","https://www.google.com/s2/favicons?domain=remic.ca&sz=128","Department Store","[object Object]","null"
"REVO","revo","https://kickpay.co/activate/revo?source=rewardist","https://ui.awin.com/images/upload/merchant/profile/127003.png","Beauty & Skincare","[object Object]","null"
"ROCKBROS","rockbros","https://kickpay.co/activate/rockbros?source=rewardist","https://ui.awin.com/images/upload/merchant/profile/122456.png","Sports & Outdoors","[object Object]","null"
"ROKA","roka","https://kickpay.co/activate/roka?source=rewardist","https://www.google.com/s2/favicons?domain=roka.com&sz=128","Clothing","[object Object]","null"
"RY - Recreate Yourself","ry-recreate-yourself","https://kickpay.co/activate/ry-recreate-yourself?source=rewardist","https://www.google.com/s2/favicons?domain=ry.com.au&sz=128","Beauty & Skincare","[object Object]","null"
"Raco","raco","https://kickpay.co/activate/raco?source=rewardist","https://c.cfjump.com/Avatars/99e3475b-30b0-43a1-97ec-86074e2ba667.png","Home & Furniture","[object Object]","null"
"Radisson Hotel Group  APAC","radisson-hotel-group-apac","https://kickpay.co/activate/radisson-hotel-group-apac?source=rewardist","https://www.google.com/s2/favicons?domain=radisson.com&sz=128","Department Store","[object Object]","null"
"Ragnok Technology Ltd.","ragnok-technology-ltd","https://kickpay.co/activate/ragnok-technology-ltd?source=rewardist","https://www.google.com/s2/favicons?domain=ragnok.com&sz=128","Department Store","[object Object]","null"
"Ray-Ban AUS","ray-ban-aus","https://kickpay.co/activate/ray-ban-aus?source=rewardist","https://www.google.com/s2/favicons?domain=ray-ban.com&sz=128","Department Store","[object Object]","null"
"Red Equipment","red-equipment","https://kickpay.co/activate/red-equipment?source=rewardist","https://c.cfjump.com/Avatars/16a06769-de23-4fc5-9b62-235544e7fab5.png","Sports & Outdoors","[object Object]","null"
"Red Rat Clothing","red-rat-clothing","https://kickpay.co/activate/red-rat-clothing?source=rewardist","https://c.cfjump.com/Avatars/ae8567e6-a598-4b4d-8d8a-5742e3a98287.png","Clothing","[object Object]","null"
"Regroup Media","regroup-media","https://kickpay.co/activate/regroup-media?source=rewardist","https://ui.awin.com/images/upload/merchant/profile/110972.png","Clothing","[object Object]","null"
"Remedy Drinks","remedy-drinks","https://kickpay.co/activate/remedy-drinks?source=rewardist","https://c.cfjump.com/Avatars/6d3f4695-7f50-473e-99c5-e5d68a030fe5.png","Food & Drink","[object Object]","null"
"Rene Caovilla","rene-caovilla","https://kickpay.co/activate/rene-caovilla?source=rewardist","https://www.google.com/s2/favicons?domain=renecaovilla.com&sz=128","Clothing","[object Object]","null"
"Renogy Affiliate Program","renogy-affiliate-program","https://kickpay.co/activate/renogy-affiliate-program?source=rewardist","https://www.google.com/s2/favicons?domain=renogy.com&sz=128","Department Store","[object Object]","CA Online Sale: 4%
GER Online Sale: 4%
AU Online Sale: 4%
IT Online Sale: 4%
FR Online Sale: 4%
UK Online Sale: 4%
ES Online Sale: 4%
NL Online Sale: 4%"
"Renovator Store","renovator-store","https://kickpay.co/activate/renovator-store?source=rewardist","https://c.cfjump.com/Avatars/b042d220-5131-448c-b600-09ca62b079fb.png","Garden & DIY","[object Object]","null"
"Renpho AU","renpho-au","https://kickpay.co/activate/renpho-au?source=rewardist","https://www.google.com/s2/favicons?domain=renpho.au&sz=128","Department Store","[object Object]","null"
"Rentcars 2 (WW)","rentcars-2-ww","https://kickpay.co/activate/rentcars-2-ww?source=rewardist","https://www.google.com/s2/favicons?domain=rentcars.com&sz=128","Travel","[object Object]","null"
"RespectHealth","respecthealth","https://kickpay.co/activate/respecthealth?source=rewardist","https://www.google.com/s2/favicons?domain=respecthealth.com.au&sz=128","Health & Wellness","[object Object]","null"
"Restaurant.com","restaurant-com","https://kickpay.co/activate/restaurant-com?source=rewardist","https://www.google.com/s2/favicons?domain=restaurant.com&sz=128","Food & Drink","[object Object]","null"
"Retro Stage","retro-stage","https://kickpay.co/activate/retro-stage?source=rewardist","https://www.google.com/s2/favicons?domain=retro-stage.com&sz=128","Department Store","[object Object]","null"
"Ride Electric","ride-electric","https://kickpay.co/activate/ride-electric?source=rewardist","https://c.cfjump.com/Avatars/3313740b-67bf-4562-a381-5556c6770e04.png","Automotive","[object Object]","null"
"Riibase - All in One CRM","riibase-all-in-one-crm","https://kickpay.co/activate/riibase-all-in-one-crm?source=rewardist","https://www.google.com/s2/favicons?domain=riibase.com&sz=128","Department Store","[object Object]","null"
"Rinkit AUS","rinkit-aus","https://kickpay.co/activate/rinkit-aus?source=rewardist","https://ui.awin.com/images/upload/merchant/profile/115124.png","Home & Furniture","[object Object]","NEW: 7%
RETURN: 7%
Default: 7%"
"Rio Beverages","rio-beverages","https://kickpay.co/activate/rio-beverages?source=rewardist","https://ui.awin.com/images/upload/merchant/profile/116339.png","Food & Drink","[object Object]","null"
"Rip Curl","rip-curl","https://kickpay.co/activate/rip-curl?source=rewardist","https://c.cfjump.com/Avatars/55040c12-3f50-4788-9c87-cba8a732aada.png","Clothing","[object Object]","null"
"Roamable","roamable","https://kickpay.co/activate/roamable?source=rewardist","https://ui.awin.com/images/upload/merchant/profile/118127.png","Electronics & Tech","[object Object]","null"
"Roberto Cavalli","roberto-cavalli","https://kickpay.co/activate/roberto-cavalli?source=rewardist","https://content.flexlinks.com/SharedImages/ProgramSquareLogo/240064.png","Department Store","[object Object]","null"
"Robins Kitchen","robins-kitchen","https://kickpay.co/activate/robins-kitchen?source=rewardist","https://c.cfjump.com/Avatars/8dfa365e-b609-4b4f-9c13-43bb217cd055.png","Home & Furniture","[object Object]","null"
"Robinsons","robinsons","https://kickpay.co/activate/robinsons?source=rewardist","https://c.cfjump.com/Avatars/e481e08e-9ab0-4b4e-8e19-9495268d74f7.png","Department Store","[object Object]","null"
"Roborock","roborock","https://kickpay.co/activate/roborock?source=rewardist","https://merchant.linksynergy.com/fs/logo/lg_53108","Home & Furniture","[object Object]","null"
"Roborock SE","roborock-se","https://kickpay.co/activate/roborock-se?source=rewardist","https://www.google.com/s2/favicons?domain=se.roborock.com&sz=128","Home & Furniture","[object Object]","null"
"Rowabi LLC","rowabi-llc","https://kickpay.co/activate/rowabi-llc?source=rewardist","https://www.google.com/s2/favicons?domain=rowabi.com&sz=128","Department Store","[object Object]","null"
"Roxy","roxy","https://kickpay.co/activate/roxy?source=rewardist","https://c.cfjump.com/Avatars/6a553f3d-0883-433e-80f6-10688a51ce3a.png","Clothing","[object Object]","null"
"RugOne","rugone","https://kickpay.co/activate/rugone?source=rewardist","https://www.google.com/s2/favicons?domain=store.rugone.net&sz=128","Department Store","[object Object]","null"
"Rydges Hotels & Resorts","rydges-hotels-and-resorts","https://kickpay.co/activate/rydges-hotels-and-resorts?source=rewardist","https://www.google.com/s2/favicons?domain=rydges.com&sz=128","Finance & Insurance","[object Object]","Flash Sale: Up to 30% off direct bookings. Book 9-13 July 2026 for stays 9 July - 30 Sept 2026. Terms & conditions apply."
"SANS DRINKS","sans-drinks","https://kickpay.co/activate/sans-drinks?source=rewardist","https://c.cfjump.com/Avatars/c48b9beb-66eb-4fe8-9dff-0802516466a7.png","Food & Drink","[object Object]","null"
"SANSI LED LIGHTING INC.","sansi-led-lighting-inc","https://kickpay.co/activate/sansi-led-lighting-inc?source=rewardist","https://ui.awin.com/images/upload/merchant/profile/90057.png","Home & Furniture","[object Object]","null"
"SHOKZ AU","shokz-au","https://kickpay.co/activate/shokz-au?source=rewardist","https://www.google.com/s2/favicons?domain=shokz.com.au&sz=128","Electronics & Tech","[object Object]","null"
"SILK LAUNDRY","silk-laundry","https://kickpay.co/activate/silk-laundry?source=rewardist","https://c.cfjump.com/Avatars/6f91e6a9-76d0-408b-9bd9-89ba3ed0bc10.png","Clothing","[object Object]","null"
"SIRUI","sirui","https://kickpay.co/activate/sirui?source=rewardist","https://ui.awin.com/images/upload/merchant/profile/76364.png","Department Store","[object Object]","null"
"SNDYS","sndys","https://kickpay.co/activate/sndys?source=rewardist","https://c.cfjump.com/Avatars/0ce17b2d-1b26-490b-aed7-dfbadab1dc55.png","Clothing","[object Object]","null"
"SSS Hair","sss-hair","https://kickpay.co/activate/sss-hair?source=rewardist","https://c.cfjump.com/Avatars/df38e9bd-48d3-40df-baf6-a7eef79c8bdb.png","Beauty & Skincare","[object Object]","null"
"SWEAT AU","sweat-au","https://kickpay.co/activate/sweat-au?source=rewardist","https://content.flexlinks.com/SharedImages/ProgramSquareLogo/245234.png","Sports & Outdoors","[object Object]","null"
"Sand&Sky","sand-and-sky","https://kickpay.co/activate/sand-and-sky?source=rewardist","https://www.google.com/s2/favicons?domain=sandandsky.com&sz=128","Department Store","[object Object]","null"
"Sass Clothing","sass-clothing","https://kickpay.co/activate/sass-clothing?source=rewardist","https://c.cfjump.com/Avatars/64eb4fc6-ae07-4643-a0ba-5f1aad223164.png","Clothing","[object Object]","null"
"Sassy Organics","sassy-organics","https://kickpay.co/activate/sassy-organics?source=rewardist","https://c.cfjump.com/Avatars/3451187c-97e4-4855-9442-1dcb25c48608.png","Beauty & Skincare","[object Object]","null"
"Scarosso","scarosso","https://kickpay.co/activate/scarosso?source=rewardist","https://content.flexlinks.com/SharedImages/ProgramSquareLogo/187396.png","Clothing","[object Object]","null"
"Scent Box","scent-box","https://kickpay.co/activate/scent-box?source=rewardist","https://c.cfjump.com/Avatars/833fbae5-f633-462c-a123-acf726334d52.png","Beauty & Skincare","[object Object]","null"
"ScentBox.com","scentbox-com","https://kickpay.co/activate/scentbox-com?source=rewardist","https://ui.awin.com/images/upload/merchant/profile/89547.png","Beauty & Skincare","[object Object]","null"
"Schots Home Emporium","schots-home-emporium","https://kickpay.co/activate/schots-home-emporium?source=rewardist","https://c.cfjump.com/Avatars/0560656f-0125-4a99-8cdc-ecb3729791da.png","Home & Furniture","[object Object]","null"
"Scoopon","scoopon","https://kickpay.co/activate/scoopon?source=rewardist","https://content.flexlinks.com/SharedImages/ProgramSquareLogo/193242.png","Pets","[object Object]","null"
"Scribendi","scribendi","https://kickpay.co/activate/scribendi?source=rewardist","https://ui.awin.com/images/upload/merchant/profile/89319.png","Education & Services","[object Object]","Legacy: 10.5%
Premier: 7%
Partner: 5.5%
Active: 3.5%
Starter: 2%
Default: 2%"
"Sebastian Cruz Couture","sebastian-cruz-couture","https://kickpay.co/activate/sebastian-cruz-couture?source=rewardist","https://ui.awin.com/images/upload/merchant/profile/88999.png","Clothing","[object Object]","Default: 7%
New vs Returning Customers- 35126: 0%"
"Segway-Ninebot","segway-ninebot","https://kickpay.co/activate/segway-ninebot?source=rewardist","https://merchant.linksynergy.com/fs/logo/lg_53127","Sports & Outdoors","[object Object]","null"
"Sephora Australia","sephora-australia","https://kickpay.co/activate/sephora-australia?source=rewardist","https://content.flexlinks.com/SharedImages/ProgramSquareLogo/243975.png","Beauty & Skincare","[object Object]","null"
"Shark AU","shark-au","https://kickpay.co/activate/shark-au?source=rewardist","https://content.flexlinks.com/SharedImages/ProgramSquareLogo/239985.png","Electronics & Tech","[object Object]","null"
"Sheike AU","sheike-au","https://kickpay.co/activate/sheike-au?source=rewardist","https://logo.clearbit.com/sheike.com.au","Department Store","[object Object]","null"
"Shenzhen MaiQiWei Technology Co., Ltd","shenzhen-maiqiwei-technology-co-ltd","https://kickpay.co/activate/shenzhen-maiqiwei-technology-co-ltd?source=rewardist","https://ui.awin.com/images/upload/merchant/profile/40148.png","Beauty & Skincare","[object Object]","null"
"Shiels Jewellers","shiels-jewellers","https://kickpay.co/activate/shiels-jewellers?source=rewardist","https://merchant.linksynergy.com/fs/logo/lg_53948","Department Store","[object Object]","null"
"Shiseido","shiseido","https://kickpay.co/activate/shiseido?source=rewardist","https://www.google.com/s2/favicons?domain=shiseido.com&sz=128","Beauty & Skincare","[object Object]","null"
"Sidi","sidi","https://kickpay.co/activate/sidi?source=rewardist","https://www.google.com/s2/favicons?domain=sidi.com&sz=128","Department Store","[object Object]","Existing Customers: 3%
Online Sale: 4%"
"Simon Carter","simon-carter","https://kickpay.co/activate/simon-carter?source=rewardist","https://content.flexlinks.com/SharedImages/ProgramSquareLogo/177522.png","Clothing","[object Object]","null"
"Simply Wholesale","simply-wholesale","https://kickpay.co/activate/simply-wholesale?source=rewardist","/logos/rakuten/simply-wholesale.png","Pets","[object Object]","null"
"Sin Eyewear","sin-eyewear","https://kickpay.co/activate/sin-eyewear?source=rewardist","/logos/rakuten/sin-eyewear.png","Department Store","[object Object]","null"
"Sinocare","sinocare","https://kickpay.co/activate/sinocare?source=rewardist","https://ui.awin.com/images/upload/merchant/profile/114180.png","Beauty & Skincare","[object Object]","Featured Products: 8.5%
Default: 5.5%
Returning customers: 4%"
"Sinocrafted","sinocrafted","https://kickpay.co/activate/sinocrafted?source=rewardist","https://www.google.com/s2/favicons?domain=sinocrafted.com&sz=128","Department Store","[object Object]","null"
"Siren Shoes","siren-shoes","https://kickpay.co/activate/siren-shoes?source=rewardist","https://c.cfjump.com/Avatars/2f1f2192-69cd-4109-b340-069dd4ddcc42.png","Clothing","[object Object]","null"
"Sisterparty","sisterparty","https://kickpay.co/activate/sisterparty?source=rewardist","https://www.google.com/s2/favicons?domain=sisterparty.com&sz=128","Department Store","[object Object]","null"
"Skin Control AU","skin-control-au","https://kickpay.co/activate/skin-control-au?source=rewardist","https://content.flexlinks.com/SharedImages/ProgramSquareLogo/239548.png","Beauty & Skincare","[object Object]","null"
"SkyParkSecure","skyparksecure","https://kickpay.co/activate/skyparksecure?source=rewardist","https://content.flexlinks.com/SharedImages/ProgramSquareLogo/245213.png","Travel","[object Object]","null"
"Skylark Travel Group","skylark-travel-group","https://kickpay.co/activate/skylark-travel-group?source=rewardist","https://ui.awin.com/images/upload/merchant/profile/106305.png","Travel","[object Object]","Membership: 14%
Default: 3.5%"
"Slicethepie","slicethepie","https://kickpay.co/activate/slicethepie?source=rewardist","https://www.google.com/s2/favicons?domain=slicethepie.com&sz=128","Department Store","[object Object]","null"
"SmartBuyGlasses","smartbuyglasses","https://kickpay.co/activate/smartbuyglasses?source=rewardist","https://www.google.com/s2/favicons?domain=smartbuyglasses.com&sz=128","Department Store","[object Object]","null"
"SmartBuyGlasses SEA","smartbuyglasses-sea","https://kickpay.co/activate/smartbuyglasses-sea?source=rewardist","https://c.cfjump.com/Avatars/9c6a11be-b2ce-4968-af0e-365c22bff900.png","Beauty & Skincare","[object Object]","null"
"Smartravel Ebike","smartravel-ebike","https://kickpay.co/activate/smartravel-ebike?source=rewardist","https://content.flexlinks.com/SharedImages/ProgramSquareLogo/237582.png","Electronics & Tech","[object Object]","null"
"Smartwings","smartwings","https://kickpay.co/activate/smartwings?source=rewardist","https://www.google.com/s2/favicons?domain=smartwingshome.com&sz=128","Department Store","[object Object]","null"
"Smoke Cartel","smoke-cartel","https://kickpay.co/activate/smoke-cartel?source=rewardist","https://ui.awin.com/images/upload/merchant/profile/77378.png","Beauty & Skincare","[object Object]","Puffco - Reduced Rate- 170609: 3.5%
Excluded From Commission Bonuses- 152718: 3.5%
Excluded From Commission Bonuses- 98538: 3.5%
Puffco Excluded From Commission Bonuses- 170608: 3.5%
Returning Customer: 3.5%
D9 Products: 3.5%
Default: 3.5%
Extended Warranty  Insurance is Not Eligible For Commissions  - 83759: 0%"
"Snap Rentals","snap-rentals","https://kickpay.co/activate/snap-rentals?source=rewardist","https://merchant.linksynergy.com/fs/logo/lg_53420","Department Store","[object Object]","null"
"Snooza Pet Products","snooza-pet-products","https://kickpay.co/activate/snooza-pet-products?source=rewardist","https://c.cfjump.com/Avatars/71db6973-1fa1-4fcb-bb65-b5a79fa203d9.png","Department Store","[object Object]","null"
"SnoreMeds LLC","snoremeds-llc","https://kickpay.co/activate/snoremeds-llc?source=rewardist","https://ui.awin.com/images/upload/merchant/profile/82539.png","Beauty & Skincare","[object Object]","null"
"SocialPilot","socialpilot","https://kickpay.co/activate/socialpilot?source=rewardist","https://www.google.com/s2/favicons?domain=socialpilot.co&sz=128","Department Store","[object Object]","null"
"Sockerbit","sockerbit","https://kickpay.co/activate/sockerbit?source=rewardist","https://www.google.com/s2/favicons?domain=sockerbit.com&sz=128","Food & Drink","[object Object]","null"
"Solbari","solbari","https://kickpay.co/activate/solbari?source=rewardist","https://c.cfjump.com/Avatars/13ba5bc0-9ea9-491f-ac18-59f8b83b7cfd.png","Clothing","[object Object]","null"
"Sole Fitness","sole-fitness","https://kickpay.co/activate/sole-fitness?source=rewardist","https://www.google.com/s2/favicons?domain=soletreadmills.com&sz=128","Sports & Outdoors","[object Object]","null"
"Solidteknics","solidteknics","https://kickpay.co/activate/solidteknics?source=rewardist","https://c.cfjump.com/Avatars/7e155661-7166-469a-90e8-020508c6fdd8.png","Home & Furniture","[object Object]","null"
"Sonos APAC","sonos-apac","https://kickpay.co/activate/sonos-apac?source=rewardist","https://www.google.com/s2/favicons?domain=sonos.com&sz=128","Department Store","[object Object]","New Customers: 2%
Existing Customers: 0.5%
Online Sale: 0.5%"
"Soon Maternity","soon-maternity","https://kickpay.co/activate/soon-maternity?source=rewardist","https://c.cfjump.com/Avatars/510fa65d-7f5e-4d2a-b49c-618feb2a9412.png","Clothing","[object Object]","null"
"SotoDealsLLC","sotodealsllc","https://kickpay.co/activate/sotodealsllc?source=rewardist","https://ui.awin.com/images/upload/merchant/profile/49185.png","Beauty & Skincare","[object Object]","null"
"Southwest Airlines Rapid Rewards - Points.com","southwest-airlines-rapid-rewards-points-com","https://kickpay.co/activate/southwest-airlines-rapid-rewards-points-com?source=rewardist","https://www.google.com/s2/favicons?domain=points.com&sz=128","Department Store","[object Object]","null"
"Space General","space-general","https://kickpay.co/activate/space-general?source=rewardist","https://c.cfjump.com/Avatars/01c76fc5-fe21-4f15-b8e4-46471f637544.png","Home & Furniture","[object Object]","null"
"Speedo","speedo","https://kickpay.co/activate/speedo?source=rewardist","https://c.cfjump.com/Avatars/969fa113-ef24-4750-ab54-75dc1adc3fa9.png","Clothing","[object Object]","null"
"Spell","spell","https://kickpay.co/activate/spell?source=rewardist","https://c.cfjump.com/Avatars/416cc4e3-730f-408f-ae6b-35a044380db6.png","Clothing","[object Object]","null"
"Spicers Retreats","spicers-retreats","https://kickpay.co/activate/spicers-retreats?source=rewardist","https://c.cfjump.com/Avatars/e7d75067-63dc-4fba-b0fd-d2d879ea804d.png","Travel","[object Object]","null"
"Springfree Trampoline AU","springfree-trampoline-au","https://kickpay.co/activate/springfree-trampoline-au?source=rewardist","https://c.cfjump.com/Avatars/6fac0c83-c4fa-45a8-8e6b-7f1ae415ac43.png","Kids & Baby","[object Object]","null"
"St.Frock AU","st-frock-au","https://kickpay.co/activate/st-frock-au?source=rewardist","https://www.google.com/s2/favicons?domain=stfrock.com.au&sz=128","Finance & Insurance","[object Object]","null"
"Stan Cash Electrical, Bed","stan-cash-electrical-bed","https://kickpay.co/activate/stan-cash-electrical-bed?source=rewardist","https://merchant.linksynergy.com/fs/logo/lg_53996","Clothing","[object Object]","null"
"Star-Naming","star-naming","https://kickpay.co/activate/star-naming?source=rewardist","https://ui.awin.com/images/upload/merchant/profile/78138.png","Gifts & Flowers","[object Object]","null"
"Starlight Lighting","starlight-lighting","https://kickpay.co/activate/starlight-lighting?source=rewardist","https://ui.awin.com/images/upload/merchant/profile/89797.png","Home & Furniture","[object Object]","null"
"Steve Madden AU","steve-madden-au","https://kickpay.co/activate/steve-madden-au?source=rewardist","https://www.google.com/s2/favicons?domain=stevemadden.com.au&sz=128","Department Store","[object Object]","null"
"Strawberrynet","strawberrynet","https://kickpay.co/activate/strawberrynet?source=rewardist","https://www.google.com/s2/favicons?domain=strawberrynet.com&sz=128","Beauty & Skincare","[object Object]","Cashback is not available on orders shipped to China or Taiwan. Health and wellness products in the Non-DG category earn 0% cashback. Returning customers earn the same rate as new customers within a 30-day cookie window. Cashback is calculated on the product price before shipping and taxes."
"Striking Viking","striking-viking","https://kickpay.co/activate/striking-viking?source=rewardist","https://www.google.com/s2/favicons?domain=vikingbeardgear.com&sz=128","Department Store","[object Object]","null"
"Stuhrling Original","stuhrling-original","https://kickpay.co/activate/stuhrling-original?source=rewardist","https://www.google.com/s2/favicons?domain=stuhrling.com&sz=128","Clothing","[object Object]","null"
"Stumptown Coffee Roasters","stumptown-coffee-roasters","https://kickpay.co/activate/stumptown-coffee-roasters?source=rewardist","https://ui.awin.com/images/upload/merchant/profile/35221.png","Food & Drink","[object Object]","Commission for new customers: 5.5%
Default: 3%"
"StyleWe","stylewe","https://kickpay.co/activate/stylewe?source=rewardist","https://content.flexlinks.com/SharedImages/ProgramSquareLogo/180860.png","Clothing","[object Object]","null"
"Styletread","styletread","https://kickpay.co/activate/styletread?source=rewardist","https://c.cfjump.com/Avatars/d8afff2a-1f43-469b-906d-9c2266362555.png","Clothing","[object Object]","null"
"Stylevana","stylevana","https://kickpay.co/activate/stylevana?source=rewardist","https://c.cfjump.com/Avatars/4b18bd93-f41f-45c5-b205-56897eec30a7.png","Clothing","[object Object]","null"
"Stylevana Affiliate Program","stylevana-affiliate-program","https://kickpay.co/activate/stylevana-affiliate-program?source=rewardist","https://www.google.com/s2/favicons?domain=stylevana.com&sz=128","Beauty & Skincare","[object Object]","null"
"Summi Summi","summi-summi","https://kickpay.co/activate/summi-summi?source=rewardist","https://c.cfjump.com/Avatars/ad6d9479-6d59-4af9-8f24-d88d5e8abc11.png","Clothing","[object Object]","null"
"Sunday Bedding","sunday-bedding","https://kickpay.co/activate/sunday-bedding?source=rewardist","https://c.cfjump.com/Avatars/fde57353-1034-4494-a53d-a9947eabfeea.png","Home & Furniture","[object Object]","null"
"Sunglass Hut AUS","sunglass-hut-aus","https://kickpay.co/activate/sunglass-hut-aus?source=rewardist","https://www.google.com/s2/favicons?domain=sunglasshut.com&sz=128","Department Store","[object Object]","null"
"Sunport Airport Parking","sunport-airport-parking","https://kickpay.co/activate/sunport-airport-parking?source=rewardist","https://www.google.com/s2/favicons?domain=booking.apsunport.com&sz=128","Travel","[object Object]","null"
"Super Sleeper Pro","super-sleeper-pro","https://kickpay.co/activate/super-sleeper-pro?source=rewardist","https://c.cfjump.com/Avatars/0167bc23-365a-44da-bb22-7d6c12be5f0b.png","Home & Furniture","[object Object]","null"
"Superspares","superspares","https://kickpay.co/activate/superspares?source=rewardist","https://c.cfjump.com/Avatars/5420b7a8-6b4a-4667-9aa0-f8a926a479ae.png","Automotive","[object Object]","null"
"Supplement Mart","supplement-mart","https://kickpay.co/activate/supplement-mart?source=rewardist","https://c.cfjump.com/Avatars/45ab0541-cf04-4769-bbc6-c5b558119650.png","Beauty & Skincare","[object Object]","null"
"Supre","supre","https://kickpay.co/activate/supre?source=rewardist","https://merchant.linksynergy.com/fs/logo/lg_41308","Clothing","[object Object]","null"
"Surf Dive 'n Ski","surf-dive-n-ski","https://kickpay.co/activate/surf-dive-n-ski?source=rewardist","https://c.cfjump.com/Avatars/96d56657-783a-4772-97db-073f68bd8c54.png","Clothing","[object Object]","null"
"Surfshark","surfshark","https://kickpay.co/activate/surfshark?source=rewardist","https://www.google.com/s2/favicons?domain=surfshark.com&sz=128","Department Store","[object Object]","null"
"Swanson Health Products","swanson-health-products","https://kickpay.co/activate/swanson-health-products?source=rewardist","https://www.google.com/s2/favicons?domain=swansonvitamins.com&sz=128","Department Store","[object Object]","null"
"Sweethome","sweethome","https://kickpay.co/activate/sweethome?source=rewardist","https://ui.awin.com/images/upload/merchant/profile/37526.png","Home & Furniture","[object Object]","Default: 7%
Rule 2- 179626: 1.5%"
"T2 Tea","t2-tea","https://kickpay.co/activate/t2-tea?source=rewardist","https://logo.clearbit.com/t2tea.com","Department Store","[object Object]","Rates vary by customer status. Products on the affiliate offer exclusion list earn no cashback."
"THE BAD PEACH","the-bad-peach","https://kickpay.co/activate/the-bad-peach?source=rewardist","https://ui.awin.com/images/upload/merchant/profile/125162.png","Department Store","[object Object]","null"
"TSB Living","tsb-living","https://kickpay.co/activate/tsb-living?source=rewardist","https://c.cfjump.com/Avatars/7f68aad5-f4ef-46d7-87f9-ce2e45629dcf.png","Department Store","[object Object]","null"
"TVCMALL","tvcmall","https://kickpay.co/activate/tvcmall?source=rewardist","https://www.google.com/s2/favicons?domain=tvcmall.com&sz=128","Department Store","[object Object]","Denmark/ Danmark/ Finland/ Suomi/ Iceland/ Ísland/ Norway/ Norge/ Sweden/ Sverige/ Austria/ Österreich/ Belgium/ België/ Belgique/ Belgien/ France/ Germany/ Deutschland/ Liechtenstein/ Luxembourg/ Lëtzebuerg/ Luxemburg/ Monaco/ Netherlands/ Nederland/ Switzerland/ Schweiz/ Suisse/ Svizzera/ Svizra/ United Kingdom/ Albania/ Shqip/ Andorra/ Bosnia and Herzegovina/ Bosna i Hercegovina/ Croatia/ Hrvatska/ Cyprus/ Κύπρος/ Kıbrıs/ Greece/ Ελλάδα/ Elláda/ Italy/ Italia/ Malta/ Il-Malta/ Montenegro/ Crna Gora/ Portugal/ San Marino/ Spain/ España/ Vatican City/ Città del Vaticano/ Belarus/ Беларусь/ Belarus’/ Bulgaria/ България/ Bǎlgariya/ Czech Republic/ Česká republika/ Estonia/ Eesti/ Hungary/ Magyarország/ Kosovo/ Kosovë/ Kosovo/ Latvia/ Latvija/ Lithuania/ Lietuva/ Moldova/ Republica Moldova/ North Macedonia/ Северна Македонија/ Severna Makedonija/ Poland/ Polska/ Romania/ România/ Russia/ Россия/ Rossiya/ Serbia/ Србија/ Srbija/ Slovakia/ Slovensko/ Slovenia/ Slovenija/ Ukraine/ Україна/ Ukrayina New Customers: 7.5%
New Customers: 5%
Online Sale: 3.5%"
"TWYG Skincare","twyg-skincare","https://kickpay.co/activate/twyg-skincare?source=rewardist","https://merchant.linksynergy.com/fs/logo/lg_54127","Clothing","[object Object]","null"
"Tangerine Telecom","tangerine-telecom","https://kickpay.co/activate/tangerine-telecom?source=rewardist","https://c.cfjump.com/Avatars/9777a59b-0dbe-4421-a587-348ccca13be2.png","Electronics & Tech","[object Object]","null"
"Tangerine Telecom AU","tangerine-telecom-au","https://kickpay.co/activate/tangerine-telecom-au?source=rewardist","https://content.flexlinks.com/SharedImages/ProgramSquareLogo/234961.png","Department Store","[object Object]","null"
"Taro AU","taro-au","https://kickpay.co/activate/taro-au?source=rewardist","https://content.flexlinks.com/SharedImages/ProgramSquareLogo/171063.png","Department Store","[object Object]","null"
"Tech Sales Online","tech-sales-online","https://kickpay.co/activate/tech-sales-online?source=rewardist","https://c.cfjump.com/Avatars/9fc06539-e590-4837-9fed-605fa10207f0.png","Electronics & Tech","[object Object]","null"
"Tech With Abdullah Affiliate Program","tech-with-abdullah-affiliate-program","https://kickpay.co/activate/tech-with-abdullah-affiliate-program?source=rewardist","https://ui.awin.com/images/upload/merchant/profile/126951.png","Electronics & Tech","[object Object]","null"
"Technogym Australia","technogym-australia","https://kickpay.co/activate/technogym-australia?source=rewardist","https://c.cfjump.com/Avatars/dafb655f-d9f8-41b5-bdb8-9ea747dc7bb3.png","Sports & Outdoors","[object Object]","null"
"Tefal AU","tefal-au","https://kickpay.co/activate/tefal-au?source=rewardist","https://c.cfjump.com/Avatars/db0f76ce-cce6-4860-a80e-000db055b6e1.png","Home & Furniture","[object Object]","null"
"Temu","temu","https://kickpay.co/activate/temu?source=rewardist","https://www.google.com/s2/favicons?domain=temu.com&sz=128","Department Store","[object Object]","Your Temu cashback may take up to 2 days to appear — this is completely normal and just means we're waiting on confirmation from Temu. The moment we receive it, your cashback will be credited to your account instantly. No need to do anything — we've got it covered."
"The Aeternum Company","the-aeternum-company","https://kickpay.co/activate/the-aeternum-company?source=rewardist","https://ui.awin.com/images/upload/merchant/profile/82371.png","Beauty & Skincare","[object Object]","null"
"The Australian Organic","the-australian-organic","https://kickpay.co/activate/the-australian-organic?source=rewardist","https://c.cfjump.com/Avatars/3f07c1d7-2ad3-4252-a589-2f88a9b0b641.png","Beauty & Skincare","[object Object]","null"
"The Australian Wine","the-australian-wine","https://kickpay.co/activate/the-australian-wine?source=rewardist","https://content.flexlinks.com/SharedImages/ProgramSquareLogo/241385.png","Food & Drink","[object Object]","null"
"The Ayurveda Experience","the-ayurveda-experience","https://kickpay.co/activate/the-ayurveda-experience?source=rewardist","https://c.cfjump.com/Avatars/d9dc8385-792b-4b72-8d1b-a0c10235d84a.png","Beauty & Skincare","[object Object]","null"
"The Bayesian School of Technological Development Ltd [bstd]","the-bayesian-school-of-technological-development-ltd-bstd","https://kickpay.co/activate/the-bayesian-school-of-technological-development-ltd-bstd?source=rewardist","https://www.google.com/s2/favicons?domain=bstd.ai&sz=128","Department Store","[object Object]","null"
"The Beauty Chef","the-beauty-chef","https://kickpay.co/activate/the-beauty-chef?source=rewardist","https://c.cfjump.com/Avatars/9c603a03-7922-467d-9ede-6ae5b7b0c2fe.png","Beauty & Skincare","[object Object]","null"
"The Collagen Co.","the-collagen-co","https://kickpay.co/activate/the-collagen-co?source=rewardist","https://merchant.linksynergy.com/fs/logo/lg_47026","Beauty & Skincare","[object Object]","null"
"The Daily Edited","the-daily-edited","https://kickpay.co/activate/the-daily-edited?source=rewardist","https://c.cfjump.com/Avatars/4e1e42ae-265a-423e-b9c2-ffcf480ca080.png","Clothing","[object Object]","null"
"The Dress Outlet","the-dress-outlet","https://kickpay.co/activate/the-dress-outlet?source=rewardist","https://ui.awin.com/images/upload/merchant/profile/110502.png","Clothing","[object Object]","VALID_ORDER_FULL: 3.5%
Default: 3.5%
LOW_QUALITY_TRAFFIC: 0%
COUPON_SITE: 0%
OOS_INVALID: 0%
RETURN_RISK: 0%
Max Payouts for Social Traffic: 0%"
"The Fable","the-fable","https://kickpay.co/activate/the-fable?source=rewardist","https://c.cfjump.com/Avatars/36905d4e-1f47-408d-890c-a0a30da8df37.png","Clothing","[object Object]","null"
"The Futon Shop","the-futon-shop","https://kickpay.co/activate/the-futon-shop?source=rewardist","https://ui.awin.com/images/upload/merchant/profile/19236.png","Home & Furniture","[object Object]","null"
"The Good Guys","the-good-guys","https://kickpay.co/activate/the-good-guys?source=rewardist","https://cdn.shopify.com/s/files/1/0840/4392/3767/files/The_Good_Guys_logo_square.svg","Finance & Insurance","[object Object]","Cashback rates vary by category (1.5%–3.5%). Excludes Apple, PlayStation 5, Xbox & Nintendo products."
"The Gut Co","the-gut-co","https://kickpay.co/activate/the-gut-co?source=rewardist","/logos/rakuten/the-gut-co.png","Clothing","[object Object]","null"
"The Healthy Mummy","the-healthy-mummy","https://kickpay.co/activate/the-healthy-mummy?source=rewardist","https://www.google.com/s2/favicons?domain=secure.healthymummy.com&sz=128","Department Store","[object Object]","null"
"The Inner Technology LLC","the-inner-technology-llc","https://kickpay.co/activate/the-inner-technology-llc?source=rewardist","https://ui.awin.com/images/upload/merchant/profile/93343.png","Electronics & Tech","[object Object]","TCB AU: 70%
TCB US 100%: 70%
TCB US 80%: 56%
TCB AU 80%: 56%
60% CPA: 42%
Default: 42%"
"The Jojoba Company","the-jojoba-company","https://kickpay.co/activate/the-jojoba-company?source=rewardist","https://c.cfjump.com/Avatars/0df22289-7151-4d6c-b3df-22e547760869.png","Beauty & Skincare","[object Object]","null"
"The Leveraged Years","the-leveraged-years","https://kickpay.co/activate/the-leveraged-years?source=rewardist","https://ui.awin.com/images/upload/merchant/profile/128279.png","Education & Services","[object Object]","null"
"The Meat Box","the-meat-box","https://kickpay.co/activate/the-meat-box?source=rewardist","https://c.cfjump.com/Avatars/5102153b-a1df-47d4-b4b2-4fa171378ef5.png","Food & Drink","[object Object]","null"
"The North Face Australia","the-north-face-australia","https://kickpay.co/activate/the-north-face-australia?source=rewardist","https://c.cfjump.com/Avatars/975270d0-9fd3-4b25-8094-1667a18a2098.png","Clothing","[object Object]","null"
"The Personal Barber","the-personal-barber","https://kickpay.co/activate/the-personal-barber?source=rewardist","https://content.flexlinks.com/SharedImages/ProgramSquareLogo/248902.png","Beauty & Skincare","[object Object]","null"
"The Somewhere Co.","the-somewhere-co","https://kickpay.co/activate/the-somewhere-co?source=rewardist","https://c.cfjump.com/Avatars/09a0cc80-5705-415a-8d91-f54dcb84d052.png","Clothing","[object Object]","null"
"The TeaBook","the-teabook","https://kickpay.co/activate/the-teabook?source=rewardist","https://ui.awin.com/images/upload/merchant/profile/88557.png","Food & Drink","[object Object]","null"
"The Trybe","the-trybe","https://kickpay.co/activate/the-trybe?source=rewardist","https://c.cfjump.com/Avatars/b7314178-fe0e-4703-9581-a711896b3134.png","Clothing","[object Object]","null"
"The UGG Shop","the-ugg-shop","https://kickpay.co/activate/the-ugg-shop?source=rewardist","https://c.cfjump.com/Avatars/349b0943-c2c7-4029-9311-dea47987f3cb.png","Clothing","[object Object]","null"
"The Vibe Tribe | SheVibe's Partner Program","the-vibe-tribe-shevibe-s-partner-program","https://kickpay.co/activate/the-vibe-tribe-shevibe-s-partner-program?source=rewardist","https://www.google.com/s2/favicons?domain=shevibe.com&sz=128","Department Store","[object Object]","null"
"The WOD Life AU","the-wod-life-au","https://kickpay.co/activate/the-wod-life-au?source=rewardist","/logos/rakuten/twl.jpg","Home & Furniture","[object Object]","null"
"The Well Store","the-well-store","https://kickpay.co/activate/the-well-store?source=rewardist","https://c.cfjump.com/Avatars/922640da-2e62-4e48-83cd-ffabc72287ac.png","Beauty & Skincare","[object Object]","null"
"The Whisky Club","the-whisky-club","https://kickpay.co/activate/the-whisky-club?source=rewardist","https://content.flexlinks.com/SharedImages/ProgramSquareLogo/235388.png","Food & Drink","[object Object]","null"
"The Wine Collective","the-wine-collective","https://kickpay.co/activate/the-wine-collective?source=rewardist","https://www.google.com/s2/favicons?domain=thewinecollective.com.au&sz=128","Finance & Insurance","[object Object]","New customers earn 10% cashback (Groups C & D). Existing customers earn 4% cashback (Group C). Cashback is calculated on the order value before delivery and taxes. 30-day cookie window applies."
"This is Beauty LLC","this-is-beauty-llc","https://kickpay.co/activate/this-is-beauty-llc?source=rewardist","https://ui.awin.com/images/upload/merchant/profile/79402.png","Department Store","[object Object]","null"
"Thrill Experiences","thrill-experiences","https://kickpay.co/activate/thrill-experiences?source=rewardist","https://c.cfjump.com/Avatars/a5803daa-c783-4554-804c-d7f739088fee.png","Travel","[object Object]","null"
"TicketNetwork","ticketnetwork","https://kickpay.co/activate/ticketnetwork?source=rewardist","https://www.google.com/s2/favicons?domain=ticketnetwork.com&sz=128","Department Store","[object Object]","null"
"Tickstory","tickstory","https://kickpay.co/activate/tickstory?source=rewardist","https://content.flexlinks.com/SharedImages/ProgramSquareLogo/178894.png","Electronics & Tech","[object Object]","null"
"Ticombo APAC","ticombo-apac","https://kickpay.co/activate/ticombo-apac?source=rewardist","https://www.google.com/s2/favicons?domain=ticombo.com&sz=128","Finance & Insurance","[object Object]","null"
"Ticombo Europe","ticombo-europe","https://kickpay.co/activate/ticombo-europe?source=rewardist","https://logo.clearbit.com/ticombo.com","Department Store","[object Object]","4.9% cashback on all ticket purchases"
"Ticombo Germany","ticombo-germany","https://kickpay.co/activate/ticombo-germany?source=rewardist","https://logo.clearbit.com/ticombo.com","Department Store","[object Object]","4.9% cashback on all ticket purchases"
"Ticombo LATAM","ticombo-latam","https://kickpay.co/activate/ticombo-latam?source=rewardist","https://logo.clearbit.com/ticombo.com","Department Store","[object Object]","4.9% cashback on all ticket purchases"
"Ticombo Mexico","ticombo-mexico","https://kickpay.co/activate/ticombo-mexico?source=rewardist","https://logo.clearbit.com/ticombo.com","Department Store","[object Object]","4.9% cashback on all ticket purchases"
"Ticombo Singapore","ticombo-singapore","https://kickpay.co/activate/ticombo-singapore?source=rewardist","https://logo.clearbit.com/ticombo.com","Department Store","[object Object]","4.9% cashback on all ticket purchases"
"Ticombo Spain","ticombo-spain","https://kickpay.co/activate/ticombo-spain?source=rewardist","https://logo.clearbit.com/ticombo.com","Department Store","[object Object]","4.9% cashback on all ticket purchases"
"TikTok Shop US - Marketplaces","tiktok-shop-us-marketplaces","https://kickpay.co/activate/tiktok-shop-us-marketplaces?source=rewardist","https://www.google.com/s2/favicons?domain=tiktok.com&sz=128","Department Store","[object Object]","null"
"Tineco ANZ","tineco-anz","https://kickpay.co/activate/tineco-anz?source=rewardist","https://merchant.linksynergy.com/fs/logo/lg_53977","Pets","[object Object]","null"
"Tods INT","tods-int","https://kickpay.co/activate/tods-int?source=rewardist","https://www.google.com/s2/favicons?domain=tods.com&sz=128","Department Store","[object Object]","null"
"ToniMay","tonimay","https://kickpay.co/activate/tonimay?source=rewardist","https://c.cfjump.com/Avatars/1778e55d-d064-4415-9c9f-9303970c5345.png","Jewellery & Watches","[object Object]","null"
"Torro AU","torro-au","https://kickpay.co/activate/torro-au?source=rewardist","https://ui.awin.com/images/upload/merchant/profile/120838.png","Electronics & Tech","[object Object]","null"
"Totwoo - Smart Couple Bracelets","totwoo-smart-couple-bracelets","https://kickpay.co/activate/totwoo-smart-couple-bracelets?source=rewardist","https://www.google.com/s2/favicons?domain=totwoo.com&sz=128","Department Store","[object Object]","null"
"Tour of NYC","tour-of-nyc","https://kickpay.co/activate/tour-of-nyc?source=rewardist","https://ui.awin.com/images/upload/merchant/profile/121256.png","Travel","[object Object]","null"
"Tours4fun","tours4fun","https://kickpay.co/activate/tours4fun?source=rewardist","https://www.google.com/s2/favicons?domain=tours4fun.com&sz=128","Department Store","[object Object]","null"
"Tower Hobbies","tower-hobbies","https://kickpay.co/activate/tower-hobbies?source=rewardist","https://www.google.com/s2/favicons?domain=towerhobbies.com&sz=128","Kids & Baby","[object Object]","null"
"TradingCardsMarketplace.com","tradingcardsmarketplace-com","https://kickpay.co/activate/tradingcardsmarketplace-com?source=rewardist","https://www.google.com/s2/favicons?domain=tradingcardsmarketplace.com&sz=128","Department Store","[object Object]","null"
"Travala.com","travala-com","https://kickpay.co/activate/travala-com?source=rewardist","https://www.google.com/s2/favicons?domain=travala.com&sz=128","Department Store","[object Object]","null"
"Travel Money Oz","travel-money-oz","https://kickpay.co/activate/travel-money-oz?source=rewardist","https://www.google.com/s2/favicons?domain=travelmoneyoz.com&sz=128","Finance & Insurance","[object Object]","null"
"Travel Protect","travel-protect","https://kickpay.co/activate/travel-protect?source=rewardist","https://www.google.com/s2/favicons?domain=travelprotect.au&sz=128","Finance & Insurance","[object Object]","null"
"TravelOnline","travelonline","https://kickpay.co/activate/travelonline?source=rewardist","https://c.cfjump.com/Avatars/cdd29f83-bda2-4f9f-ba1f-069f050d5c2a.png","Travel","[object Object]","null"
"Travello/Backpacker Deals","travello-backpacker-deals","https://kickpay.co/activate/travello-backpacker-deals?source=rewardist","https://ui.awin.com/images/upload/merchant/profile/95985.png","Travel","[object Object]","null"
"Traverseon","traverseon","https://kickpay.co/activate/traverseon?source=rewardist","https://ui.awin.com/images/upload/merchant/profile/124816.png","Home & Furniture","[object Object]","VVIP Publisher - 20%: 14%
VIP Publisher - 18%: 12.5%
Default: 10.5%"
"Triumph","triumph","https://kickpay.co/activate/triumph?source=rewardist","https://c.cfjump.com/Avatars/157cc7a2-2494-48e3-af3b-56f81da87b2b.png","Clothing","[object Object]","null"
"Troop Messenger","troop-messenger","https://kickpay.co/activate/troop-messenger?source=rewardist","https://www.google.com/s2/favicons?domain=troopmessenger.com&sz=128","Finance & Insurance","[object Object]","null"
"Tropeaka","tropeaka","https://kickpay.co/activate/tropeaka?source=rewardist","https://c.cfjump.com/Avatars/ac934e67-de06-48f0-abd4-5b2780248539.png","Beauty & Skincare","[object Object]","null"
"Tsarbomba","tsarbomba","https://kickpay.co/activate/tsarbomba?source=rewardist","https://ui.awin.com/images/upload/merchant/profile/109230.png","Jewellery & Watches","[object Object]","New Customer: 7%
Default: 3.5%"
"Tuiss Blinds Online AU","tuiss-blinds-online-au","https://kickpay.co/activate/tuiss-blinds-online-au?source=rewardist","https://ui.awin.com/images/upload/merchant/profile/115995.png","Home & Furniture","[object Object]","NEW: 1.5%
RETURNING: 1.5%
ORDERS: 1.5%
Default: 1.5%
SAMPLE: 0%"
"Tulio","tulio","https://kickpay.co/activate/tulio?source=rewardist","https://c.cfjump.com/Avatars/86291bd7-0b2a-4ae0-97b6-cddd4aaf705c.png","Clothing","[object Object]","null"
"UGG Express","ugg-express","https://kickpay.co/activate/ugg-express?source=rewardist","https://c.cfjump.com/Avatars/957b2c8c-c526-4c7f-88a0-36f52709ae4e.png","Clothing","[object Object]","null"
"UNice","unice","https://kickpay.co/activate/unice?source=rewardist","https://www.google.com/s2/favicons?domain=unice.com&sz=128","Department Store","[object Object]","null"
"UPERFECT","uperfect","https://kickpay.co/activate/uperfect?source=rewardist","https://www.google.com/s2/favicons?domain=uperfectmonitor.com&sz=128","Department Store","[object Object]","null"
"UPPAbaby","uppababy","https://kickpay.co/activate/uppababy?source=rewardist","https://c.cfjump.com/Avatars/12ad54f3-a7a4-4d5b-930b-eff5f393abc0.png","Kids & Baby","[object Object]","Full-price items: 5.5%
Sale items: 3.5%
New customer bonus: 2%
LayBuy & Gift Cards: 0%"
"USA Guided Tours","usa-guided-tours","https://kickpay.co/activate/usa-guided-tours?source=rewardist","https://ui.awin.com/images/upload/merchant/profile/37792.png","Travel","[object Object]","null"
"Ugeat Hair Official","ugeat-hair-official","https://kickpay.co/activate/ugeat-hair-official?source=rewardist","https://www.google.com/s2/favicons?domain=ugeat.com&sz=128","Department Store","[object Object]","null"
"Ultrahuman Healthcare","ultrahuman-healthcare","https://kickpay.co/activate/ultrahuman-healthcare?source=rewardist","https://www.google.com/s2/favicons?domain=ultrahuman.com&sz=128","Department Store","[object Object]","Online Sale US: 5%
Online Sale India: 5%
Online Sale EU: 5%
Online Sale Global: 5%"
"Umall","umall","https://kickpay.co/activate/umall?source=rewardist","https://c.cfjump.com/Avatars/4d14842e-3a5f-4264-b367-5bad1906e8dc.png","Food & Drink","[object Object]","null"
"Under Armour","under-armour","https://kickpay.co/activate/under-armour?source=rewardist","https://c.cfjump.com/Avatars/153b3be8-e080-465a-b6e6-9e1ffb027a53.png","Clothing","[object Object]","null"
"UniqPaid.com","uniqpaid-com","https://kickpay.co/activate/uniqpaid-com?source=rewardist","https://ui.awin.com/images/upload/merchant/profile/82935.png","Education & Services","[object Object]","null"
"United Airlines MileagePlus - Points.com","united-airlines-mileageplus-points-com","https://kickpay.co/activate/united-airlines-mileageplus-points-com?source=rewardist","https://www.google.com/s2/favicons?domain=points.com&sz=128","Department Store","[object Object]","null"
"Universal Herbs Inc","universal-herbs-inc","https://kickpay.co/activate/universal-herbs-inc?source=rewardist","https://ui.awin.com/images/upload/merchant/profile/87805.png","Beauty & Skincare","[object Object]","11.0 Voucher Rate: 7.5%
Default: 7%"
"UpDown Desk","updown-desk","https://kickpay.co/activate/updown-desk?source=rewardist","https://c.cfjump.com/Avatars/925ad402-1224-4e87-a9f7-f89ad1804141.png","Home & Furniture","[object Object]","null"
"VEVOR AU","vevor-au","https://kickpay.co/activate/vevor-au?source=rewardist","https://www.google.com/s2/favicons?domain=vevor.com.au&sz=128","Department Store","[object Object]","null"
"VIP Cars","vip-cars","https://kickpay.co/activate/vip-cars?source=rewardist","https://www.google.com/s2/favicons?domain=vipcars.com&sz=128","Department Store","[object Object]","null"
"VIP Hotels (WW)","vip-hotels-ww","https://kickpay.co/activate/vip-hotels-ww?source=rewardist","https://www.google.com/s2/favicons?domain=viphotels.com&sz=128","Department Store","[object Object]","null"
"VY Jewelry","vy-jewelry","https://kickpay.co/activate/vy-jewelry?source=rewardist","https://www.google.com/s2/favicons?domain=vyjewelry.shop&sz=128","Department Store","[object Object]","null"
"Varoninc","varoninc","https://kickpay.co/activate/varoninc?source=rewardist","https://www.google.com/s2/favicons?domain=varoninc.com&sz=128","Department Store","[object Object]","Online Sale-SOLVE: 7%
Online Sale-PH: 7%
Online Sale-VIP: 7%
Online Sale-BR: 7%
Online Sale-TTLIFE: 7%
Online Sale-UK: 7%
Online Sale-FR: 7%
Online Sale-MX: 7%
Online Sale-ES: 7%
Online Sale-DE: 7%
Online Sale: 7%"
"Vatrer","vatrer","https://kickpay.co/activate/vatrer?source=rewardist","https://ui.awin.com/images/upload/merchant/profile/119703.png","Electronics & Tech","[object Object]","48v 100ah: 7%
lithium battery: 7%
Default: 2%"
"Vawoo","vawoo","https://kickpay.co/activate/vawoo?source=rewardist","https://ui.awin.com/images/upload/merchant/profile/117925.png","Food & Drink","[object Object]","null"
"Velotric","velotric","https://kickpay.co/activate/velotric?source=rewardist","https://www.google.com/s2/favicons?domain=velotricbike.com&sz=128","Sports & Outdoors","[object Object]","null"
"Verali Shoes","verali-shoes","https://kickpay.co/activate/verali-shoes?source=rewardist","https://content.flexlinks.com/SharedImages/ProgramSquareLogo/200713.png","Clothing","[object Object]","null"
"Verdent","verdent","https://kickpay.co/activate/verdent?source=rewardist","https://www.google.com/s2/favicons?domain=verdent.ai&sz=128","Department Store","[object Object]","null"
"Veritickets","veritickets","https://kickpay.co/activate/veritickets?source=rewardist","https://www.google.com/s2/favicons?domain=veritickets.com&sz=128","Department Store","[object Object]","null"
"Verve Portraits","verve-portraits","https://kickpay.co/activate/verve-portraits?source=rewardist","https://c.cfjump.com/Avatars/4817f1c7-cb0e-4ade-8888-a61cfb31f788.png","Entertainment","[object Object]","null"
"VetSupply Pharmacy","vetsupply-pharmacy","https://kickpay.co/activate/vetsupply-pharmacy?source=rewardist","https://c.cfjump.com/Avatars/64a3436b-e22a-48ca-9460-09eaf84dff62.png","Department Store","[object Object]","null"
"VetSupply.com.au","vetsupply-com-au","https://kickpay.co/activate/vetsupply-com-au?source=rewardist","https://c.cfjump.com/Avatars/15aab250-fe9b-4d48-910b-21b7f508b024.png","Department Store","[object Object]","null"
"Viagogo","viagogo","https://kickpay.co/activate/viagogo?source=rewardist","https://www.google.com/s2/favicons?domain=viagogo.com&sz=128","Entertainment","[object Object]","null"
"Viator - A Tripadvisor Company (AU)","viator-a-tripadvisor-company-au","https://kickpay.co/activate/viator-a-tripadvisor-company-au?source=rewardist","https://ui.awin.com/images/upload/merchant/profile/12572.png","Travel","[object Object]","New Australia Tours: 3%
Existing Australia Tours: 3%
NEW: 3%
EXISTING: 3%
Default: 3%
Excluded: 0%"
"VicOffroad","vicoffroad","https://kickpay.co/activate/vicoffroad?source=rewardist","https://c.cfjump.com/Avatars/3d8afb6b-71cd-4bc1-a12b-20cc583beba6.png","Automotive","[object Object]","null"
"Vida Hotels (Assembly Global)","vida-hotels-assembly-global","https://kickpay.co/activate/vida-hotels-assembly-global?source=rewardist","https://www.google.com/s2/favicons?domain=vidahotels.com&sz=128","Department Store","[object Object]","null"
"Vine Apparel ANZ","vine-apparel-anz","https://kickpay.co/activate/vine-apparel-anz?source=rewardist","https://www.google.com/s2/favicons?domain=vineapparel.com&sz=128","Finance & Insurance","[object Object]","null"
"Virgin Voyages - Creator","virgin-voyages-creator","https://kickpay.co/activate/virgin-voyages-creator?source=rewardist","https://www.google.com/s2/favicons?domain=virginvoyages.com&sz=128","Department Store","[object Object]","null"
"Virgin Wines (AU)","virgin-wines-au","https://kickpay.co/activate/virgin-wines-au?source=rewardist","https://content.flexlinks.com/SharedImages/ProgramSquareLogo/208598.png","Food & Drink","[object Object]","null"
"Vision Direct AU","vision-direct-au","https://kickpay.co/activate/vision-direct-au?source=rewardist","https://content.flexlinks.com/SharedImages/ProgramSquareLogo/192633.png","Clothing","[object Object]","null"
"Vista Social","vista-social","https://kickpay.co/activate/vista-social?source=rewardist","https://www.google.com/s2/favicons?domain=vistasocial.com&sz=128","Department Store","[object Object]","null"
"VistaPrint APAC","vistaprint-apac","https://kickpay.co/activate/vistaprint-apac?source=rewardist","https://www.google.com/s2/favicons?domain=vistaprint.com.au&sz=128","Department Store","[object Object]","Existing Customers: 3%
New Customers AU: 3.5%
New Customers NZ: 3.5%
New Customers SG: 3.5%"
"Vivere London","vivere-london","https://kickpay.co/activate/vivere-london?source=rewardist","https://ui.awin.com/images/upload/merchant/profile/117147.png","Clothing","[object Object]","null"
"Vivobarefoot Australia","vivobarefoot-australia","https://kickpay.co/activate/vivobarefoot-australia?source=rewardist","https://c.cfjump.com/Avatars/f87ef150-e855-40af-9567-135af322eb66.png","Clothing","[object Object]","null"
"Vixin","vixin","https://kickpay.co/activate/vixin?source=rewardist","https://c.cfjump.com/Avatars/1501cf93-c05c-479f-8fbc-d7946bfb6222.png","Beauty & Skincare","[object Object]","null"
"Voghion Global","voghion-global","https://kickpay.co/activate/voghion-global?source=rewardist","https://ui.awin.com/images/upload/merchant/profile/44635.png","Clothing","[object Object]","null"
"Volcom Australia","volcom-australia","https://kickpay.co/activate/volcom-australia?source=rewardist","https://c.cfjump.com/Avatars/6cd03e82-b413-4879-b300-54abdf5e58fa.png","Clothing","[object Object]","null"
"VoltX Energy","voltx-energy","https://kickpay.co/activate/voltx-energy?source=rewardist","https://c.cfjump.com/Avatars/14616f39-4830-470e-a91a-116d68f438be.png","Home & Furniture","[object Object]","null"
"Vrbo","vrbo","https://kickpay.co/activate/vrbo?source=rewardist","https://www.google.com/s2/favicons?domain=vrbo.com&sz=128","Department Store","[object Object]","null"
"WAS Insurance","was-insurance","https://kickpay.co/activate/was-insurance?source=rewardist","https://www.google.com/s2/favicons?domain=wiseandsilent.com&sz=128","Finance & Insurance","[object Object]","null"
"WAU","wau","https://kickpay.co/activate/wau?source=rewardist","https://ui.awin.com/images/upload/merchant/profile/124878.png","Beauty & Skincare","[object Object]","null"
"WEDTREND","wedtrend","https://kickpay.co/activate/wedtrend?source=rewardist","https://www.google.com/s2/favicons?domain=wedtrend.com&sz=128","Department Store","[object Object]","New Customers: 7%
Online Sale: 5.5%"
"WILD PALACE","wild-palace","https://kickpay.co/activate/wild-palace?source=rewardist","https://www.google.com/s2/favicons?domain=wildpalace.com&sz=128","Home & Furniture","[object Object]","null"
"Wahl APAC","wahl-apac","https://kickpay.co/activate/wahl-apac?source=rewardist","/logos/rakuten/wahl-au.png","Pets","[object Object]","null"
"Walls Panels World","walls-panels-world","https://kickpay.co/activate/walls-panels-world?source=rewardist","/public-objects/merchant-logos/105002-1785851452013.png","Department Store","[object Object]","null"
"War Locker (US & CA)","war-locker-us-and-ca","https://kickpay.co/activate/war-locker-us-and-ca?source=rewardist","https://ui.awin.com/images/upload/merchant/profile/44733.png","Sports & Outdoors","[object Object]","null"
"Waterdrop Filter","waterdrop-filter","https://kickpay.co/activate/waterdrop-filter?source=rewardist","/logos/rakuten/waterdrop-filter.png","Pets","[object Object]","null"
"Wavytalk","wavytalk","https://kickpay.co/activate/wavytalk?source=rewardist","https://ui.awin.com/images/upload/merchant/profile/105835.png","Beauty & Skincare","[object Object]","Steamlift Pro 15%: 10.5%
 Airshape Pro  Signature Air Styler Set 10%: 7%
Default: 2%"
"Wearnala","wearnala","https://kickpay.co/activate/wearnala?source=rewardist","https://c.cfjump.com/Avatars/abea0aca-654b-483d-a248-8c70232ac806.png","Clothing","[object Object]","null"
"Wegic","wegic","https://kickpay.co/activate/wegic?source=rewardist","https://www.google.com/s2/favicons?domain=wegic.ai&sz=128","Department Store","[object Object]","New Customers: 21%
Existing Customers: 7%"
"Wendy Wu Tours","wendy-wu-tours","https://kickpay.co/activate/wendy-wu-tours?source=rewardist","https://c.cfjump.com/Avatars/ec1c2c1e-4737-4e2c-a700-559f09e6cb6f.png","Travel","[object Object]","null"
"Westgate Resorts","westgate-resorts","https://kickpay.co/activate/westgate-resorts?source=rewardist","https://www.google.com/s2/favicons?domain=westgateresorts.com&sz=128","Travel","[object Object]","null"
"Wheel&Barrow","wheel-and-barrow","https://kickpay.co/activate/wheel-and-barrow?source=rewardist","https://c.cfjump.com/Avatars/076b5c05-2b09-4242-8b0c-02c4bd17bed0.png","Home & Furniture","[object Object]","null"
"White & Co","white-and-co","https://kickpay.co/activate/white-and-co?source=rewardist","https://c.cfjump.com/Avatars/18de8342-17d6-4a1e-acd1-f508c5f16f08.png","Clothing","[object Object]","null"
"White Glo","white-glo","https://kickpay.co/activate/white-glo?source=rewardist","https://c.cfjump.com/Avatars/67e13b60-b4e5-4b0a-99ab-26a6426eb90a.png","Beauty & Skincare","[object Object]","null"
"Who Gives A Crap (AU)","who-gives-a-crap-au","https://kickpay.co/activate/who-gives-a-crap-au?source=rewardist","https://ui.awin.com/images/upload/merchant/profile/66840.png","Beauty & Skincare","[object Object]","NEW: 1.5%
EXISTING: 0.5%
Default: 0.5%"
"WiTopia | SecureMyEmail | personalVPN","witopia-securemyemail-personalvpn","https://kickpay.co/activate/witopia-securemyemail-personalvpn?source=rewardist","https://www.google.com/s2/favicons?domain=witopia.com&sz=128","Department Store","[object Object]","null"
"Wild Affiliate & Partnerships Global Programme","wild-affiliate-and-partnerships-global-programme","https://kickpay.co/activate/wild-affiliate-and-partnerships-global-programme?source=rewardist","https://ui.awin.com/images/upload/merchant/profile/125828.png","Beauty & Skincare","[object Object]","New Customer Voucher Exceptions: 7%
New Customer Subscription: 7%
Returning Customer Subscription: 7%
COMBO: 7%
New Customer One Time Purchase: 7%
SKU Commissioning: 7%
Returning Customer Voucher exceptions: 3.5%
Returning Customer One Time Purchase: 3.5%
Default: 3.5%
0% Invalid Codes: 0%"
"Wild Secrets AU","wild-secrets-au","https://kickpay.co/activate/wild-secrets-au?source=rewardist","https://c.cfjump.com/Avatars/22927241-bdaa-4cbe-89d8-a2d258b0daec.png","Clothing","[object Object]","null"
"Wild Secrets Lingerie AU","wild-secrets-lingerie-au","https://kickpay.co/activate/wild-secrets-lingerie-au?source=rewardist","https://c.cfjump.com/Avatars/4d3e6582-68b9-44a2-a539-44c7dc716a9a.png","Clothing","[object Object]","null"
"Wilderness Wear","wilderness-wear","https://kickpay.co/activate/wilderness-wear?source=rewardist","https://c.cfjump.com/Avatars/978159f1-3067-4927-bbb2-8fb9c6120245.png","Clothing","[object Object]","null"
"Will & Bear","will-and-bear","https://kickpay.co/activate/will-and-bear?source=rewardist","https://ui.awin.com/images/upload/merchant/profile/119813.png","Clothing","[object Object]","null"
"Williams Shoes","williams-shoes","https://kickpay.co/activate/williams-shoes?source=rewardist","https://c.cfjump.com/Avatars/0f4b14ec-b29d-4199-a2cb-00414b145636.png","Clothing","[object Object]","null"
"WinZip","winzip","https://kickpay.co/activate/winzip?source=rewardist","https://www.google.com/s2/favicons?domain=winzip.com&sz=128","Electronics & Tech","[object Object]","Cashback earned on software purchases. Excludes renewals and gift cards."
"Windsor Smith","windsor-smith","https://kickpay.co/activate/windsor-smith?source=rewardist","https://c.cfjump.com/Avatars/21a088f7-9b43-449c-9557-c36f2d65a723.png","Clothing","[object Object]","null"
"WishGarden Herbs","wishgarden-herbs","https://kickpay.co/activate/wishgarden-herbs?source=rewardist","https://ui.awin.com/images/upload/merchant/profile/59505.png","Beauty & Skincare","[object Object]","Birthday Sale Affiliates: 14%
Default: 7%
We are partnering with EcoCart to collect donations for a Brazilian rainforest reforesta... - 152521: 0%"
"With Jean AU","with-jean-au","https://kickpay.co/activate/with-jean-au?source=rewardist","/logos/rakuten/with-jean.jpg","Clothing","[object Object]","null"
"Wittner","wittner","https://kickpay.co/activate/wittner?source=rewardist","https://c.cfjump.com/Avatars/e1016105-98f2-4e7b-9ade-6bf34b8b6e70.png","Clothing","[object Object]","null"
"Wondershare Global Limited","wondershare-global-limited","https://kickpay.co/activate/wondershare-global-limited?source=rewardist","https://ui.awin.com/images/upload/merchant/profile/88453.png","Electronics & Tech","[object Object]","null"
"World Businesses for Sale","world-businesses-for-sale","https://kickpay.co/activate/world-businesses-for-sale?source=rewardist","https://ui.awin.com/images/upload/merchant/profile/116725.png","Finance & Insurance","[object Object]","null"
"World of Hyatt - Points.com","world-of-hyatt-points-com","https://kickpay.co/activate/world-of-hyatt-points-com?source=rewardist","https://www.google.com/s2/favicons?domain=points.com&sz=128","Department Store","[object Object]","null"
"Wrinkles Schminkles AU","wrinkles-schminkles-au","https://kickpay.co/activate/wrinkles-schminkles-au?source=rewardist","/logos/rakuten/wrinkles-schminkles-au.png","Beauty & Skincare","[object Object]","null"
"XHunter Australia","xhunter-australia","https://kickpay.co/activate/xhunter-australia?source=rewardist","https://c.cfjump.com/Avatars/c65eba2f-2333-4194-bc51-b97889af3460.png","Sports & Outdoors","[object Object]","null"
"XP-PEN AU","xp-pen-au","https://kickpay.co/activate/xp-pen-au?source=rewardist","https://c.cfjump.com/Avatars/9e52ccdf-0169-4357-b156-f9af02f06ad1.png","Electronics & Tech","[object Object]","null"
"Xali Organics","xali-organics","https://kickpay.co/activate/xali-organics?source=rewardist","https://c.cfjump.com/Avatars/3ae77870-1009-4877-bf3f-5c124f00dc9b.png","Beauty & Skincare","[object Object]","null"
"Yardgames","yardgames","https://kickpay.co/activate/yardgames?source=rewardist","https://c.cfjump.com/Avatars/868448be-7c71-410e-8d7a-c1f68eb34528.png","Kids & Baby","[object Object]","null"
"Yeltuor","yeltuor","https://kickpay.co/activate/yeltuor?source=rewardist","https://c.cfjump.com/Avatars/00362c20-fe9d-4505-9922-64190747caaf.png","Clothing","[object Object]","null"
"Yes Chef Meals","yes-chef-meals","https://kickpay.co/activate/yes-chef-meals?source=rewardist","https://c.cfjump.com/Avatars/4dedfaff-e8f1-49ae-a2df-36af86b11fec.png","Food & Drink","[object Object]","null"
"YesStyle","yesstyle","https://kickpay.co/activate/yesstyle?source=rewardist","https://c.cfjump.com/Avatars/7c0470b1-8193-4aa1-b23c-29b525199fc5.png","Beauty & Skincare","[object Object]","null"
"Yomojo","yomojo","https://kickpay.co/activate/yomojo?source=rewardist","https://c.cfjump.com/Avatars/bccf2d57-3f18-4b28-827b-2cdb508f97c3.png","Electronics & Tech","[object Object]","null"
"You & All Fashion AU","you-and-all-fashion-au","https://kickpay.co/activate/you-and-all-fashion-au?source=rewardist","https://merchant.linksynergy.com/fs/logo/lg_52941","Clothing","[object Object]","null"
"YouDrugstore.com","youdrugstore-com","https://kickpay.co/activate/youdrugstore-com?source=rewardist","https://www.google.com/s2/favicons?domain=youdrugstore.com&sz=128","Department Store","[object Object]","null"
"ZAPAKA","zapaka","https://kickpay.co/activate/zapaka?source=rewardist","https://www.google.com/s2/favicons?domain=zapaka.com&sz=128","Department Store","[object Object]","New Customers: 7%
Online Sale-DE: 5.5%
Online Sale-SA: 5.5%
Online Sale-UK: 5.5%"
"Zamel's","zamel-s","https://kickpay.co/activate/zamel-s?source=rewardist","https://c.cfjump.com/Avatars/56a14c9b-1d7d-49fc-a28c-97e9ea134b19.png","Jewellery & Watches","[object Object]","null"
"ZenHotels","zenhotels","https://kickpay.co/activate/zenhotels?source=rewardist","https://www.google.com/s2/favicons?domain=zenhotels.com&sz=128","Department Store","[object Object]","null"
"Zerean Limited","zerean-limited","https://kickpay.co/activate/zerean-limited?source=rewardist","https://www.google.com/s2/favicons?domain=zereanlabs.com&sz=128","Department Store","[object Object]","null"
"Zero Breeze","zero-breeze","https://kickpay.co/activate/zero-breeze?source=rewardist","https://www.google.com/s2/favicons?domain=zerobreeze.com&sz=128","Sports & Outdoors","[object Object]","null"
"Zlike Hair","zlike-hair","https://kickpay.co/activate/zlike-hair?source=rewardist","https://ui.awin.com/images/upload/merchant/profile/102013.png","Beauty & Skincare","[object Object]","null"
"Zobha","zobha","https://kickpay.co/activate/zobha?source=rewardist","https://content.flexlinks.com/SharedImages/ProgramSquareLogo/161511.png","Clothing","[object Object]","null"
"Zolucky","zolucky","https://kickpay.co/activate/zolucky?source=rewardist","https://www.google.com/s2/favicons?domain=zolucky.com&sz=128","Department Store","[object Object]","null"
"Zoom Travel Insurance","zoom-travel-insurance","https://kickpay.co/activate/zoom-travel-insurance?source=rewardist","https://c.cfjump.com/Avatars/40185074-5636-4fd2-9493-1d909770078a.png","Finance & Insurance","[object Object]","null"
"Zoombo: Nano AI Studio","zoombo-nano-ai-studio","https://kickpay.co/activate/zoombo-nano-ai-studio?source=rewardist","https://www.google.com/s2/favicons?domain=zoombo.ai&sz=128","Department Store","[object Object]","null"
"Zulily","zulily","https://kickpay.co/activate/zulily?source=rewardist","/logos/rakuten/zulily.jpg","Travel","[object Object]","null"
"apohealth.de","apohealth-de","https://kickpay.co/activate/apohealth-de?source=rewardist","https://www.google.com/s2/favicons?domain=apohealth.de&sz=128","Beauty & Skincare","[object Object]","null"
"ashford","ashford","https://kickpay.co/activate/ashford?source=rewardist","https://cj.dotomi.com/of122ax03H/ry2/x0v/GGJFLOMF/GFGLIHOLH/F/F/F/F/F?k=g%3c%3c0CC8B%3A%2F%2FFFF.tF4C7E0v.v75%2F15tzx-KJKPMLSPL-KKNJPSQJ-KPOSNQSRQPJJJ%3c%3cZ%3c%3c%3cK%3cK%3cJ%3cJ%3cySJLNuPL-MKxy-NvNt-SKLJ-NPxxOvKRSPSK%3c","Department Store","[object Object]","null"
"aussieBum","aussiebum","https://kickpay.co/activate/aussiebum?source=rewardist","https://c.cfjump.com/Avatars/56f9f8bc-d523-486a-8293-993be333bef4.png","Clothing","[object Object]","null"
"brickzonehub","brickzonehub","https://kickpay.co/activate/brickzonehub?source=rewardist","https://ui.awin.com/images/upload/merchant/profile/121692.png","Kids & Baby","[object Object]","null"
"canadianinsulin.com CPS","canadianinsulin-com-cps","https://kickpay.co/activate/canadianinsulin-com-cps?source=rewardist","https://www.google.com/s2/favicons?domain=canadianinsulin.com&sz=128","Health & Wellness","[object Object]","null"
"colette by colette hayman","colette-by-colette-hayman","https://kickpay.co/activate/colette-by-colette-hayman?source=rewardist","https://c.cfjump.com/Avatars/790ae197-b116-427c-8301-034d9658e9b9.png","Clothing","[object Object]","null"
"dewenwils.com","dewenwils-com","https://kickpay.co/activate/dewenwils-com?source=rewardist","https://www.google.com/s2/favicons?domain=dewenwils.com&sz=128","Department Store","[object Object]","null"
"dressndesign","dressndesign","https://kickpay.co/activate/dressndesign?source=rewardist","https://ui.awin.com/images/upload/merchant/profile/128601.png","Clothing","[object Object]","null"
"eBay","ebay","https://kickpay.co/activate/ebay?source=rewardist","/merchant-logos/ebay-official-au.png","Department Store","[object Object]","Same-day/1-day last-click attribution: complete your purchase within 1 day of clicking. Customer cashback caps after Kick's 70% share are $385 USD overall/per order and most items (underlying EPN cap $550), $157.50 USD for Business & Industrial items (underlying EPN cap $225), and $70 USD for eBay Motors, US Motors, and Real Estate items (underlying EPN cap $100). eBay may reverse up to 100% of commission. Cashback requires EPN-confirmed tracking; Kick cannot fire its own conversion pixel."
"eDreams (CA)","edreams-ca","https://kickpay.co/activate/edreams-ca?source=rewardist","https://ui.awin.com/images/upload/merchant/profile/6588.png","Travel","[object Object]","Hotel + Opodo Prime: 4%
Car: 4%
Flight + Prime: 2%
Flight + Hotel Prime: 2%
Flight: 1.5%
Hotel: 1.5%
Flight+Hotel: 1.5%
Default: 1.5%"
"eDreams AU","edreams-au","https://kickpay.co/activate/edreams-au?source=rewardist","https://ui.awin.com/images/upload/merchant/profile/10778.png","Travel","[object Object]","Hotel + Opodo Prime: 4%
CAR: 4%
Flight + eDreams Prime: 2%
Hotel: 1.5%
Flight + Hotel + eDreams Prime: 1.5%
Flight: 1.5%
Flight + Hotel: 1.5%
Default: 1.5%"
"eFootwear.com","efootwear-com","https://kickpay.co/activate/efootwear-com?source=rewardist","https://ui.awin.com/images/upload/merchant/profile/90809.png","Clothing","[object Object]","null"
"eHarmony AU","eharmony-au","https://kickpay.co/activate/eharmony-au?source=rewardist","https://ui.awin.com/images/upload/merchant/profile/18235.png","Entertainment","[object Object]","SUBSCRIPTION: 24.5%
Default: 24.5%"
"eSIMX","esimx","https://kickpay.co/activate/esimx?source=rewardist","https://www.google.com/s2/favicons?domain=esimx.com&sz=128","Department Store","[object Object]","null"
"eSUN official store","esun-official-store","https://kickpay.co/activate/esun-official-store?source=rewardist","https://ui.awin.com/images/upload/merchant/profile/99267.png","Electronics & Tech","[object Object]","null"
"eVoice APAC","evoice-apac","https://kickpay.co/activate/evoice-apac?source=rewardist","https://content.flexlinks.com/SharedImages/ProgramSquareLogo/202006.png","Electronics & Tech","[object Object]","null"
"eyeson","eyeson","https://kickpay.co/activate/eyeson?source=rewardist","https://www.google.com/s2/favicons?domain=eyeson.team&sz=128","Department Store","[object Object]","null"
"freezeframe","freezeframe","https://kickpay.co/activate/freezeframe?source=rewardist","https://c.cfjump.com/Avatars/b529d88a-f4c6-4788-9c75-67545a4e6ee9.png","Beauty & Skincare","[object Object]","null"
"gogamegeek","gogamegeek","https://kickpay.co/activate/gogamegeek?source=rewardist","https://www.google.com/s2/favicons?domain=gogamegeek.com&sz=128","Electronics & Tech","[object Object]","null"
"i-Supplements","i-supplements","https://kickpay.co/activate/i-supplements?source=rewardist","https://ui.awin.com/images/upload/merchant/profile/87875.png","Beauty & Skincare","[object Object]","null"
"iGarden AU","igarden-au","https://kickpay.co/activate/igarden-au?source=rewardist","https://www.google.com/s2/favicons?domain=au.store.igarden.ai&sz=128","Department Store","[object Object]","null"
"iKOU","ikou","https://kickpay.co/activate/ikou?source=rewardist","https://c.cfjump.com/Avatars/06c47460-fa51-4620-b32e-67d1940d00a2.png","Beauty & Skincare","[object Object]","null"
"isubscribe","isubscribe","https://kickpay.co/activate/isubscribe?source=rewardist","https://c.cfjump.com/Avatars/4587db16-5136-4cc6-a2b6-83cd99a63b3b.png","Entertainment","[object Object]","null"
"jAlbum Affiliate Program","jalbum-affiliate-program","https://kickpay.co/activate/jalbum-affiliate-program?source=rewardist","https://www.google.com/s2/favicons?domain=jalbum.net&sz=128","Department Store","[object Object]","null"
"lightsaber.com","lightsaber-com","https://kickpay.co/activate/lightsaber-com?source=rewardist","https://www.google.com/s2/favicons?domain=lightsaber.com&sz=128","Department Store","[object Object]","null"
"lunzo PL","lunzo-pl","https://kickpay.co/activate/lunzo-pl?source=rewardist","https://ui.awin.com/images/upload/merchant/profile/40454.png","Entertainment","[object Object]","null"
"myBrainCo","mybrainco","https://kickpay.co/activate/mybrainco?source=rewardist","https://c.cfjump.com/Avatars/ae80d8db-13b3-458f-b66b-56e5aaebe9ba.png","Beauty & Skincare","[object Object]","null"
"purpleleafshop.au","purpleleafshop-au","https://kickpay.co/activate/purpleleafshop-au?source=rewardist","https://www.google.com/s2/favicons?domain=purpleleafshop.com&sz=128","Department Store","[object Object]","null"
"salt&pepper","salt-and-pepper","https://kickpay.co/activate/salt-and-pepper?source=rewardist","https://c.cfjump.com/Avatars/467b3b0d-7381-4376-aca0-0dccdaed7abd.png","Home & Furniture","[object Object]","null"
"size glasses","size-glasses","https://kickpay.co/activate/size-glasses?source=rewardist","https://www.google.com/s2/favicons?domain=sizeglasses.com&sz=128","Department Store","[object Object]","null"
"solovedress","solovedress","https://kickpay.co/activate/solovedress?source=rewardist","https://ui.awin.com/images/upload/merchant/profile/35537.png","Clothing","[object Object]","null"
"sunglasses2u","sunglasses2u","https://kickpay.co/activate/sunglasses2u?source=rewardist","https://www.google.com/s2/favicons?domain=sunglasses2u.com&sz=128","Department Store","[object Object]","null"
"the breakout hack","the-breakout-hack","https://kickpay.co/activate/the-breakout-hack?source=rewardist","https://c.cfjump.com/Avatars/d1c18a09-1920-46b4-8bbf-b7ac99ebc928.png","Beauty & Skincare","[object Object]","null"
"trinqoo","trinqoo","https://kickpay.co/activate/trinqoo?source=rewardist","https://www.google.com/s2/favicons?domain=trinqoo.com&sz=128","Department Store","[object Object]","null"
"vidaXL AU","vidaxl-au","https://kickpay.co/activate/vidaxl-au?source=rewardist","https://content.flexlinks.com/SharedImages/ProgramSquareLogo/233392.png","Home & Furniture","[object Object]","null"
"vivien Hair","vivien-hair","https://kickpay.co/activate/vivien-hair?source=rewardist","https://www.google.com/s2/favicons?domain=vivienhair.com&sz=128","Department Store","[object Object]","null"
"waterdrop® AU","waterdrop-au","https://kickpay.co/activate/waterdrop-au?source=rewardist","https://content.flexlinks.com/SharedImages/ProgramSquareLogo/248678.png","Sports & Outdoors","[object Object]","null"
"www.diffusiononline.co.uk","www-diffusiononline-co-uk","https://kickpay.co/activate/www-diffusiononline-co-uk?source=rewardist","https://www.google.com/s2/favicons?domain=diffusiononline.co.uk&sz=128","Clothing","[object Object]","null"
"www.trycrush.ai","www-trycrush-ai","https://kickpay.co/activate/www-trycrush-ai?source=rewardist","/public-objects/merchant-logos/84133-1786199666354.gif","Department Store","[object Object]","null"
"xTool","xtool","https://kickpay.co/activate/xtool?source=rewardist","https://www.google.com/s2/favicons?domain=xtool.com&sz=128","Department Store","[object Object]","null"
"yd. AU","yd-au","https://kickpay.co/activate/yd-au?source=rewardist","https://content.flexlinks.com/SharedImages/ProgramSquareLogo/172462.png","Clothing","[object Object]","null"
"youngelectricbikes","youngelectricbikes","https://kickpay.co/activate/youngelectricbikes?source=rewardist","https://ui.awin.com/images/upload/merchant/profile/120209.png","Sports & Outdoors","[object Object]","null"
"yourtown Prize Homes","yourtown-prize-homes","https://kickpay.co/activate/yourtown-prize-homes?source=rewardist","https://c.cfjump.com/Avatars/87616026-99f9-4a9a-a9a9-498145a995e3.png","Entertainment","[object Object]","null"
"zChocolat.com","zchocolat-com","https://kickpay.co/activate/zchocolat-com?source=rewardist","https://www.google.com/s2/favicons?domain=zchocolat.com&sz=128","Department Store","[object Object]","null"