program,programUrl,storeName,storeId,logoUrl,reward,rewardType,isBonusPointsOnly,isUpTo
"kick","https://kickpay.co/activate/1001-optometry?source=rewardist","1001 Optometry","1001optometry","https://c.cfjump.com/Avatars/a50a2b5d-d069-4534-8fa3-bc834924a7a8.png","6.5","cashback","false","undefined"
"kick","https://kickpay.co/activate/365rider?source=rewardist","365Rider","365rider","https://ui.awin.com/images/upload/merchant/profile/26763.png","3.5","cashback","false","undefined"
"kick","https://kickpay.co/activate/3dmakerpro-global?source=rewardist","3DMakerpro (Global)","3dmakerproglobal","https://ui.awin.com/images/upload/merchant/profile/48247.png","7","cashback","false","undefined"
"kick","https://kickpay.co/activate/945industries?source=rewardist","945Industries","945industries","https://www.google.com/s2/favicons?domain=945industries.com&sz=128","0.06","cashback","false","undefined"
"kick","https://kickpay.co/activate/9am-home?source=rewardist","9am HOME","9amhome","https://www.google.com/s2/favicons?domain=9amhome.com&sz=128","3.5","cashback","false","undefined"
"kick","https://kickpay.co/activate/a-life-plus-au?source=rewardist","A Life Plus AU","alifeplus","https://content.flexlinks.com/SharedImages/ProgramSquareLogo/241431.png","5.6","cashback","false","undefined"
"kick","https://kickpay.co/activate/aat-kings?source=rewardist","AAT Kings","aatkings","https://c.cfjump.com/Avatars/add9358d-ddcb-4e89-87b7-eb303316b4ee.png","3","cashback","false","undefined"
"kick","https://kickpay.co/activate/abc-wigs?source=rewardist","ABC Wigs","abcwigs","https://www.google.com/s2/favicons?domain=abcwigs.com&sz=128","7","cashback","false","undefined"
"kick","https://kickpay.co/activate/allpowers-international?source=rewardist","ALLPOWERS INTERNATIONAL","allpowersinternational","https://ui.awin.com/images/upload/merchant/profile/38934.png","4","cashback","false","undefined"
"kick","https://kickpay.co/activate/amf-magnetics?source=rewardist","AMF Magnetics","amfmagnetics","https://c.cfjump.com/Avatars/545957ea-deca-4a89-9af8-bf75d946e8ee.png","7","cashback","false","undefined"
"kick","https://kickpay.co/activate/anta-au?source=rewardist","ANTA AU","anta","https://www.google.com/s2/favicons?domain=au.anta.com&sz=128","5.5","cashback","false","undefined"
"kick","https://kickpay.co/activate/aohi?source=rewardist","AOHI","aohi","https://ui.awin.com/images/upload/merchant/profile/59619.png","10.5","cashback","false","undefined"
"kick","https://kickpay.co/activate/ape-born-fitness?source=rewardist","APE BORN Fitness","apebornfitness","https://ui.awin.com/images/upload/merchant/profile/59683.png","7","cashback","false","undefined"
"kick","https://kickpay.co/activate/aromababy?source=rewardist","AROMABABY","aromababy","https://c.cfjump.com/Avatars/7469c85c-2fae-44f2-9c64-9ecf30d1b95f.png","3","cashback","false","undefined"
"kick","https://kickpay.co/activate/asmax?source=rewardist","ASMAX","asmax","https://ui.awin.com/images/upload/merchant/profile/120575.png","7","cashback","false","undefined"
"kick","https://kickpay.co/activate/au-bloomchic?source=rewardist","AU-Bloomchic","aubloomchic","https://www.google.com/s2/favicons?domain=bloomchic.au&sz=128","5","cashback","false","undefined"
"kick","https://kickpay.co/activate/aura-home?source=rewardist","AURA Home","aurahome","https://c.cfjump.com/Avatars/16ccc019-c98e-4697-98dd-6bce0e950b64.png","5","cashback","false","undefined"
"kick","https://kickpay.co/activate/aw-bridal?source=rewardist","AW Bridal","awbridal","https://www.google.com/s2/favicons?domain=awbridal.com&sz=128","5.6","cashback","false","undefined"
"kick","https://kickpay.co/activate/awol-vision?source=rewardist","AWOL Vision","awolvision","https://www.google.com/s2/favicons?domain=awolvision.com&sz=128","5","cashback","false","undefined"
"kick","https://kickpay.co/activate/abelssoft-int?source=rewardist","Abelssoft Int","abelssoftint","https://www.google.com/s2/favicons?domain=abelssoft.com&sz=128","0.49","cashback","false","undefined"
"kick","https://kickpay.co/activate/above-the-clouds?source=rewardist","Above the Clouds","abovetheclouds","https://www.google.com/s2/favicons?domain=abovethecloudsstore.com&sz=128","2.8","cashback","false","undefined"
"kick","https://kickpay.co/activate/abracadabra-nyc?source=rewardist","Abracadabra NYC","abracadabranyc","https://ui.awin.com/images/upload/merchant/profile/83201.png","3.5","cashback","false","undefined"
"kick","https://kickpay.co/activate/academy-for-health-and-fitness?source=rewardist","Academy for Health & Fitness","academyforhealthandfitness","https://ui.awin.com/images/upload/merchant/profile/56197.png","15.5","cashback","false","undefined"
"kick","https://kickpay.co/activate/adguard-vpn?source=rewardist","AdGuard VPN","adguardvpn","https://www.google.com/s2/favicons?domain=adguard-vpn.com&sz=128","28","cashback","false","undefined"
"kick","https://kickpay.co/activate/address-hotels-assembly-global?source=rewardist","Address Hotels (Assembly Global)","addresshotelsassemblyglobal","https://www.google.com/s2/favicons?domain=addresshotels.com&sz=128","1.4","cashback","false","undefined"
"kick","https://kickpay.co/activate/adultshop?source=rewardist","AdultShop","adultshop","https://c.cfjump.com/Avatars/0b1c09b5-6198-439b-b88c-ff59ac145be1.png","12.5","cashback","false","undefined"
"kick","https://kickpay.co/activate/adulttoymegastore?source=rewardist","Adulttoymegastore","adulttoymegastore","https://c.cfjump.com/Avatars/408e07c3-b8c4-4e63-982a-5e6f39dfea4d.png","14","cashback","false","undefined"
"kick","https://kickpay.co/activate/advwin?source=rewardist","Advwin","advwin","https://c.cfjump.com/Avatars/a7267e51-7474-479d-8823-8c9286f9006b.png","5","cashback","false","undefined"
"kick","https://kickpay.co/activate/aerre?source=rewardist","Aerre","aerre","https://c.cfjump.com/Avatars/6cf448a7-1ef8-42cf-b080-625bc4a70b00.png","7","cashback","false","undefined"
"kick","https://kickpay.co/activate/aesop?source=rewardist","Aesop","aesop","https://www.google.com/s2/favicons?domain=aesop.com.au&sz=128","1.5","cashback","false","undefined"
"kick","https://kickpay.co/activate/aiper?source=rewardist","Aiper","aiper","/logos/rakuten/aiper.jpg","8","cashback","false","undefined"
"kick","https://kickpay.co/activate/air-france-klm-flying-blue-points-com?source=rewardist","Air France KLM Flying Blue - Points.com","airfranceklmflyingbluepoints","https://www.google.com/s2/favicons?domain=points.com&sz=128","2","cashback","false","undefined"
"kick","https://kickpay.co/activate/air-india?source=rewardist","Air India","airindia","https://www.google.com/s2/favicons?domain=airindia.com&sz=128","0.01","cashback","false","undefined"
"kick","https://kickpay.co/activate/airasia-travel?source=rewardist","AirAsia Travel","airasiatravel","https://www.google.com/s2/favicons?domain=airasia.com&sz=128","2.1","cashback","false","undefined"
"kick","https://kickpay.co/activate/airzlink-esim-store?source=rewardist","AirZlink eSIM Store","airzlinkesimstore","https://www.google.com/s2/favicons?domain=airzlink.com&sz=128","35","cashback","false","undefined"
"kick","https://kickpay.co/activate/airport-reservations?source=rewardist","Airport Reservations","airportreservations","https://ui.awin.com/images/upload/merchant/profile/55351.png","1.5","cashback","false","undefined"
"kick","https://kickpay.co/activate/airport-transfer-portal?source=rewardist","Airport Transfer Portal","airporttransferportal","https://ui.awin.com/images/upload/merchant/profile/124434.png","7","cashback","false","undefined"
"kick","https://kickpay.co/activate/airtasker-au?source=rewardist","Airtasker AU","airtasker","https://www.google.com/s2/favicons?domain=airtasker.com&sz=128","3.5","cashback","false","undefined"
"kick","https://kickpay.co/activate/alaska-airlines-atmos-rewards-points-com?source=rewardist","Alaska Airlines ATMOS Rewards - Points.com","alaskaairlinesatmosrewardspoints","https://www.google.com/s2/favicons?domain=points.com&sz=128","2","cashback","false","undefined"
"kick","https://kickpay.co/activate/alexander-wang-au?source=rewardist","Alexander Wang AU","alexanderwang","https://www.google.com/s2/favicons?domain=alexanderwang.com&sz=128","3.36","cashback","false","undefined"
"kick","https://kickpay.co/activate/aliexpress-au?source=rewardist","Aliexpress AU","aliexpress","https://ui.awin.com/images/upload/merchant/profile/102799.png","5.5","cashback","false","undefined"
"kick","https://kickpay.co/activate/alibaba-apac?source=rewardist","Alibaba APAC","alibabaapac","https://ui.awin.com/images/upload/merchant/profile/17945.png","7.26","cashback","false","undefined"
"kick","https://kickpay.co/activate/alibaba-aus?source=rewardist","Alibaba AUS","alibabas","https://content.flexlinks.com/SharedImages/ProgramSquareLogo/208516.png","3.36","cashback","false","undefined"
"kick","https://kickpay.co/activate/alipearl-hair-global?source=rewardist","Alipearl Hair (Global)","alipearlhairglobal","https://www.google.com/s2/favicons?domain=alipearlhair.com&sz=128","1.68","cashback","false","undefined"
"kick","https://kickpay.co/activate/all-fenix?source=rewardist","All Fenix","allfenix","https://c.cfjump.com/Avatars/eb6aff1a-3485-4af3-8daf-bf4837737d22.png","7","cashback","false","undefined"
"kick","https://kickpay.co/activate/allclear-travel-insurance-au?source=rewardist","AllClear Travel Insurance AU","allcleartravelinsurance","https://www.google.com/s2/favicons?domain=allcleartravel.com.au&sz=128","6.72","cashback","false","undefined"
"kick","https://kickpay.co/activate/ally-fashion?source=rewardist","Ally Fashion","allyfashion","https://merchant.linksynergy.com/fs/logo/lg_47896","8","cashback","false","undefined"
"kick","https://kickpay.co/activate/alpine-air-technologies?source=rewardist","Alpine Air Technologies","alpineairtechnologies","https://ui.awin.com/images/upload/merchant/profile/87925.png","12","cashback","false","undefined"
"kick","https://kickpay.co/activate/altina-drinks?source=rewardist","Altina Drinks","altina","https://c.cfjump.com/Avatars/d67dcc1b-b693-45b9-a090-e2539d57a0ea.png","7","cashback","false","undefined"
"kick","https://kickpay.co/activate/alura-studio?source=rewardist","Alura Studio","alurastudio","https://www.google.com/s2/favicons?domain=studioalura.com&sz=128","10.5","cashback","false","undefined"
"kick","https://kickpay.co/activate/amanda-hair?source=rewardist","Amanda Hair","amandahair","https://www.google.com/s2/favicons?domain=amandahairs.com&sz=128","7","cashback","false","undefined"
"kick","https://kickpay.co/activate/amber-sceats?source=rewardist","Amber Sceats","ambersceats","https://c.cfjump.com/Avatars/15804c42-3915-46d3-a8d4-5f7dd69d1046.png","6.5","cashback","false","undefined"
"kick","https://kickpay.co/activate/ambrosia-systems-inc?source=rewardist","Ambrosia Systems Inc","ambrosiasystemsinc","https://ui.awin.com/images/upload/merchant/profile/112788.png","7","cashback","false","undefined"
"kick","https://kickpay.co/activate/anaconda?source=rewardist","Anaconda","anaconda","https://c.cfjump.com/Avatars/ad4746a1-fad4-403c-a5fa-8b204da25225.png","0.5","cashback","false","undefined"
"kick","https://kickpay.co/activate/angara-aus?source=rewardist","Angara AUS","angaras","https://ui.awin.com/images/upload/merchant/profile/26261.png","7","cashback","false","undefined"
"kick","https://kickpay.co/activate/angles90?source=rewardist","Angles90","angles90","https://www.google.com/s2/favicons?domain=angles90.com&sz=128","7","cashback","false","undefined"
"kick","https://kickpay.co/activate/aniioki-ebikes?source=rewardist","Aniioki eBikes","aniiokiebikes","https://www.google.com/s2/favicons?domain=aniioki.com&sz=128","2","cashback","false","undefined"
"kick","https://kickpay.co/activate/anjaysdesigns?source=rewardist","AnjaysDesigns","anjaysdesigns","https://ui.awin.com/images/upload/merchant/profile/88939.png","7","cashback","false","undefined"
"kick","https://kickpay.co/activate/anker-solix?source=rewardist","Anker Solix","ankersolix","https://c.cfjump.com/Avatars/bb161aa9-230c-481e-8b1e-5287267f0e77.png","3.5","cashback","false","undefined"
"kick","https://kickpay.co/activate/anolon?source=rewardist","Anolon","anolon","https://c.cfjump.com/Avatars/4b654770-83da-4272-8eda-9c32a678b731.png","3.5","cashback","false","undefined"
"kick","https://kickpay.co/activate/anova-au?source=rewardist","Anova AU","anova","https://content.flexlinks.com/SharedImages/ProgramSquareLogo/235283.png","2.8","cashback","false","undefined"
"kick","https://kickpay.co/activate/anthony-squires?source=rewardist","Anthony Squires","anthonysquires","https://c.cfjump.com/Avatars/a073644b-a2d6-4611-b099-392550c1fce1.png","7","cashback","false","undefined"
"kick","https://kickpay.co/activate/antler-au?source=rewardist","Antler AU","antler","https://merchant.linksynergy.com/fs/logo/lg_50415","3.5","cashback","false","undefined"
"kick","https://kickpay.co/activate/apex-car-rentals-au?source=rewardist","Apex Car Rentals - AU","apexcarrentals","https://c.cfjump.com/Avatars/5ec35f5e-1f1f-4274-a0e6-82b4fbfa85ee.png","5","cashback","false","undefined"
"kick","https://kickpay.co/activate/ark-swimwear?source=rewardist","Ark Swimwear","arkswimwear","https://c.cfjump.com/Avatars/a54049ec-300d-4e6a-8502-0fa6fbd58a12.png","7","cashback","false","undefined"
"kick","https://kickpay.co/activate/arlo?source=rewardist","Arlo","arlo","https://c.cfjump.com/Avatars/9e40b06c-a87a-4938-a3b3-f9b96e4d5c4f.png","3.5","cashback","false","undefined"
"kick","https://kickpay.co/activate/artzmiami?source=rewardist","ArtZMiami","artzmiami","https://www.google.com/s2/favicons?domain=artzmiami.com&sz=128","10.5","cashback","false","undefined"
"kick","https://kickpay.co/activate/artless-forever?source=rewardist","Artless Forever","artlessforever","https://ui.awin.com/images/upload/merchant/profile/122666.png","8.5","cashback","false","undefined"
"kick","https://kickpay.co/activate/ashampoo-int?source=rewardist","Ashampoo INT","ashampooint","https://www.google.com/s2/favicons?domain=ashampoo.com&sz=128","0.21","cashback","false","undefined"
"kick","https://kickpay.co/activate/athleta?source=rewardist","Athleta","athleta","https://www.google.com/s2/favicons?domain=athleta.gap.com&sz=128","3.5","cashback","false","undefined"
"kick","https://kickpay.co/activate/atura-hotels-and-resorts?source=rewardist","Atura Hotels & Resorts","aturahotelsandresorts","https://www.google.com/s2/favicons?domain=aturahotels.com&sz=128","2","cashback","false","undefined"
"kick","https://kickpay.co/activate/auguste-the-label?source=rewardist","Auguste The Label","augustethelabel","https://c.cfjump.com/Avatars/7bb2cd43-7693-4a51-be10-44998423e353.png","3.5","cashback","false","undefined"
"kick","https://kickpay.co/activate/aunt-betty?source=rewardist","Aunt Betty","auntbetty","https://c.cfjump.com/Avatars/8fa083ee-d4cf-49b9-bea3-d80f2bf7fd02.png","1.5","cashback","false","undefined"
"kick","https://kickpay.co/activate/aussie-health-products?source=rewardist","Aussie Health Products","aussiehealthproducts","https://c.cfjump.com/Avatars/0cc8d2c6-e212-4139-8145-ea3b1061baaf.png","7","cashback","false","undefined"
"kick","https://kickpay.co/activate/authentic-scandinavia?source=rewardist","Authentic Scandinavia","authenticscandinavia","https://www.google.com/s2/favicons?domain=authentic-scandinavia.com&sz=128","4.9","cashback","false","undefined"
"kick","https://kickpay.co/activate/autobarn?source=rewardist","Autobarn","autobarn","https://c.cfjump.com/Avatars/1386a0c8-b383-440d-9b26-eeed26e09ba4.png","2","cashback","false","undefined"
"kick","https://kickpay.co/activate/autodesk-asia-pacific?source=rewardist","Autodesk Asia Pacific","autodeskasiapacific","https://cj.dotomi.com/c174tkor4/elq/koi/39254479/323854B84/2/2/2/2/2?b=a%3c%3cw8847%3A%2F%2FBBB.u8yruC.r31%2Fx1pvt-GFGLIHOLH-GMFIHHKM-GMIOOKOOMJFFF%3c%3cV%3c%3c%3cG%3cG%3cF%3cF%3cJLtpMMuq-KupG-JusL-quFp-qpMHrFJIJrFJ%3c","4.9","cashback","false","undefined"
"kick","https://kickpay.co/activate/autofull-gaming-chair?source=rewardist","Autofull Gaming Chair","autofullgamingchair","https://www.google.com/s2/favicons?domain=autofull.com&sz=128","3.5","cashback","false","undefined"
"kick","https://kickpay.co/activate/automotive-superstore?source=rewardist","Automotive Superstore","automotivesuperstore","https://c.cfjump.com/Avatars/ba519dc7-bc98-4f9e-ba85-164f63365610.png","1.5","cashback","false","undefined"
"kick","https://kickpay.co/activate/avery-products?source=rewardist","Avery Products","averyproducts","https://c.cfjump.com/Avatars/8244d8c0-e29f-4f72-804b-7117d9240d02.png","3.5","cashback","false","undefined"
"kick","https://kickpay.co/activate/avis-car-rentals-au?source=rewardist","Avis Car Rentals - AU","avis","https://c.cfjump.com/Avatars/cad65417-43a4-4054-8c01-ec29c3bc0d8a.png","5","cashback","false","undefined"
"kick","https://kickpay.co/activate/avodah-mugs-and-teas?source=rewardist","Avodah Mugs and Teas","avodahmugsandteas","https://www.google.com/s2/favicons?domain=avodahmugsandteas.com&sz=128","7","cashback","false","undefined"
"kick","https://kickpay.co/activate/biba?source=rewardist","BIBA","biba","https://www.google.com/s2/favicons?domain=biba.in&sz=128","0.04","cashback","false","undefined"
"kick","https://kickpay.co/activate/blanca?source=rewardist","BLANCA","blanca","https://c.cfjump.com/Avatars/7394234b-5bdc-407f-927c-c5bdaef07dd4.png","7","cashback","false","undefined"
"kick","https://kickpay.co/activate/bluetti-au?source=rewardist","BLUETTI AU","bluetti","https://c.cfjump.com/Avatars/3cd93739-c5e1-442c-9b47-c8c0ab145405.png","3.5","cashback","false","undefined"
"kick","https://kickpay.co/activate/blunt-umbrellas-australia?source=rewardist","BLUNT Umbrellas Australia","bluntumbrellas","https://c.cfjump.com/Avatars/8c13f582-2a0a-46ab-9976-d5b5157e1252.png","5.5","cashback","false","undefined"
"kick","https://kickpay.co/activate/brita-au?source=rewardist","BRITA AU","brita","https://content.flexlinks.com/SharedImages/ProgramSquareLogo/207562.png","5.6","cashback","false","undefined"
"kick","https://kickpay.co/activate/bruh-skincare?source=rewardist","BRUH. Skincare","bruhskincare","https://ui.awin.com/images/upload/merchant/profile/113464.png","10.5","cashback","false","undefined"
"kick","https://kickpay.co/activate/broadout?source=rewardist","BRoadout","broadout","https://ui.awin.com/images/upload/merchant/profile/61361.png","10.5","cashback","false","undefined"
"kick","https://kickpay.co/activate/bws?source=rewardist","BWS","bws","https://content.flexlinks.com/SharedImages/ProgramSquareLogo/212726.png","1.26","cashback","false","undefined"
"kick","https://kickpay.co/activate/byojet?source=rewardist","BYOjet","byojet","https://c.cfjump.com/Avatars/370904f5-ea52-4397-9023-63cfe8ec3ba6.png","1.5","cashback","false","undefined"
"kick","https://kickpay.co/activate/babeside?source=rewardist","Babeside","babeside","https://ui.awin.com/images/upload/merchant/profile/36264.png","10.5","cashback","false","undefined"
"kick","https://kickpay.co/activate/baby-bunting?source=rewardist","Baby Bunting","babybunting","/logos/rakuten/baby-bunting.jpg","5","cashback","false","undefined"
"kick","https://kickpay.co/activate/baby-sunnies?source=rewardist","Baby Sunnies","babysunnies","https://www.google.com/s2/favicons?domain=babysunnies.com&sz=128","7","cashback","false","undefined"
"kick","https://kickpay.co/activate/babyquip?source=rewardist","BabyQuip","babyquip","https://ui.awin.com/images/upload/merchant/profile/90627.png","700","cashback","true","undefined"
"kick","https://kickpay.co/activate/babycentral-australia?source=rewardist","Babycentral Australia","babycentral","https://c.cfjump.com/Avatars/03d064d6-1776-4e4e-8ee0-a1043c0a6c8e.png","3.5","cashback","false","undefined"
"kick","https://kickpay.co/activate/baccarat?source=rewardist","Baccarat","baccarat","https://c.cfjump.com/Avatars/944c6ace-6193-403d-9db6-01d7efe078a6.png","2","cashback","false","undefined"
"kick","https://kickpay.co/activate/bagsmart?source=rewardist","Bagsmart","bagsmart","https://c.cfjump.com/Avatars/f58669b5-1098-4f9a-9f11-a5202cb2dafd.png","4","cashback","false","undefined"
"kick","https://kickpay.co/activate/bake-me-a-wish?source=rewardist","Bake Me A Wish!","bakemeawish","https://ui.awin.com/images/upload/merchant/profile/105561.png","7","cashback","false","undefined"
"kick","https://kickpay.co/activate/baleaf-sports?source=rewardist","Baleaf Sports","baleafsports","https://www.google.com/s2/favicons?domain=baleaf.com&sz=128","11.2","cashback","false","undefined"
"kick","https://kickpay.co/activate/bamboosim?source=rewardist","BambooSIM","bamboosim","https://c.cfjump.com/Avatars/313af19c-43bf-4c60-9f57-d84d675fe0ed.png","7","cashback","false","undefined"
"kick","https://kickpay.co/activate/bannerbuzz-aus?source=rewardist","BannerBuzz AUS","bannerbuzz","https://ui.awin.com/images/upload/merchant/profile/61039.png","7","cashback","false","undefined"
"kick","https://kickpay.co/activate/bare-home?source=rewardist","Bare Home","barehome","https://ui.awin.com/images/upload/merchant/profile/96949.png","3.5","cashback","false","undefined"
"kick","https://kickpay.co/activate/bathmate?source=rewardist","BathMate","bathmate","https://www.google.com/s2/favicons?domain=bathmatedirect.com&sz=128","3.5","cashback","false","undefined"
"kick","https://kickpay.co/activate/baxter-blue-glasses?source=rewardist","Baxter Blue Glasses","baxterblueglasses","https://content.flexlinks.com/SharedImages/ProgramSquareLogo/217848.png","6","cashback","true","undefined"
"kick","https://kickpay.co/activate/bedaring?source=rewardist","BeDaring","bedaring","https://c.cfjump.com/Avatars/277dda25-6e74-4bcc-b5cf-4376563b7e6d.png","10.5","cashback","false","undefined"
"kick","https://kickpay.co/activate/beauty-affairs?source=rewardist","Beauty Affairs","beautyaffairs","https://c.cfjump.com/Avatars/f8260d1f-aa51-48d9-9265-5e6f54a6d328.png","5","cashback","false","undefined"
"kick","https://kickpay.co/activate/beauty-amora-au?source=rewardist","Beauty Amora AU","beautyamora","https://c.cfjump.com/Avatars/170cbf92-ef7a-434a-957b-0de64cec9b64.png","2.1","cashback","false","undefined"
"kick","https://kickpay.co/activate/beauty-forever?source=rewardist","Beauty Forever","beautyforever","https://www.google.com/s2/favicons?domain=m.beautyforever.com&sz=128","0.03","cashback","false","undefined"
"kick","https://kickpay.co/activate/beds-n-dreams?source=rewardist","Beds N Dreams","bedsndreams","https://content.flexlinks.com/SharedImages/ProgramSquareLogo/226400.png","1.12","cashback","false","undefined"
"kick","https://kickpay.co/activate/bedworks?source=rewardist","Bedworks","bedworks","https://c.cfjump.com/Avatars/a0f07f63-33d3-4097-a82d-f7b159045b91.png","2","cashback","false","undefined"
"kick","https://kickpay.co/activate/bedzy?source=rewardist","Bedzy","bedzy","https://c.cfjump.com/Avatars/8524bb56-1922-44be-85d0-db558b1042cd.png","3.5","cashback","false","undefined"
"kick","https://kickpay.co/activate/beer-cartel?source=rewardist","Beer Cartel","beercartel","https://c.cfjump.com/Avatars/7d08865a-8ac5-489f-ae2c-9036511ea73d.png","5","cashback","false","undefined"
"kick","https://kickpay.co/activate/beginning-boutique-au?source=rewardist","Beginning Boutique AU","beginningboutique","https://content.flexlinks.com/SharedImages/ProgramSquareLogo/179062.png","2.8","cashback","false","undefined"
"kick","https://kickpay.co/activate/bellroy?source=rewardist","Bellroy","bellroy","https://merchant.linksynergy.com/fs/logo/lg_43345.jpg","7","cashback","false","undefined"
"kick","https://kickpay.co/activate/bendon-lingerie-au?source=rewardist","Bendon Lingerie AU","bendonlingerie","https://c.cfjump.com/Avatars/9305fa9d-a413-40f3-99c7-12ce2e2acb1f.png","6.5","cashback","false","undefined"
"kick","https://kickpay.co/activate/berlei?source=rewardist","Berlei","berlei","https://merchant.linksynergy.com/fs/logo/lg_40581.jpg","6","cashback","false","undefined"
"kick","https://kickpay.co/activate/bessemer?source=rewardist","Bessemer","bessemer","https://c.cfjump.com/Avatars/f292df37-f78a-49c4-bbd7-f738a574f52e.png","2","cashback","false","undefined"
"kick","https://kickpay.co/activate/best-and-less?source=rewardist","Best & Less","bestandless","https://content.flexlinks.com/SharedImages/ProgramSquareLogo/211409.png","1.68","cashback","false","undefined"
"kick","https://kickpay.co/activate/best-buy?source=rewardist","Best Buy","bestbuy","https://www.google.com/s2/favicons?domain=bestbuy.com&sz=128","0.28","cashback","false","undefined"
"kick","https://kickpay.co/activate/best-choice-products?source=rewardist","Best Choice Products","bestchoiceproducts","https://www.google.com/s2/favicons?domain=bestchoiceproducts.com&sz=128","7","cashback","false","undefined"
"kick","https://kickpay.co/activate/best-restaurants-au?source=rewardist","Best Restaurants AU","bestrestaurants","https://c.cfjump.com/Avatars/c2f33370-a9bf-4562-819b-c324bb87d9b2.png","5","cashback","false","undefined"
"kick","https://kickpay.co/activate/best-vet-care?source=rewardist","Best Vet Care","bestvetcare","https://www.google.com/s2/favicons?domain=bestvetcare.com&sz=128","7","cashback","false","undefined"
"kick","https://kickpay.co/activate/best-wig-outlet?source=rewardist","Best Wig Outlet","bestwigoutlet","https://ui.awin.com/images/upload/merchant/profile/115597.png","7","cashback","false","undefined"
"kick","https://kickpay.co/activate/bestdeals?source=rewardist","BestDeals","bestdeals","https://c.cfjump.com/Avatars/528b7c53-05a1-488f-b36a-d3fb230a8cab.png","3.5","cashback","false","undefined"
"kick","https://kickpay.co/activate/betta?source=rewardist","Betta","betta","https://merchant.linksynergy.com/fs/logo/lg_53994","3.85","cashback","false","undefined"
"kick","https://kickpay.co/activate/betting-on-the-wedding?source=rewardist","Betting on the Wedding","bettingonthewedding","https://ui.awin.com/images/upload/merchant/profile/116289.png","14","cashback","false","undefined"
"kick","https://kickpay.co/activate/betty-basics?source=rewardist","Betty Basics","bettybasics","https://c.cfjump.com/Avatars/545b6639-24fd-4239-a642-f245c4222f18.png","7","cashback","false","undefined"
"kick","https://kickpay.co/activate/betty-mills?source=rewardist","Betty Mills","bettymills","https://www.google.com/s2/favicons?domain=bettymills.com&sz=128","5.5","cashback","false","undefined"
"kick","https://kickpay.co/activate/bevilles-jewellers?source=rewardist","Bevilles Jewellers","bevillesjewellers","https://c.cfjump.com/Avatars/7aa881d6-2d6c-42ee-b666-8970896a2bd6.png","5","cashback","false","undefined"
"kick","https://kickpay.co/activate/big-little-campers?source=rewardist","Big Little Campers","biglittlecampers","https://c.cfjump.com/Avatars/78341336-200a-4d3d-9fdb-a70e3fc726a6.png","4","cashback","false","undefined"
"kick","https://kickpay.co/activate/billy-guyatts?source=rewardist","Billy Guyatts","billyguyatts","https://merchant.linksynergy.com/fs/logo/lg_53995","3.85","cashback","false","undefined"
"kick","https://kickpay.co/activate/bing-lee?source=rewardist","Bing Lee","binglee","https://content.flexlinks.com/SharedImages/ProgramSquareLogo/203168.png","0.56","cashback","false","undefined"
"kick","https://kickpay.co/activate/biome-eco-stores?source=rewardist","Biome Eco Stores","biome","https://c.cfjump.com/Avatars/7b8fa79c-9809-4168-abe8-349e6fe2069c.png","7","cashback","false","undefined"
"kick","https://kickpay.co/activate/biovea-au?source=rewardist","Biovea AU","biovea","https://ui.awin.com/images/upload/merchant/profile/30557.png","3.5","cashback","false","undefined"
"kick","https://kickpay.co/activate/birdfy?source=rewardist","Birdfy","birdfy","https://ui.awin.com/images/upload/merchant/profile/63888.png","10","cashback","false","undefined"
"kick","https://kickpay.co/activate/birdfy?source=rewardist","Birdfy","birdfy","https://www.google.com/s2/favicons?domain=amazon.com&sz=128","7","cashback","false","undefined"
"kick","https://kickpay.co/activate/bissell?source=rewardist","Bissell","bissell","https://merchant.linksynergy.com/fs/logo/lg_53898","5","cashback","false","undefined"
"kick","https://kickpay.co/activate/blood?source=rewardist","Blood","blood","https://c.cfjump.com/Avatars/5d8a5a08-4ff4-48a4-b442-5f650d2b4843.png","7","cashback","false","undefined"
"kick","https://kickpay.co/activate/blue-cypress?source=rewardist","Blue Cypress","bluecypress","https://www.google.com/s2/favicons?domain=bluecypress.com&sz=128","5.5","cashback","false","undefined"
"kick","https://kickpay.co/activate/bluebella-au?source=rewardist","Bluebella AU","bluebella","/logos/rakuten/bluebella-au.jpg","4","cashback","false","undefined"
"kick","https://kickpay.co/activate/blume?source=rewardist","Blume","blume","https://ui.awin.com/images/upload/merchant/profile/89801.png","7","cashback","false","undefined"
"kick","https://kickpay.co/activate/boden-australia?source=rewardist","Boden Australia","boden","https://www.google.com/s2/favicons?domain=boden.com&sz=128","4.2","cashback","false","undefined"
"kick","https://kickpay.co/activate/bogs-footwear?source=rewardist","Bogs Footwear","bogsfootwear","/logos/rakuten/bogs-footwear.png","7","cashback","false","undefined"
"kick","https://kickpay.co/activate/bond-touch?source=rewardist","Bond Touch","bondtouch","https://ui.awin.com/images/upload/merchant/profile/68092.png","3","cashback","false","undefined"
"kick","https://kickpay.co/activate/bondi-sands-australia?source=rewardist","Bondi Sands Australia","bondisands","https://content.flexlinks.com/SharedImages/ProgramSquareLogo/242774.png","4.48","cashback","false","undefined"
"kick","https://kickpay.co/activate/bonds?source=rewardist","Bonds","bonds","/public-objects/merchant-logos/42970-1780031538410.jpg","4.9","cashback","false","undefined"
"kick","https://kickpay.co/activate/boody-au?source=rewardist","Boody AU","boody","/logos/rakuten/boody-au.png","8.4","cashback","false","undefined"
"kick","https://kickpay.co/activate/bookseats?source=rewardist","BookSeats","bookseats","https://www.google.com/s2/favicons?domain=bookseats.com&sz=128","3.5","cashback","false","undefined"
"kick","https://kickpay.co/activate/boost-mobile-au?source=rewardist","Boost Mobile AU","boostmobile","https://content.flexlinks.com/SharedImages/ProgramSquareLogo/235910.png","5","cashback","true","undefined"
"kick","https://kickpay.co/activate/botanic-choice?source=rewardist","Botanic Choice","botanicchoice","https://www.google.com/s2/favicons?domain=botanicchoice.com&sz=128","0.06","cashback","false","undefined"
"kick","https://kickpay.co/activate/bounce-nutrition?source=rewardist","Bounce Nutrition","bouncenutrition","https://ui.awin.com/images/upload/merchant/profile/76284.png","7","cashback","false","undefined"
"kick","https://kickpay.co/activate/braun-household-home-and-kitchen-appliances-aunz?source=rewardist","Braun Household - Home & Kitchen Appliances AUNZ","braun","https://c.cfjump.com/Avatars/08f733b0-23cf-41de-b6b6-a3c235773fa6.png","3.5","cashback","false","undefined"
"kick","https://kickpay.co/activate/bravofly-au?source=rewardist","Bravofly AU","bravofly","https://ui.awin.com/images/upload/merchant/profile/17004.png","3.5","cashback","false","undefined"
"kick","https://kickpay.co/activate/brewquets?source=rewardist","Brewquets","brewquets","https://c.cfjump.com/Avatars/0e3fb2ef-848a-4d7d-8b05-b754e84ccc26.png","5","cashback","false","undefined"
"kick","https://kickpay.co/activate/brian-oak-limited?source=rewardist","Brian Oak Limited","brianoaklimited","https://www.google.com/s2/favicons?domain=brianoak.com&sz=128","7","cashback","false","undefined"
"kick","https://kickpay.co/activate/brobasket?source=rewardist","BroBasket","brobasket","https://ui.awin.com/images/upload/merchant/profile/59093.png","3.5","cashback","false","undefined"
"kick","https://kickpay.co/activate/brooks-running?source=rewardist","Brooks Running","brooks","https://content.flexlinks.com/SharedImages/ProgramSquareLogo/248427.png","4.48","cashback","false","undefined"
"kick","https://kickpay.co/activate/budget-car-rentals-au?source=rewardist","Budget Car Rentals - AU","budget","https://c.cfjump.com/Avatars/ae654346-c072-4814-a357-9f819151af77.png","5","cashback","false","undefined"
"kick","https://kickpay.co/activate/budget-pet-care?source=rewardist","Budget Pet Care","budgetpetcare","https://www.google.com/s2/favicons?domain=budgetpetcare.com&sz=128","7","cashback","false","undefined"
"kick","https://kickpay.co/activate/bungle-nursery-cribs?source=rewardist","Bungle Nursery Cribs","bunglenurserycribs","https://ui.awin.com/images/upload/merchant/profile/122708.png","7","cashback","false","undefined"
"kick","https://kickpay.co/activate/burton-goods?source=rewardist","Burton Goods","burtongoods","https://ui.awin.com/images/upload/merchant/profile/83699.png","7","cashback","false","undefined"
"kick","https://kickpay.co/activate/buycoolshirts-com?source=rewardist","Buycoolshirts.com","buycoolshirts","https://ui.awin.com/images/upload/merchant/profile/77304.png","14","cashback","false","undefined"
"kick","https://kickpay.co/activate/camper-us-ca-au-latam?source=rewardist","CAMPER US, CA, AU, LATAM","camperuscalatam","https://www.google.com/s2/favicons?domain=camper.com&sz=128","5.5","cashback","false","undefined"
"kick","https://kickpay.co/activate/casecess?source=rewardist","CASECESS","casecess","https://www.google.com/s2/favicons?domain=casecess.com&sz=128","10.5","cashback","false","undefined"
"kick","https://kickpay.co/activate/cemoy?source=rewardist","CEMÔY","cemoy","https://c.cfjump.com/Avatars/42ffcc03-efe0-4c67-a139-96a19229db8d.png","5.5","cashback","false","undefined"
"kick","https://kickpay.co/activate/cinco-store?source=rewardist","CINCO STORE","cincostore","https://ui.awin.com/images/upload/merchant/profile/54839.png","7","cashback","false","undefined"
"kick","https://kickpay.co/activate/circa?source=rewardist","CIRCA","circa","https://c.cfjump.com/Avatars/f19cd9fe-648c-4b59-855d-5817ae00eeca.png","5.5","cashback","false","undefined"
"kick","https://kickpay.co/activate/closemate?source=rewardist","CLOSEMATE","closemate","https://www.google.com/s2/favicons?domain=closemate.com&sz=128","10.5","cashback","false","undefined"
"kick","https://kickpay.co/activate/colordiamonds-led-mask?source=rewardist","COLORDIAMONDS LED MASK","colordiamondsledmask","https://ui.awin.com/images/upload/merchant/profile/124272.png","8.5","cashback","false","undefined"
"kick","https://kickpay.co/activate/cosmo-technologies?source=rewardist","COSMO Technologies","cosmotechnologies","https://www.google.com/s2/favicons?domain=cosmotogether.com&sz=128","8","cashback","true","undefined"
"kick","https://kickpay.co/activate/coutr?source=rewardist","COUTR","coutr","/public-objects/merchant-logos/77799-1786937352285.png","5","cashback","false","undefined"
"kick","https://kickpay.co/activate/caesars-rewards-hotels-global?source=rewardist","Caesars Rewards: Hotels (Global)","caesarsrewardshotelsglobal","https://ui.awin.com/images/upload/merchant/profile/6145.png","3.5","cashback","false","undefined"
"kick","https://kickpay.co/activate/callsun-solar?source=rewardist","Callsun Solar","callsunsolar","https://www.google.com/s2/favicons?domain=callsunsolar.com&sz=128","7","cashback","false","undefined"
"kick","https://kickpay.co/activate/camera-house?source=rewardist","Camera House","camerahouse","https://c.cfjump.com/Avatars/701cb532-cb0d-4ddd-bea9-3d589b812920.png","1.5","cashback","false","undefined"
"kick","https://kickpay.co/activate/camerapro?source=rewardist","CameraPro","camerapro","https://c.cfjump.com/Avatars/48b7293e-f4d2-4d85-bfff-4c2ba1650759.png","1.5","cashback","false","undefined"
"kick","https://kickpay.co/activate/camplify?source=rewardist","Camplify","camplify","https://logo.clearbit.com/camplify.com.au","2.1","cashback","false","undefined"
"kick","https://kickpay.co/activate/capcut-affiliate-program?source=rewardist","CapCut Affiliate Program","capcutaffiliateprogram","https://www.google.com/s2/favicons?domain=capcut.com&sz=128","42","cashback","false","undefined"
"kick","https://kickpay.co/activate/capelin-crew-ski-snowboard-and-outdoor-gear?source=rewardist","Capelin Crew Ski, Snowboard & Outdoor Gear","capelincrewskisnowboardandoutdoorgear","https://www.google.com/s2/favicons?domain=capelin-crew.com&sz=128","7","cashback","false","undefined"
"kick","https://kickpay.co/activate/capri-watch?source=rewardist","Capri Watch","capriwatch","https://ui.awin.com/images/upload/merchant/profile/120271.png","4","cashback","false","undefined"
"kick","https://kickpay.co/activate/car-mods-australia?source=rewardist","Car Mods Australia","carmods","https://c.cfjump.com/Avatars/1abba471-81b8-4bd4-bc9b-cc76534be9ab.png","1.5","cashback","false","undefined"
"kick","https://kickpay.co/activate/carhistory?source=rewardist","CarHistory","carhistory","https://c.cfjump.com/Avatars/9d732b5f-8232-4b46-b4b8-8f6065135f04.png","10.5","cashback","false","undefined"
"kick","https://kickpay.co/activate/carmatsculture?source=rewardist","CarMatsCulture","carmatsculture","https://c.cfjump.com/Avatars/a54ddd70-abbf-45ea-af3d-55e076b2d223.png","0.5","cashback","false","undefined"
"kick","https://kickpay.co/activate/care-you?source=rewardist","Care You","careyou","https://c.cfjump.com/Avatars/1b3524be-62b8-408a-bb30-85d609379b25.png","3.5","cashback","false","undefined"
"kick","https://kickpay.co/activate/carla-car-rental?source=rewardist","Carla Car Rental","carlacarrental","https://www.google.com/s2/favicons?domain=rentcarla.com&sz=128","17.5","cashback","false","undefined"
"kick","https://kickpay.co/activate/carla-zampatti?source=rewardist","Carla Zampatti","carlazampatti","https://c.cfjump.com/Avatars/e682a45e-c589-4435-ac16-de69e14cbe0e.png","4","cashback","false","undefined"
"kick","https://kickpay.co/activate/carlinkit?source=rewardist","CarlinKit","carlinkit","https://www.google.com/s2/favicons?domain=carlinkitcarplay.com&sz=128","5.5","cashback","false","undefined"
"kick","https://kickpay.co/activate/carmel-car-and-limousine?source=rewardist","Carmel Car & Limousine","carmelcarandlimousine","https://ui.awin.com/images/upload/merchant/profile/87897.png","3.5","cashback","false","undefined"
"kick","https://kickpay.co/activate/carmellimo-com?source=rewardist","CarmelLimo.com","carmellimo","https://www.google.com/s2/favicons?domain=carmellimo.com&sz=128","5.25","cashback","false","undefined"
"kick","https://kickpay.co/activate/cartridges-direct?source=rewardist","Cartridges Direct","cartridgesdirect","https://c.cfjump.com/Avatars/5290ea3d-8ad7-48ac-898e-04d9a97da682.png","2","cashback","false","undefined"
"kick","https://kickpay.co/activate/casa-andina-hoteles?source=rewardist","Casa Andina Hoteles","casaandinahoteles","https://www.google.com/s2/favicons?domain=casa-andina.com&sz=128","2.8","cashback","false","undefined"
"kick","https://kickpay.co/activate/casadei?source=rewardist","Casadei","casadei","https://content.flexlinks.com/SharedImages/ProgramSquareLogo/175262.png","4.2","cashback","false","undefined"
"kick","https://kickpay.co/activate/casey-s-toys?source=rewardist","Casey's Toys","caseystoys","https://c.cfjump.com/Avatars/12f9ff08-00c6-4409-9a7a-73e5d1d512c0.png","4.5","cashback","false","undefined"
"kick","https://kickpay.co/activate/cashmere-boutique?source=rewardist","Cashmere Boutique","cashmereboutique","https://www.google.com/s2/favicons?domain=cashmereboutique.com&sz=128","4.9","cashback","false","undefined"
"kick","https://kickpay.co/activate/celebration-box?source=rewardist","Celebration Box","celebrationbox","https://c.cfjump.com/Avatars/6d58e844-246d-42cc-8d76-711610e3a7a4.png","3.5","cashback","false","undefined"
"kick","https://kickpay.co/activate/chain-valley-gifts?source=rewardist","Chain Valley Gifts","chainvalleygifts","https://c.cfjump.com/Avatars/6561ac22-30a5-4785-a08f-f94fc3294b21.png","7","cashback","false","undefined"
"kick","https://kickpay.co/activate/charity-hampers?source=rewardist","Charity Hampers","charityhampers","https://c.cfjump.com/Avatars/8b75f698-2eae-49f5-828d-ba4fe95024de.png","5.5","cashback","false","undefined"
"kick","https://kickpay.co/activate/charlotte-tilbury-au?source=rewardist","Charlotte Tilbury AU","charlottetilbury","https://content.flexlinks.com/SharedImages/ProgramSquareLogo/195489.png","4.48","cashback","false","undefined"
"kick","https://kickpay.co/activate/cheapoair-com?source=rewardist","CheapOair.com","cheapoair","https://www.google.com/s2/favicons?domain=cheapoair.com&sz=128","14","cashback","true","undefined"
"kick","https://kickpay.co/activate/chemist-direct-au?source=rewardist","Chemist Direct AU","chemistdirect","https://www.google.com/s2/favicons?domain=chemistdirect.com.au&sz=128","2.24","cashback","false","undefined"
"kick","https://kickpay.co/activate/cherub-baby-australia?source=rewardist","Cherub Baby Australia","cherubbaby","https://c.cfjump.com/Avatars/43871e89-4791-4bba-abe1-1ecc207e225f.png","4.5","cashback","false","undefined"
"kick","https://kickpay.co/activate/chicme?source=rewardist","ChicMe","chicme","https://c.cfjump.com/Avatars/5ec481f8-9c71-442f-9bf8-74a10603c379.png","8.5","cashback","false","undefined"
"kick","https://kickpay.co/activate/chief-nutrition?source=rewardist","Chief Nutrition","chiefnutrition","https://c.cfjump.com/Avatars/629c27f2-d406-438b-8fd0-ac89016c3b45.png","5.5","cashback","false","undefined"
"kick","https://kickpay.co/activate/choice-privileges-points-com?source=rewardist","Choice Privileges - Points.com","choiceprivilegespoints","https://www.google.com/s2/favicons?domain=points.com&sz=128","2","cashback","false","undefined"
"kick","https://kickpay.co/activate/chow-sang-sang?source=rewardist","Chow Sang Sang","chowsangsang","https://www.google.com/s2/favicons?domain=chowsangsang.com&sz=128","0.03","cashback","false","undefined"
"kick","https://kickpay.co/activate/chow-sang-sang-jewellery?source=rewardist","Chow Sang Sang Jewellery","chowsangsang","https://ui.awin.com/images/upload/merchant/profile/53543.png","7","cashback","false","undefined"
"kick","https://kickpay.co/activate/circledna?source=rewardist","CircleDNA","circledna","https://c.cfjump.com/Avatars/56a81cce-5386-423c-ae6e-7c5ce9a994f9.png","7","cashback","false","undefined"
"kick","https://kickpay.co/activate/circulon?source=rewardist","Circulon","circulon","https://c.cfjump.com/Avatars/0e147d8d-6bce-49b7-ac17-349bee4291e8.png","5","cashback","false","undefined"
"kick","https://kickpay.co/activate/circus-ny?source=rewardist","Circus NY","circusny","https://www.google.com/s2/favicons?domain=circusny.com&sz=128","7","cashback","false","undefined"
"kick","https://kickpay.co/activate/city-beach-au?source=rewardist","City Beach AU","citybeach","https://www.citybeach.com/on/demandware.static/Sites-CityBeachUS-Site/-/default/dwb4911c4a/images/citybeachlogo.png","6","cashback","false","undefined"
"kick","https://kickpay.co/activate/city-chic?source=rewardist","City Chic","citychic","https://www.google.com/s2/favicons?domain=citychic.com.au&sz=128","5.5","cashback","false","undefined"
"kick","https://kickpay.co/activate/city-perfume?source=rewardist","City Perfume","cityperfume","https://c.cfjump.com/Avatars/59543833-fcbe-468f-b905-ec598d3fede9.png","3.5","cashback","false","undefined"
"kick","https://kickpay.co/activate/clearly-au-nz?source=rewardist","Clearly AU/NZ","clearlynz","https://www.google.com/s2/favicons?domain=clearly.com.au&sz=128","5.5","cashback","false","undefined"
"kick","https://kickpay.co/activate/clearview-cruises?source=rewardist","Clearview Cruises","clearviewcruises","https://c.cfjump.com/Avatars/e150ce89-9a7e-4e46-b781-d6ea8079a11f.png","3","cashback","false","undefined"
"kick","https://kickpay.co/activate/cliganic?source=rewardist","Cliganic","cliganic","https://www.google.com/s2/favicons?domain=cliganic.com&sz=128","10.5","cashback","false","undefined"
"kick","https://kickpay.co/activate/cloth-vintage-affiliate-programme?source=rewardist","Cloth Vintage Affiliate Programme","clothvintageaffiliateprogramme","https://ui.awin.com/images/upload/merchant/profile/128343.png","10.5","cashback","false","undefined"
"kick","https://kickpay.co/activate/club-x?source=rewardist","Club X","clubx","https://c.cfjump.com/Avatars/3f19853e-8cf0-4216-b8bc-8fea04acc327.png","10.5","cashback","false","undefined"
"kick","https://kickpay.co/activate/code-labs-academy?source=rewardist","Code Labs Academy","codelabsacademy","https://www.google.com/s2/favicons?domain=codelabsacademy.com&sz=128","8.5","cashback","false","undefined"
"kick","https://kickpay.co/activate/condor-int?source=rewardist","Condor INT","condorint","https://www.google.com/s2/favicons?domain=condor.com&sz=128","1.05","cashback","false","undefined"
"kick","https://kickpay.co/activate/connor-au?source=rewardist","Connor AU","connor","https://content.flexlinks.com/SharedImages/ProgramSquareLogo/177807.png","1.68","cashback","false","undefined"
"kick","https://kickpay.co/activate/conserving-beauty?source=rewardist","Conserving Beauty","conservingbeauty","https://www.google.com/s2/favicons?domain=conservingbeauty.com&sz=128","5.6","cashback","false","undefined"
"kick","https://kickpay.co/activate/constance-hotels-global?source=rewardist","Constance Hotels (Global)","constancehotelsglobal","https://ui.awin.com/images/upload/merchant/profile/18746.png","4","cashback","false","undefined"
"kick","https://kickpay.co/activate/coofandy?source=rewardist","Coofandy","coofandy","https://www.google.com/s2/favicons?domain=coofandy.com&sz=128","0.07","cashback","false","undefined"
"kick","https://kickpay.co/activate/cookware-brands?source=rewardist","Cookware Brands","cookwarebrands","https://c.cfjump.com/Avatars/99782e3c-e51f-47a1-819c-db9fd2839262.png","5","cashback","false","undefined"
"kick","https://kickpay.co/activate/coolzy?source=rewardist","Coolzy","coolzy","https://c.cfjump.com/Avatars/58ae76c1-e9c7-4d0e-8f70-cc56d860e043.png","9","cashback","false","undefined"
"kick","https://kickpay.co/activate/copa-airlines-connectmiles-points-com?source=rewardist","Copa Airlines ConnectMiles - Points.com","copaairlinesconnectmilespoints","https://www.google.com/s2/favicons?domain=copaair.com&sz=128","2","cashback","false","undefined"
"kick","https://kickpay.co/activate/core-equipment?source=rewardist","Core Equipment","coreequipment","https://www.google.com/s2/favicons?domain=coreequipment.com&sz=128","2.24","cashback","false","undefined"
"kick","https://kickpay.co/activate/corel-corporation?source=rewardist","Corel Corporation","corelcorporation","https://www.google.com/s2/favicons?domain=corel.com&sz=128","0.07","cashback","false","undefined"
"kick","https://kickpay.co/activate/corneacare?source=rewardist","CorneaCare","corneacare","https://www.google.com/s2/favicons?domain=mycorneacare.com&sz=128","7","cashback","false","undefined"
"kick","https://kickpay.co/activate/costom4u?source=rewardist","Costom4U","costom4u","https://www.google.com/s2/favicons?domain=thecustom4u.com&sz=128","7","cashback","false","undefined"
"kick","https://kickpay.co/activate/costway-australia?source=rewardist","Costway Australia","costway","https://c.cfjump.com/Avatars/16a15e88-279c-4ed7-ba94-eee01bfb0765.png","3.5","cashback","false","undefined"
"kick","https://kickpay.co/activate/cotton-on?source=rewardist","Cotton On","cottonon","/logos/rakuten/cotton-on.svg","8","cashback","false","undefined"
"kick","https://kickpay.co/activate/cover-more?source=rewardist","Cover-More","covermore","https://content.flexlinks.com/SharedImages/ProgramSquareLogo/181452.png","5.6","cashback","false","undefined"
"kick","https://kickpay.co/activate/cracked-soda?source=rewardist","Cracked Soda","crackedsoda","https://c.cfjump.com/Avatars/d8287a00-758a-470f-ac41-c7867b52b9e0.png","7","cashback","false","undefined"
"kick","https://kickpay.co/activate/craft-cartel-liquor?source=rewardist","Craft Cartel Liquor","craftcartelliquor","https://c.cfjump.com/Avatars/1fda920d-f439-44bd-833c-1df0824a5955.png","3.5","cashback","false","undefined"
"kick","https://kickpay.co/activate/crazy-sales?source=rewardist","Crazy Sales","crazysales","https://c.cfjump.com/Avatars/f027d236-8b19-4e3f-8d3f-ca52fcad8bca.png","3.5","cashback","false","undefined"
"kick","https://kickpay.co/activate/crazysales?source=rewardist","CrazySales","crazysales","https://merchant.linksynergy.com/fs/logo/lg_39299.jpg","5","cashback","false","undefined"
"kick","https://kickpay.co/activate/creativebug?source=rewardist","Creativebug","creativebug","https://www.google.com/s2/favicons?domain=creativebug.com&sz=128","14","cashback","false","undefined"
"kick","https://kickpay.co/activate/cronjager?source=rewardist","Cronjager","cronjager","https://ui.awin.com/images/upload/merchant/profile/98661.png","7","cashback","false","undefined"
"kick","https://kickpay.co/activate/cue-au?source=rewardist","Cue AU","cue","https://content.flexlinks.com/SharedImages/ProgramSquareLogo/198946.png","3.92","cashback","false","undefined"
"kick","https://kickpay.co/activate/culprit-underwear?source=rewardist","Culprit Underwear","culpritunderwear","https://ui.awin.com/images/upload/merchant/profile/100029.png","7.5","cashback","false","undefined"
"kick","https://kickpay.co/activate/culture-kings?source=rewardist","Culture Kings","culturekings","https://merchant.linksynergy.com/fs/logo/lg_46631","5","cashback","false","undefined"
"kick","https://kickpay.co/activate/cupshe-au?source=rewardist","Cupshe AU","cupshe","https://ui.awin.com/images/upload/merchant/profile/123608.png","4","cashback","false","undefined"
"kick","https://kickpay.co/activate/curtain-wonderland?source=rewardist","Curtain Wonderland","curtainwonderland","https://c.cfjump.com/Avatars/f3b96819-1ac0-45a5-86ec-6dafbf555881.png","7","cashback","false","undefined"
"kick","https://kickpay.co/activate/dazn-apac?source=rewardist","DAZN APAC","daznapac","https://ui.awin.com/images/upload/merchant/profile/126257.png","70","cashback","false","undefined"
"kick","https://kickpay.co/activate/dc-shoes?source=rewardist","DC Shoes","dcshoes","https://c.cfjump.com/Avatars/14239df2-c6dd-404a-ac17-236894e4e092.png","5.5","cashback","false","undefined"
"kick","https://kickpay.co/activate/descente-sea?source=rewardist","DESCENTE SEA","descentesea","https://www.google.com/s2/favicons?domain=sg.descente.com&sz=128","4","cashback","false","undefined"
"kick","https://kickpay.co/activate/dhgate?source=rewardist","DHgate","dhgate","https://cj.dotomi.com/3l104elps5/fmr/lpj/4A576B5A/434965C95/3/3/3/3/3?h=w%3c%3cp11x0%3A%2F%2F444.n1rkn5.kwu%2Fquiom-989EBAHEA-9FACBGAF-9FF8FAAAAB888%3c%3cO%3c%3c%3c9%3c9%3c8%3c8%3cGkmm8HEj-GE88-C8El-jCi8-HCC9kHjE9mnG%3c","35","cashback","false","undefined"
"kick","https://kickpay.co/activate/dokodemo?source=rewardist","DOKODEMO","dokodemo","https://c.cfjump.com/Avatars/b12c6b45-7f21-470a-9139-831a7526f170.png","2","cashback","false","undefined"
"kick","https://kickpay.co/activate/damond-motorsports?source=rewardist","Damond Motorsports","damondmotorsports","https://ui.awin.com/images/upload/merchant/profile/38232.png","7","cashback","false","undefined"
"kick","https://kickpay.co/activate/darlings-of-chelsea?source=rewardist","Darlings of Chelsea","darlingsofchelsea","https://www.google.com/s2/favicons?domain=darlingsofchelsea.co.uk&sz=128","1.12","cashback","false","undefined"
"kick","https://kickpay.co/activate/david-lawrence-au?source=rewardist","David Lawrence AU","davidlawrence","https://content.flexlinks.com/SharedImages/ProgramSquareLogo/237656.png","1.68","cashback","false","undefined"
"kick","https://kickpay.co/activate/de-longhi-au-nz?source=rewardist","De'Longhi AU NZ","delonghinz","https://content.flexlinks.com/SharedImages/ProgramSquareLogo/239889.png","4.2","cashback","false","undefined"
"kick","https://kickpay.co/activate/dell-technologies-anz?source=rewardist","Dell Technologies ANZ","dell","https://www.google.com/s2/favicons?domain=dell.com.au&sz=128","1.5","cashback","false","undefined"
"kick","https://kickpay.co/activate/deluvia-skincare-and-cosmetics?source=rewardist","Deluvia Skincare and Cosmetics","deluviaskincareandcosmetics","https://ui.awin.com/images/upload/merchant/profile/59283.png","7","cashback","false","undefined"
"kick","https://kickpay.co/activate/designer-appliances?source=rewardist","Designer Appliances","designerappliances","https://merchant.linksynergy.com/fs/logo/lg_53997","3.85","cashback","false","undefined"
"kick","https://kickpay.co/activate/designer-brands?source=rewardist","Designer Brands","designerbrands","https://www.google.com/s2/favicons?domain=dbcosmetics.com.au&sz=128","7","cashback","false","undefined"
"kick","https://kickpay.co/activate/dewycream-inc?source=rewardist","Dewycream Inc","dewycreaminc","https://ui.awin.com/images/upload/merchant/profile/110224.png","10.5","cashback","false","undefined"
"kick","https://kickpay.co/activate/diamond-veneer-travel-jewelry?source=rewardist","Diamond Veneer Travel Jewelry","diamondveneertraveljewelry","https://ui.awin.com/images/upload/merchant/profile/88263.png","10.5","cashback","false","undefined"
"kick","https://kickpay.co/activate/diecast?source=rewardist","Diecast","diecast","https://www.google.com/s2/favicons?domain=diecastmodelswholesale.com&sz=128","7","cashback","false","undefined"
"kick","https://kickpay.co/activate/digidirect?source=rewardist","DigiDirect","digidirect","https://www.google.com/s2/favicons?domain=digidirect.com.au&sz=128","0.56","cashback","false","undefined"
"kick","https://kickpay.co/activate/dinnerly-au?source=rewardist","Dinnerly AU","dinnerly","https://ui.awin.com/images/upload/merchant/profile/104513.png","1050","cashback","true","undefined"
"kick","https://kickpay.co/activate/directdeals?source=rewardist","DirectDeals","directdeals","https://www.google.com/s2/favicons?domain=directdeals.com&sz=128","7","cashback","false","undefined"
"kick","https://kickpay.co/activate/discount-pet-care-au?source=rewardist","Discount Pet Care AU","discountpetcare","https://content.flexlinks.com/SharedImages/ProgramSquareLogo/243795.png","4.2","cashback","false","undefined"
"kick","https://kickpay.co/activate/dore-and-rose?source=rewardist","Dore & Rose","doreandrose","https://www.google.com/s2/favicons?domain=doreandrose.com&sz=128","4","cashback","false","undefined"
"kick","https://kickpay.co/activate/dose-and-co-au?source=rewardist","Dose & Co AU","doseandco","https://ui.awin.com/images/upload/merchant/profile/120513.png","10.5","cashback","false","undefined"
"kick","https://kickpay.co/activate/dozen-deals?source=rewardist","Dozen Deals","dozendeals","https://c.cfjump.com/Avatars/870353fd-4deb-4cf2-8fcc-16fcc801de18.png","5.5","cashback","false","undefined"
"kick","https://kickpay.co/activate/dr-martens?source=rewardist","Dr Martens","drmartens","https://c.cfjump.com/Avatars/e8403b47-2866-4c16-b68b-8c81bd476fe6.png","1.5","cashback","false","undefined"
"kick","https://kickpay.co/activate/dream-home-art-union?source=rewardist","Dream Home Art Union","dreamhomeartunion","https://c.cfjump.com/Avatars/60363800-5512-468e-998e-99b83b3c8d2e.png","11","cashback","false","undefined"
"kick","https://kickpay.co/activate/dream-pairs?source=rewardist","Dream Pairs","dreampairs","https://ui.awin.com/images/upload/merchant/profile/76022.png","5.5","cashback","false","undefined"
"kick","https://kickpay.co/activate/dribbble?source=rewardist","Dribbble","dribbble","/logos/rakuten/dribbble.png","20","cashback","false","undefined"
"kick","https://kickpay.co/activate/dunford-inc?source=rewardist","Dunford, Inc.","dunfordinc","https://ui.awin.com/images/upload/merchant/profile/67974.png","4.5","cashback","false","undefined"
"kick","https://kickpay.co/activate/dyson-australia?source=rewardist","Dyson Australia","dyson","https://merchant.linksynergy.com/fs/logo/lg_43020.jpg","3.5","cashback","false","undefined"
"kick","https://kickpay.co/activate/e-tel?source=rewardist","E.Tel","etel","https://c.cfjump.com/Avatars/acde85a4-9e87-4e8a-8d4c-1759708a45ac.png","21","cashback","false","undefined"
"kick","https://kickpay.co/activate/easyflowers?source=rewardist","EASYFLOWERS","easyflowers","https://c.cfjump.com/Avatars/8aafa6b1-2559-4eaa-b620-3e3a7cbad866.png","10.5","cashback","false","undefined"
"kick","https://kickpay.co/activate/eco-modern-essentials?source=rewardist","ECO. Modern Essentials","ecomodernessentials","https://c.cfjump.com/Avatars/8e310fb6-9bca-4f50-93bb-f4ccf8be9f86.png","7","cashback","false","undefined"
"kick","https://kickpay.co/activate/ecovacs?source=rewardist","ECOVACS","ecovacs","https://c.cfjump.com/Avatars/8df3b8c7-073d-4262-a2cd-2091a40e2c30.png","3.5","cashback","false","undefined"
"kick","https://kickpay.co/activate/ehplabs?source=rewardist","EHPlabs","ehplabs","https://c.cfjump.com/Avatars/10403740-07eb-4e65-ac4a-d666e71630aa.png","3.5","cashback","false","undefined"
"kick","https://kickpay.co/activate/elk-the-label?source=rewardist","ELK The Label","elkthelabel","https://www.google.com/s2/favicons?domain=elkthelabel.com&sz=128","5","cashback","false","undefined"
"kick","https://kickpay.co/activate/emu-australia?source=rewardist","EMU Australia","emu","https://c.cfjump.com/Avatars/40d5ba90-d663-4872-a509-90f38737de9c.png","7","cashback","false","undefined"
"kick","https://kickpay.co/activate/enni?source=rewardist","ENNI","enni","https://c.cfjump.com/Avatars/8ca3b7fe-cef7-4132-b2b1-019fd2508e7b.png","7","cashback","false","undefined"
"kick","https://kickpay.co/activate/evt-stays?source=rewardist","EVT Stays","evtstays","https://www.google.com/s2/favicons?domain=evtstays.com&sz=128","1","cashback","false","undefined"
"kick","https://kickpay.co/activate/earfun-inc?source=rewardist","Earfun, Inc","earfuninc","https://ui.awin.com/images/upload/merchant/profile/61233.png","5.5","cashback","false","undefined"
"kick","https://kickpay.co/activate/easeus?source=rewardist","EaseUS","easeus","https://www.google.com/s2/favicons?domain=easeus-software.com&sz=128","21","cashback","false","undefined"
"kick","https://kickpay.co/activate/easyclaw?source=rewardist","EasyClaw","easyclaw","https://ui.awin.com/images/upload/merchant/profile/126975.png","7","cashback","false","undefined"
"kick","https://kickpay.co/activate/easyship-ambassador-program?source=rewardist","Easyship Ambassador Program","easyshipambassadorprogram","https://www.google.com/s2/favicons?domain=easyship.com&sz=128","70","cashback","false","undefined"
"kick","https://kickpay.co/activate/ecoflow?source=rewardist","EcoFlow","ecoflow","https://c.cfjump.com/Avatars/854c6562-08ef-4148-8710-b59381be1ac3.png","5.5","cashback","false","undefined"
"kick","https://kickpay.co/activate/economy-bookings?source=rewardist","Economy Bookings","economybookings","https://content.flexlinks.com/SharedImages/ProgramSquareLogo/205692.png","14","cashback","false","undefined"
"kick","https://kickpay.co/activate/economybookings-com?source=rewardist","EconomyBookings.com","economybookings","https://www.google.com/s2/favicons?domain=economybookings.com&sz=128","38.5","cashback","false","undefined"
"kick","https://kickpay.co/activate/edenfantasys-com?source=rewardist","EdenFantasys.com","edenfantasys","https://www.google.com/s2/favicons?domain=edenfantasys.com&sz=128","17.5","cashback","false","undefined"
"kick","https://kickpay.co/activate/edible-beauty-australia?source=rewardist","Edible Beauty Australia","ediblebeauty","https://c.cfjump.com/Avatars/63b972ef-1027-4857-b6b8-0e2cd9d0d6ab.png","10.5","cashback","false","undefined"
"kick","https://kickpay.co/activate/edisons?source=rewardist","Edisons","edisons","https://c.cfjump.com/Avatars/504425db-d8e9-4f38-ae67-7c1c20882939.png","3.5","cashback","false","undefined"
"kick","https://kickpay.co/activate/eiderdown-australia?source=rewardist","Eiderdown Australia","eiderdown","https://c.cfjump.com/Avatars/6f996d89-bc4f-41aa-b509-d57cd81e7611.png","3.5","cashback","false","undefined"
"kick","https://kickpay.co/activate/elegant-showers-au?source=rewardist","Elegant Showers AU","elegantshowers","https://ui.awin.com/images/upload/merchant/profile/42012.png","5.5","cashback","false","undefined"
"kick","https://kickpay.co/activate/eleven-oasis?source=rewardist","Eleven Oasis","elevenoasis","https://logo.clearbit.com/elevenoasis.com","17.5","cashback","false","undefined"
"kick","https://kickpay.co/activate/elinz?source=rewardist","Elinz","elinz","https://c.cfjump.com/Avatars/23488c66-5d57-4981-89b6-e3eb00e6b407.png","3.5","cashback","false","undefined"
"kick","https://kickpay.co/activate/elklook-eyewear?source=rewardist","Elklook Eyewear","elklookeyewear","https://ui.awin.com/images/upload/merchant/profile/34145.png","17.5","cashback","false","undefined"
"kick","https://kickpay.co/activate/ella-bache?source=rewardist","Ella Baché","ellabach","https://c.cfjump.com/Avatars/9bf91b59-7396-4dad-9ca1-8f215121797a.png","5.5","cashback","false","undefined"
"kick","https://kickpay.co/activate/emma-the-sleep-company?source=rewardist","Emma - The Sleep Company","emma","https://www.google.com/s2/favicons?domain=emma-sleep.com.au&sz=128","1.12","cashback","false","undefined"
"kick","https://kickpay.co/activate/emma-sleep?source=rewardist","Emma Sleep","emma","https://c.cfjump.com/Avatars/50750ab5-6dce-491d-8b67-9dac94ffabd4.png","5.5","cashback","false","undefined"
"kick","https://kickpay.co/activate/emrald-labs?source=rewardist","Emrald Labs","emraldlabs","https://c.cfjump.com/Avatars/3bb62c27-a069-42d4-a233-680d7661fa82.png","3.5","cashback","false","undefined"
"kick","https://kickpay.co/activate/endnote?source=rewardist","EndNote","endnote","https://www.google.com/s2/favicons?domain=endnote.com&sz=128","14","cashback","false","undefined"
"kick","https://kickpay.co/activate/endeavour-lotteries?source=rewardist","Endeavour Lotteries","endeavourlotteries","https://c.cfjump.com/Avatars/73f0f384-8bca-452c-92bf-4e696803d39a.png","10.5","cashback","false","undefined"
"kick","https://kickpay.co/activate/energy-locals?source=rewardist","Energy Locals","energylocals","https://c.cfjump.com/Avatars/193991ce-46b4-46e6-b41b-58d57b9db28e.png","28","cashback","false","undefined"
"kick","https://kickpay.co/activate/enjoy-the-wood?source=rewardist","Enjoy the Wood","enjoythewood","https://ui.awin.com/images/upload/merchant/profile/26012.png","12.5","cashback","false","undefined"
"kick","https://kickpay.co/activate/ergobaby-au?source=rewardist","Ergobaby AU","ergobaby","https://content.flexlinks.com/SharedImages/ProgramSquareLogo/215299.png","2.8","cashback","false","undefined"
"kick","https://kickpay.co/activate/ergoflex?source=rewardist","Ergoflex","ergoflex","https://c.cfjump.com/Avatars/c864168c-fbc5-4731-9eaa-c46e334891b6.png","3","cashback","false","undefined"
"kick","https://kickpay.co/activate/erverte-paris?source=rewardist","Erverte Paris","erverteparis","https://ui.awin.com/images/upload/merchant/profile/87255.png","21","cashback","false","undefined"
"kick","https://kickpay.co/activate/esd-codes?source=rewardist","Esd Codes","esdcodes","https://www.google.com/s2/favicons?domain=esdcodes.com&sz=128","3.5","cashback","false","undefined"
"kick","https://kickpay.co/activate/essteele?source=rewardist","Essteele","essteele","https://c.cfjump.com/Avatars/53c59837-8acb-4a50-a88b-76652054054c.png","3.5","cashback","false","undefined"
"kick","https://kickpay.co/activate/estee-lauder-au?source=rewardist","Estee Lauder AU","esteelauder","/public-objects/merchant-logos/115790-1786937349803.png","6","cashback","false","undefined"
"kick","https://kickpay.co/activate/etan-pet-supplies-inc?source=rewardist","Etan Pet Supplies Inc","etanpetsuppliesinc","https://ui.awin.com/images/upload/merchant/profile/95599.png","8.5","cashback","false","undefined"
"kick","https://kickpay.co/activate/etihad-airways-global?source=rewardist","Etihad Airways (Global)","etihadglobal","https://www.google.com/s2/favicons?domain=etihad.com&sz=128","2.8","cashback","false","undefined"
"kick","https://kickpay.co/activate/etravelsim?source=rewardist","EtravelSIM","etravelsim","https://www.google.com/s2/favicons?domain=etravelsim.com&sz=128","11.2","cashback","false","undefined"
"kick","https://kickpay.co/activate/eufy-au?source=rewardist","Eufy AU","eufy","https://www.google.com/s2/favicons?domain=eufy.com&sz=128","7","cashback","false","undefined"
"kick","https://kickpay.co/activate/ever-new-ca?source=rewardist","Ever New CA","evernewca","/logos/rakuten/ever-new-ca.jpg","6","cashback","false","undefined"
"kick","https://kickpay.co/activate/everyplate-au?source=rewardist","EveryPlate AU","everyplate","https://www.google.com/s2/favicons?domain=everyplate.com.au&sz=128","5","cashback","false","undefined"
"kick","https://kickpay.co/activate/evolve-skateboards-au?source=rewardist","Evolve Skateboards AU","evolveskateboards","/logos/rakuten/evolve-skateboards-au.png","7","cashback","false","undefined"
"kick","https://kickpay.co/activate/exclusive-holiday-getaways?source=rewardist","Exclusive Holiday Getaways","exclusiveholidaygetaways","https://www.google.com/s2/favicons?domain=exclusiveholidaygetaways.com.au&sz=128","5","cashback","false","undefined"
"kick","https://kickpay.co/activate/expedia-au?source=rewardist","Expedia AU","expedia","https://ui.awin.com/images/upload/merchant/profile/121720.png","3","cashback","false","undefined"
"kick","https://kickpay.co/activate/eyewear-index?source=rewardist","Eyewear Index","eyewearindex","https://merchant.linksynergy.com/fs/logo/lg_50831","2","cashback","false","undefined"
"kick","https://kickpay.co/activate/ezmio?source=rewardist","Ezmio","ezmio","https://c.cfjump.com/Avatars/f2f4fa82-48d4-42be-a89e-bef948f24b65.png","3","cashback","false","undefined"
"kick","https://kickpay.co/activate/fc-moto-aus?source=rewardist","FC-Moto AUS","fcmotos","https://content.flexlinks.com/SharedImages/ProgramSquareLogo/181161.png","2.24","cashback","false","undefined"
"kick","https://kickpay.co/activate/fenrir?source=rewardist","FENRIR","fenrir","https://ui.awin.com/images/upload/merchant/profile/98159.png","5.5","cashback","false","undefined"
"kick","https://kickpay.co/activate/fila-sea?source=rewardist","FILA SEA","filasea","https://www.google.com/s2/favicons?domain=fila.com.sg&sz=128","4","cashback","false","undefined"
"kick","https://kickpay.co/activate/flextail?source=rewardist","FLEXTAIL","flextail","https://www.google.com/s2/favicons?domain=flextail.com&sz=128","7","cashback","false","undefined"
"kick","https://kickpay.co/activate/forcast?source=rewardist","FORCAST","forcast","https://c.cfjump.com/Avatars/5214125f-4fb8-4691-b43b-7693d6ee6c21.png","4","cashback","false","undefined"
"kick","https://kickpay.co/activate/fossibot?source=rewardist","FOSSiBOT","fossibot","https://www.google.com/s2/favicons?domain=us.fossibot.com&sz=128","5.5","cashback","false","undefined"
"kick","https://kickpay.co/activate/frankbros?source=rewardist","FRANKBROS","frankbros","https://content.flexlinks.com/SharedImages/ProgramSquareLogo/228900.png","4.2","cashback","false","undefined"
"kick","https://kickpay.co/activate/fang-accessories?source=rewardist","Fang Accessories","fangaccessories","https://ui.awin.com/images/upload/merchant/profile/128369.png","14","cashback","false","undefined"
"kick","https://kickpay.co/activate/fansjerseyhub?source=rewardist","FansJerseyHub","fansjerseyhub","https://ui.awin.com/images/upload/merchant/profile/126139.png","10.5","cashback","false","undefined"
"kick","https://kickpay.co/activate/fast-technology-limited?source=rewardist","Fast Technology Limited","fasttechnologylimited","https://ui.awin.com/images/upload/merchant/profile/90211.png","63","cashback","false","undefined"
"kick","https://kickpay.co/activate/felix-au?source=rewardist","Felix AU","felix","https://www.google.com/s2/favicons?domain=felixmobile.com.au&sz=128","2.8","cashback","false","undefined"
"kick","https://kickpay.co/activate/ferrari?source=rewardist","Ferrari","ferrari","https://www.google.com/s2/favicons?domain=store.ferrari.com&sz=128","2.24","cashback","false","undefined"
"kick","https://kickpay.co/activate/fig-and-bloom?source=rewardist","Fig & Bloom","figandbloom","https://c.cfjump.com/Avatars/aa641c89-ee0d-4af6-8220-f06112e5d560.png","9","cashback","false","undefined"
"kick","https://kickpay.co/activate/fila-au?source=rewardist","Fila AU","fila","https://content.flexlinks.com/SharedImages/ProgramSquareLogo/235915.png","4.48","cashback","false","undefined"
"kick","https://kickpay.co/activate/fire-maple-gear?source=rewardist","Fire Maple gear","firemaplegear","https://ui.awin.com/images/upload/merchant/profile/37934.png","10.5","cashback","false","undefined"
"kick","https://kickpay.co/activate/fiverr-affiliates-global-affiliate-program?source=rewardist","Fiverr Affiliates (Global Affiliate Program)","fiverraffiliatesglobalaffiliateprogram","https://ui.awin.com/images/upload/merchant/profile/6288.png","490","cashback","true","undefined"
"kick","https://kickpay.co/activate/flated?source=rewardist","Flated","flated","https://www.google.com/s2/favicons?domain=getflated.com&sz=128","2.8","cashback","false","undefined"
"kick","https://kickpay.co/activate/flexispot-au?source=rewardist","FlexiSpot - AU","flexispot","https://www.google.com/s2/favicons?domain=flexispot.au&sz=128","2","cashback","false","undefined"
"kick","https://kickpay.co/activate/flight-centre-australia?source=rewardist","Flight Centre Australia","flightcentre","https://www.google.com/s2/favicons?domain=flightcentre.com.au&sz=128","2.8","cashback","false","undefined"
"kick","https://kickpay.co/activate/flo-and-frankie?source=rewardist","Flo & Frankie","floandfrankie","https://c.cfjump.com/Avatars/4d9be6da-e013-4bf8-811b-7c1f41d2318e.png","5.5","cashback","false","undefined"
"kick","https://kickpay.co/activate/flora-and-fauna?source=rewardist","Flora and Fauna","floraandfauna","https://c.cfjump.com/Avatars/2839c025-e80a-4a23-9477-e7ecfb1e6de7.png","3.5","cashback","false","undefined"
"kick","https://kickpay.co/activate/florsheim-au?source=rewardist","Florsheim AU","florsheim","/logos/rakuten/florsheim-au.jpg","7","cashback","false","undefined"
"kick","https://kickpay.co/activate/fogatti?source=rewardist","Fogatti","fogatti","https://www.google.com/s2/favicons?domain=fogattiliving.com&sz=128","5.5","cashback","false","undefined"
"kick","https://kickpay.co/activate/football-tickets-colombia?source=rewardist","Football Tickets Colombia","footballticketscolombia","https://www.google.com/s2/favicons?domain=footballticketscolombia.com&sz=128","5","cashback","false","undefined"
"kick","https://kickpay.co/activate/foreo?source=rewardist","Foreo","foreo","https://c.cfjump.com/Avatars/db1e4773-7fac-4757-8328-4dd075f39707.png","7","cashback","false","undefined"
"kick","https://kickpay.co/activate/fortunate-one?source=rewardist","Fortunate One","fortunateone","https://c.cfjump.com/Avatars/967dd2fc-5db5-473f-b830-11eb661f3f90.png","5","cashback","false","undefined"
"kick","https://kickpay.co/activate/fragranceshop-com?source=rewardist","FragranceShop.com","fragranceshop","https://www.google.com/s2/favicons?domain=fragranceshop.com&sz=128","3.5","cashback","false","undefined"
"kick","https://kickpay.co/activate/frank-and-beans?source=rewardist","Frank and Beans","frankandbeans","https://c.cfjump.com/Avatars/b980a035-e654-4736-99ef-13b70e663ca3.png","7","cashback","false","undefined"
"kick","https://kickpay.co/activate/frankie-and-co?source=rewardist","Frankie and Co","frankieandco","https://c.cfjump.com/Avatars/4956519d-da6e-437e-95c0-30bac01c9dce.png","5","cashback","false","undefined"
"kick","https://kickpay.co/activate/freddy-store?source=rewardist","Freddy Store","freddy","https://c.cfjump.com/Avatars/af190883-89fa-430f-a5d6-5f3ad880b669.png","3.5","cashback","false","undefined"
"kick","https://kickpay.co/activate/freely-travel-insurance?source=rewardist","Freely Travel Insurance","freely","https://content.flexlinks.com/SharedImages/ProgramSquareLogo/234978.png","5.6","cashback","false","undefined"
"kick","https://kickpay.co/activate/fresh-beauty-co?source=rewardist","Fresh Beauty Co.","freshbeautyco","https://c.cfjump.com/Avatars/70543259-c12c-44ef-8417-3fb89a5b5559.png","5.5","cashback","false","undefined"
"kick","https://kickpay.co/activate/fusion-living?source=rewardist","Fusion Living","fusionliving","https://content.flexlinks.com/SharedImages/ProgramSquareLogo/213312.png","2.24","cashback","false","undefined"
"kick","https://kickpay.co/activate/g-star-raw?source=rewardist","G-Star RAW","gstar","null","5.5","cashback","false","undefined"
"kick","https://kickpay.co/activate/g-star-raw-outlet?source=rewardist","G-Star RAW Outlet","gstaroutlet","null","4","cashback","false","undefined"
"kick","https://kickpay.co/activate/gamivo-int?source=rewardist","GAMIVO INT","gamivoint","https://www.google.com/s2/favicons?domain=gamivo.com&sz=128","3.5","cashback","false","undefined"
"kick","https://kickpay.co/activate/ginger-and-me?source=rewardist","GINGER&ME","gingerandme","https://c.cfjump.com/Avatars/f3e7fba7-cc13-4ee0-a6ad-c74909e0666c.png","7","cashback","false","undefined"
"kick","https://kickpay.co/activate/gol-linhas-aereas-global?source=rewardist","GOL Linhas Aereas (Global)","gollinhasaereasglobal","https://ui.awin.com/images/upload/merchant/profile/32843.png","2","cashback","false","undefined"
"kick","https://kickpay.co/activate/gamivo-global?source=rewardist","Gamivo Global","gamivo","https://www.google.com/s2/favicons?domain=gamivo.com&sz=128","5","cashback","false","undefined"
"kick","https://kickpay.co/activate/gangsters-and-ghosts?source=rewardist","Gangsters and Ghosts","gangstersandghosts","https://ui.awin.com/images/upload/merchant/profile/121254.png","7","cashback","false","undefined"
"kick","https://kickpay.co/activate/garner-supply?source=rewardist","Garner Supply","garnersupply","https://ui.awin.com/images/upload/merchant/profile/116025.png","3.5","cashback","false","undefined"
"kick","https://kickpay.co/activate/gearup?source=rewardist","GearUP","gearup","https://www.google.com/s2/favicons?domain=gearupbooster.com&sz=128","49","cashback","false","undefined"
"kick","https://kickpay.co/activate/geek-crate?source=rewardist","Geek Crate","geekcrate","https://ui.awin.com/images/upload/merchant/profile/44871.png","350","cashback","true","undefined"
"kick","https://kickpay.co/activate/geekbuying?source=rewardist","GeekBuying","geekbuying","https://www.google.com/s2/favicons?domain=geekbuying.com&sz=128","3.5","cashback","false","undefined"
"kick","https://kickpay.co/activate/geekshare?source=rewardist","GeekShare","geekshare","https://ui.awin.com/images/upload/merchant/profile/124946.png","5.5","cashback","false","undefined"
"kick","https://kickpay.co/activate/get-wines-direct?source=rewardist","Get Wines Direct","getwinesdirect","https://content.flexlinks.com/SharedImages/ProgramSquareLogo/180832.png","6.72","cashback","false","undefined"
"kick","https://kickpay.co/activate/gift-card-store?source=rewardist","Gift Card Store","giftcardstore","https://c.cfjump.com/Avatars/4257d237-d919-47ba-829d-bdc181e7a560.png","0.5","cashback","false","undefined"
"kick","https://kickpay.co/activate/giftbox?source=rewardist","GiftBox","giftbox","https://c.cfjump.com/Avatars/bc02e577-694a-4a4a-945b-9904e60c6b2b.png","7","cashback","false","undefined"
"kick","https://kickpay.co/activate/giftz?source=rewardist","Giftz","giftz","https://merchant.linksynergy.com/fs/logo/lg_50164","3","cashback","false","undefined"
"kick","https://kickpay.co/activate/gilt-and-gilt-city?source=rewardist","Gilt & Gilt City","giltandgiltcity","https://www.google.com/s2/favicons?domain=gilt.com&sz=128","2.8","cashback","false","undefined"
"kick","https://kickpay.co/activate/giraffe-tools-inc?source=rewardist","Giraffe Tools Inc.","giraffetoolsinc","https://ui.awin.com/images/upload/merchant/profile/76248.png","3.5","cashback","false","undefined"
"kick","https://kickpay.co/activate/glow-collection?source=rewardist","Glow Collection","glowcollection","https://c.cfjump.com/Avatars/be43bddb-f3bd-4941-b83a-ad1fec27f007.png","5.5","cashback","false","undefined"
"kick","https://kickpay.co/activate/golden-maple?source=rewardist","Golden Maple","goldenmaple","https://ui.awin.com/images/upload/merchant/profile/124092.png","5","cashback","false","undefined"
"kick","https://kickpay.co/activate/goldfield-and-banks?source=rewardist","Goldfield & Banks","goldfieldandbanks","https://c.cfjump.com/Avatars/69bfe454-a705-4fc6-9ab5-cfd16e8c5899.png","7","cashback","false","undefined"
"kick","https://kickpay.co/activate/goo-goo-hair-global?source=rewardist","Goo Goo Hair (Global)","googoohairglobal","https://content.flexlinks.com/SharedImages/ProgramSquareLogo/245950.png","4.2","cashback","false","undefined"
"kick","https://kickpay.co/activate/good-buyz?source=rewardist","Good Buyz","goodbuyz","https://c.cfjump.com/Avatars/033eeeb6-ccc4-47c8-b859-54a5c137f590.png","7","cashback","false","undefined"
"kick","https://kickpay.co/activate/good-morning-snore-solution?source=rewardist","Good Morning Snore Solution®","goodmorningsnoresolution","https://ui.awin.com/images/upload/merchant/profile/52047.png","14","cashback","false","undefined"
"kick","https://kickpay.co/activate/gourmet-basket?source=rewardist","Gourmet Basket","gourmetbasket","https://c.cfjump.com/Avatars/ccebe77d-3a91-4831-a49e-f93cd08b7813.png","5.5","cashback","false","undefined"
"kick","https://kickpay.co/activate/gourmet-gift-basket-store?source=rewardist","Gourmet Gift Basket Store","gourmetgiftbasketstore","https://ui.awin.com/images/upload/merchant/profile/33247.png","10.5","cashback","false","undefined"
"kick","https://kickpay.co/activate/groupon-au?source=rewardist","Groupon AU","groupon","https://ui.awin.com/images/upload/merchant/profile/117589.png","5","cashback","false","undefined"
"kick","https://kickpay.co/activate/grown-alchemist-au?source=rewardist","Grown Alchemist AU","grownalchemist","https://content.flexlinks.com/SharedImages/ProgramSquareLogo/235914.png","5.6","cashback","false","undefined"
"kick","https://kickpay.co/activate/gym-plus-australia?source=rewardist","Gym Plus Australia","gymplus","https://c.cfjump.com/Avatars/ed0225fc-f481-4458-9168-32f005088a0f.png","2","cashback","false","undefined"
"kick","https://kickpay.co/activate/h-and-r-block?source=rewardist","H&R Block","handrblock","https://content.flexlinks.com/SharedImages/ProgramSquareLogo/156923.png","6.72","cashback","false","undefined"
"kick","https://kickpay.co/activate/hizero-australia?source=rewardist","HIZERO Australia","hizero","https://c.cfjump.com/Avatars/72d92039-21f2-432e-b162-fec8db72559b.png","3.5","cashback","false","undefined"
"kick","https://kickpay.co/activate/homeleader-inc?source=rewardist","HOMELEADER INC","homeleaderinc","https://ui.awin.com/images/upload/merchant/profile/113750.png","5","cashback","false","undefined"
"kick","https://kickpay.co/activate/hopr?source=rewardist","HOPR","hopr","https://c.cfjump.com/Avatars/8ef1abd9-210a-4f53-94ae-0cc9cea393c9.png","17.5","cashback","false","undefined"
"kick","https://kickpay.co/activate/htvront?source=rewardist","HTVRont","htvront","https://ui.awin.com/images/upload/merchant/profile/68106.png","4","cashback","false","undefined"
"kick","https://kickpay.co/activate/hailuo-ai?source=rewardist","Hailuo AI","hailuoai","https://www.google.com/s2/favicons?domain=hailuoai.video&sz=128","7","cashback","false","undefined"
"kick","https://kickpay.co/activate/happy-healthy-you?source=rewardist","Happy Healthy You","happyhealthyyou","https://c.cfjump.com/Avatars/2cd97672-6546-4725-af4c-2d49b74df646.png","5.5","cashback","false","undefined"
"kick","https://kickpay.co/activate/happy-mammoth?source=rewardist","Happy Mammoth","happymammoth","https://c.cfjump.com/Avatars/2d823298-da45-49e5-ad65-4961cc121ea8.png","7","cashback","false","undefined"
"kick","https://kickpay.co/activate/harris-scarfe?source=rewardist","Harris Scarfe","harrisscarfe","https://c.cfjump.com/Avatars/93e278e7-74c6-4827-b07a-628da967499b.png","0.5","cashback","false","undefined"
"kick","https://kickpay.co/activate/havaianas-apac?source=rewardist","Havaianas APAC","havaianasapac","https://www.google.com/s2/favicons?domain=havaianas.com&sz=128","5.6","cashback","false","undefined"
"kick","https://kickpay.co/activate/hawkers-au?source=rewardist","Hawkers AU","hawkers","https://ui.awin.com/images/upload/merchant/profile/19692.png","7","cashback","false","undefined"
"kick","https://kickpay.co/activate/health-supplements?source=rewardist","Health Supplements","healthsupplements","https://c.cfjump.com/Avatars/d1c68194-257d-4428-ae8f-65851c5b10ec.png","3","cashback","false","undefined"
"kick","https://kickpay.co/activate/healthcabin?source=rewardist","HealthCabin","healthcabin","https://ui.awin.com/images/upload/merchant/profile/103357.png","3.5","cashback","false","undefined"
"kick","https://kickpay.co/activate/healthpost?source=rewardist","HealthPost","healthpost","https://c.cfjump.com/Avatars/1223b419-b9bd-46f8-b8e6-b43c0a93ba7d.png","3","cashback","false","undefined"
"kick","https://kickpay.co/activate/hear-better-com?source=rewardist","Hear-Better.Com","hearbettercom","https://ui.awin.com/images/upload/merchant/profile/88435.png","24.5","cashback","false","undefined"
"kick","https://kickpay.co/activate/hellofresh-australia?source=rewardist","HelloFresh Australia","hellofresh","https://www.google.com/s2/favicons?domain=hellofresh.com.au&sz=128","5","cashback","false","undefined"
"kick","https://kickpay.co/activate/hellosafe?source=rewardist","HelloSafe","hellosafe","https://ui.awin.com/images/upload/merchant/profile/128757.png","7","cashback","false","undefined"
"kick","https://kickpay.co/activate/helly-hansen-australia?source=rewardist","Helly Hansen Australia","hellyhansen","https://c.cfjump.com/Avatars/63407452-7a7d-4a8d-a3ee-1e4be2a48f49.png","7","cashback","false","undefined"
"kick","https://kickpay.co/activate/hewi?source=rewardist","Hewi","hewi","https://www.google.com/s2/favicons?domain=hardlyeverwornit.com&sz=128","4","cashback","false","undefined"
"kick","https://kickpay.co/activate/heychic?source=rewardist","Heychic","heychic","https://c.cfjump.com/Avatars/6c4d2a35-c777-4a3f-baf1-d1a8d12f0900.png","5.5","cashback","false","undefined"
"kick","https://kickpay.co/activate/hilton-honors-rewards-points-com?source=rewardist","Hilton Honors Rewards - Points.com","hiltonhonorsrewardspoints","https://www.google.com/s2/favicons?domain=points.com&sz=128","2","cashback","false","undefined"
"kick","https://kickpay.co/activate/holafly?source=rewardist","Holafly","holafly","https://www.google.com/s2/favicons?domain=esim.holafly.com&sz=128","7","cashback","false","undefined"
"kick","https://kickpay.co/activate/holiday-com?source=rewardist","Holiday.com","holiday","/public-objects/merchant-logos/107872-1786199658902.gif","17.5","cashback","false","undefined"
"kick","https://kickpay.co/activate/homary-international-limited?source=rewardist","Homary International Limited","homaryinternationallimited","https://ui.awin.com/images/upload/merchant/profile/91447.png","3","cashback","false","undefined"
"kick","https://kickpay.co/activate/homary-com?source=rewardist","Homary.com","homary","https://www.google.com/s2/favicons?domain=homary.com&sz=128","5","cashback","false","undefined"
"kick","https://kickpay.co/activate/homeaway-australia?source=rewardist","HomeAway Australia","homeaway","https://www.google.com/s2/favicons?domain=vrbo.com&sz=128","0.01","cashback","false","undefined"
"kick","https://kickpay.co/activate/homeaway-australia?source=rewardist","HomeAway Australia","homeaway","https://www.google.com/s2/favicons?domain=stayz.com.au&sz=128","1.4","cashback","false","undefined"
"kick","https://kickpay.co/activate/honcho?source=rewardist","Honcho","honcho","https://c.cfjump.com/Avatars/4fcefaa3-1aad-4347-8467-44176ac504a0.png","7","cashback","false","undefined"
"kick","https://kickpay.co/activate/hong-kong-black-mamba-trading-limited?source=rewardist","Hong Kong Black Mamba Trading Limited","hongkongblackmambatradinglimited","https://www.google.com/s2/favicons?domain=meedogroup.com&sz=128","3.5","cashback","false","undefined"
"kick","https://kickpay.co/activate/hotel-collection?source=rewardist","Hotel Collection","hotelcollection","https://www.google.com/s2/favicons?domain=hotelcollection.com&sz=128","11.9","cashback","false","undefined"
"kick","https://kickpay.co/activate/hotels-com-au?source=rewardist","Hotels.com AU","hotels","https://ui.awin.com/images/upload/merchant/profile/121724.png","3","cashback","false","undefined"
"kick","https://kickpay.co/activate/house?source=rewardist","House","house","https://c.cfjump.com/Avatars/b92d5283-7af1-45a8-bf2a-a739a973f025.png","2","cashback","false","undefined"
"kick","https://kickpay.co/activate/house-of-sneakers-de?source=rewardist","House-of-Sneakers DE","houseofsneakersde","https://ui.awin.com/images/upload/merchant/profile/114336.png","5.5","cashback","false","undefined"
"kick","https://kickpay.co/activate/hugrug-co-uk?source=rewardist","Hugrug.co.uk","hugrugcouk","https://ui.awin.com/images/upload/merchant/profile/120027.png","5","cashback","false","undefined"
"kick","https://kickpay.co/activate/hynote-ai?source=rewardist","HyNote AI","hynoteai","https://www.google.com/s2/favicons?domain=hynote.ai&sz=128","21","cashback","false","undefined"
"kick","https://kickpay.co/activate/i-love-linen-au?source=rewardist","I Love Linen AU","ilovelinen","https://content.flexlinks.com/SharedImages/ProgramSquareLogo/234960.png","2.52","cashback","false","undefined"
"kick","https://kickpay.co/activate/ihg-rewards-club-points-com?source=rewardist","IHG Rewards Club - Points.com","ihgrewardsclubpoints","https://www.google.com/s2/favicons?domain=points.com&sz=128","2","cashback","false","undefined"
"kick","https://kickpay.co/activate/inika-organic?source=rewardist","INIKA Organic","inikaorganic","https://www.google.com/s2/favicons?domain=inikaorganic.com&sz=128","8.4","cashback","false","undefined"
"kick","https://kickpay.co/activate/iniu?source=rewardist","INIU","iniu","https://ui.awin.com/images/upload/merchant/profile/62773.png","5.5","cashback","false","undefined"
"kick","https://kickpay.co/activate/intersport-australia?source=rewardist","INTERSPORT Australia","intersport","https://c.cfjump.com/Avatars/da33861d-2970-40db-84ad-f659d8692993.png","3.5","cashback","false","undefined"
"kick","https://kickpay.co/activate/icevpn?source=rewardist","IceVPN","icevpn","https://www.google.com/s2/favicons?domain=icevpn.com&sz=128","14","cashback","false","undefined"
"kick","https://kickpay.co/activate/ikkari-com-au?source=rewardist","Ikkari.com.au","ikkari","https://content.flexlinks.com/SharedImages/ProgramSquareLogo/232510.png","3.5","cashback","false","undefined"
"kick","https://kickpay.co/activate/imou-fr?source=rewardist","Imou FR","imoufr","https://ui.awin.com/images/upload/merchant/profile/122426.png","9","cashback","false","undefined"
"kick","https://kickpay.co/activate/in-essence?source=rewardist","In Essence","essence","https://c.cfjump.com/Avatars/f90033a2-4de9-4312-826e-9eab97543a0d.png","7","cashback","false","undefined"
"kick","https://kickpay.co/activate/instarem?source=rewardist","InStarem","instarem","https://www.google.com/s2/favicons?domain=instarem.com&sz=128","7","cashback","true","undefined"
"kick","https://kickpay.co/activate/indeed-au?source=rewardist","Indeed AU","indeed","https://content.flexlinks.com/SharedImages/ProgramSquareLogo/242660.png","39","cashback","true","undefined"
"kick","https://kickpay.co/activate/ingenia-holiday-parks?source=rewardist","Ingenia Holiday Parks","ingeniaholidayparks","https://c.cfjump.com/Avatars/8eee111e-4ceb-4aa4-9443-873019f1e389.png","5","cashback","false","undefined"
"kick","https://kickpay.co/activate/ink-station?source=rewardist","Ink Station","inkstation","https://c.cfjump.com/Avatars/0c625885-ac5e-4f56-b123-6c58beacc10b.png","0.5","cashback","false","undefined"
"kick","https://kickpay.co/activate/inkspot?source=rewardist","Inkspot","inkspot","https://c.cfjump.com/Avatars/187fd627-7c7e-4541-b0c6-88fc12ecce7a.png","7","cashback","false","undefined"
"kick","https://kickpay.co/activate/innoxa-australia?source=rewardist","Innoxa Australia","innoxa","https://c.cfjump.com/Avatars/07ee5123-2f02-44e8-aa3a-09f42539d38d.png","7","cashback","false","undefined"
"kick","https://kickpay.co/activate/insta360?source=rewardist","Insta360","insta360","https://www.google.com/s2/favicons?domain=store.insta360.com&sz=128","3","cashback","false","undefined"
"kick","https://kickpay.co/activate/insure-and-go-travel-insurance?source=rewardist","Insure&Go Travel Insurance","insureandgotravelinsurance","https://c.cfjump.com/Avatars/ff1dc1e8-5fc4-4b58-84d5-f2b32df635dc.png","5.5","cashback","false","undefined"
"kick","https://kickpay.co/activate/intelligentsia-coffee-inc?source=rewardist","Intelligentsia Coffee, Inc.","intelligentsiacoffeeinc","https://ui.awin.com/images/upload/merchant/profile/35273.png","17.5","cashback","false","undefined"
"kick","https://kickpay.co/activate/interior-secrets?source=rewardist","Interior Secrets","interiorsecrets","https://c.cfjump.com/Avatars/5408b138-d078-49ce-aaef-81d87877d1fb.png","5.5","cashback","false","undefined"
"kick","https://kickpay.co/activate/international-open-academy?source=rewardist","International Open Academy","internationalopenacademy","https://www.google.com/s2/favicons?domain=internationalopenacademy.com&sz=128","14","cashback","false","undefined"
"kick","https://kickpay.co/activate/intolerancelab?source=rewardist","IntoleranceLab","intolerancelab","https://ui.awin.com/images/upload/merchant/profile/83079.png","28","cashback","false","undefined"
"kick","https://kickpay.co/activate/italist-inc?source=rewardist","Italist Inc.","italistinc","https://www.google.com/s2/favicons?domain=italist.com&sz=128","7","cashback","false","undefined"
"kick","https://kickpay.co/activate/jbl-australia?source=rewardist","JBL Australia","jbl","https://merchant.linksynergy.com/fs/logo/lg_43240.jpg","5","cashback","false","undefined"
"kick","https://kickpay.co/activate/jdm-military-global?source=rewardist","JDM Military GLOBAL","jdmmilitaryglobal","https://ui.awin.com/images/upload/merchant/profile/127919.png","7","cashback","false","undefined"
"kick","https://kickpay.co/activate/jlo-beauty?source=rewardist","JLo Beauty","jlobeauty","https://merchant.linksynergy.com/fs/logo/lg_53046","5","cashback","false","undefined"
"kick","https://kickpay.co/activate/jmgo?source=rewardist","JMGO","jmgo","https://www.google.com/s2/favicons?domain=global.jmgo.com&sz=128","2","cashback","false","undefined"
"kick","https://kickpay.co/activate/joujou?source=rewardist","JOUJOU","joujou","https://c.cfjump.com/Avatars/6fd20452-e2e7-445e-a6ef-92134f3b19a8.png","8.5","cashback","false","undefined"
"kick","https://kickpay.co/activate/jshealth-au?source=rewardist","JSHealth AU","jshealth","https://content.flexlinks.com/SharedImages/ProgramSquareLogo/244006.png","1.68","cashback","false","undefined"
"kick","https://kickpay.co/activate/jw-computers?source=rewardist","JW Computers","jwcomputers","https://c.cfjump.com/Avatars/c572bc7f-d9d3-4377-88b2-446acf42f8c6.png","0.5","cashback","false","undefined"
"kick","https://kickpay.co/activate/jym-supplement-science?source=rewardist","JYM Supplement Science","jymsupplementscience","https://www.google.com/s2/favicons?domain=jymsupplementscience.com&sz=128","10.5","cashback","false","undefined"
"kick","https://kickpay.co/activate/jackery-nl?source=rewardist","Jackery NL","jackerynl","https://www.google.com/s2/favicons?domain=nl.jackery.com&sz=128","5.5","cashback","false","undefined"
"kick","https://kickpay.co/activate/jacques-du-manoir-global?source=rewardist","Jacques du Manoir GLOBAL","jacquesdumanoirglobal","https://ui.awin.com/images/upload/merchant/profile/116589.png","7","cashback","false","undefined"
"kick","https://kickpay.co/activate/jetblue-trueblue-points-com?source=rewardist","JetBlue TrueBlue - Points.com","jetbluetruebluepoints","https://www.google.com/s2/favicons?domain=points.com&sz=128","2","cashback","false","undefined"
"kick","https://kickpay.co/activate/jo-mercer?source=rewardist","Jo Mercer","jomercer","https://content.flexlinks.com/SharedImages/ProgramSquareLogo/180525.png","1.68","cashback","false","undefined"
"kick","https://kickpay.co/activate/johnny-bigg-au?source=rewardist","Johnny Bigg AU","johnnybigg","https://content.flexlinks.com/SharedImages/ProgramSquareLogo/172437.png","2.8","cashback","false","undefined"
"kick","https://kickpay.co/activate/joonya?source=rewardist","Joonya","joonya","https://merchant.linksynergy.com/fs/logo/lg_53978","6","cashback","false","undefined"
"kick","https://kickpay.co/activate/joyrealtoys?source=rewardist","Joyrealtoys","joyrealtoys","https://ui.awin.com/images/upload/merchant/profile/124026.png","10.5","cashback","false","undefined"
"kick","https://kickpay.co/activate/julian-charles?source=rewardist","Julian Charles","juliancharles","/public-objects/merchant-logos/104998-1785851449654.png","2","cashback","false","undefined"
"kick","https://kickpay.co/activate/jumbo-pets?source=rewardist","Jumbo Pets","jumbopets","https://c.cfjump.com/Avatars/1348cf75-8e22-4e9e-ac0c-d4594af6f47b.png","4","cashback","false","undefined"
"kick","https://kickpay.co/activate/jurlique-au?source=rewardist","Jurlique AU","jurlique","/logos/rakuten/jurlique-au.png","1","cashback","false","undefined"
"kick","https://kickpay.co/activate/just-wines?source=rewardist","Just Wines","justwines","https://c.cfjump.com/Avatars/f7420f4f-f177-431e-a809-d78a1b643bd7.png","4","cashback","false","undefined"
"kick","https://kickpay.co/activate/kic?source=rewardist","KIC","kic","https://c.cfjump.com/Avatars/7a9048cc-bc68-42c3-a788-3d6b4e3eaa41.png","14","cashback","false","undefined"
"kick","https://kickpay.co/activate/king-supportwear?source=rewardist","KING SupportWear","kingsupportwear","https://ui.awin.com/images/upload/merchant/profile/122794.png","7","cashback","false","undefined"
"kick","https://kickpay.co/activate/kkday-vietnam?source=rewardist","KKday Vietnam","kkdayvietnam","https://www.google.com/s2/favicons?domain=kkday.com&sz=128","3.5","cashback","false","undefined"
"kick","https://kickpay.co/activate/kabana-shop?source=rewardist","Kabana Shop","kabanashop","https://c.cfjump.com/Avatars/c427fcee-1070-4042-b5a9-a65a3803e61f.png","8.5","cashback","false","undefined"
"kick","https://kickpay.co/activate/kailotm-pain-relief-patch?source=rewardist","Kailo™ - Pain Relief Patch","kailo","https://www.google.com/s2/favicons?domain=gokailo.com&sz=128","7","cashback","false","undefined"
"kick","https://kickpay.co/activate/kakadu-plum-co?source=rewardist","Kakadu Plum Co.","kakaduplumco","https://c.cfjump.com/Avatars/816a0eb1-9ebe-4f18-8bc9-d8ca05f7cc5a.png","7","cashback","false","undefined"
"kick","https://kickpay.co/activate/kaspersky-au?source=rewardist","Kaspersky AU","kaspersky","https://c.cfjump.com/Avatars/c87c27a6-7a5d-4926-9532-9355f3bfaed2.png","21","cashback","false","undefined"
"kick","https://kickpay.co/activate/kate-and-kole?source=rewardist","Kate & Kole","kateandkole","https://c.cfjump.com/Avatars/69d3cd08-e163-4cfa-8435-7fdd3d933f47.png","5.5","cashback","false","undefined"
"kick","https://kickpay.co/activate/kate-spade-au?source=rewardist","Kate Spade AU","katespade","https://content.flexlinks.com/SharedImages/ProgramSquareLogo/209981.png","3.92","cashback","false","undefined"
"kick","https://kickpay.co/activate/kenwood-kitchen-appliances-au-nz?source=rewardist","Kenwood Kitchen Appliances AU NZ","kenwoodnz","https://content.flexlinks.com/SharedImages/ProgramSquareLogo/239753.png","2.8","cashback","false","undefined"
"kick","https://kickpay.co/activate/keter-australia?source=rewardist","Keter Australia","keter","https://www.google.com/s2/favicons?domain=ketergroup.com.au&sz=128","3.5","cashback","false","undefined"
"kick","https://kickpay.co/activate/kingston-hotel-group-thailand?source=rewardist","Kingston Hotel Group, Thailand","kingstonhotelgroupthailand","https://www.google.com/s2/favicons?domain=kingstonhotelsgroup.com&sz=128","3.5","cashback","false","undefined"
"kick","https://kickpay.co/activate/kinguin?source=rewardist","Kinguin","kinguin","https://www.google.com/s2/favicons?domain=kinguin.net&sz=128","10.5","cashback","false","undefined"
"kick","https://kickpay.co/activate/kinnon?source=rewardist","Kinnon","kinnon","https://c.cfjump.com/Avatars/957c07bf-29dd-4566-aa87-df788957b5ea.png","7","cashback","false","undefined"
"kick","https://kickpay.co/activate/kirri-by-scent-australia-home?source=rewardist","Kirri by Scent Australia Home","kirribyscenthome","https://c.cfjump.com/Avatars/d26f9460-d881-40b5-9c36-cd75bc320842.png","5.5","cashback","false","undefined"
"kick","https://kickpay.co/activate/kirstin-ash?source=rewardist","Kirstin Ash","kirstinash","https://c.cfjump.com/Avatars/2c4b0f27-ad41-4531-9d99-2f2e84a2da20.png","7","cashback","false","undefined"
"kick","https://kickpay.co/activate/kiss-chacey?source=rewardist","Kiss Chacey","kisschacey","https://merchant.linksynergy.com/fs/logo/lg_53796","8","cashback","false","undefined"
"kick","https://kickpay.co/activate/kisslove-hair?source=rewardist","Kisslove Hair","kisslovehair","https://www.google.com/s2/favicons?domain=kisslovehair.com&sz=128","5.5","cashback","false","undefined"
"kick","https://kickpay.co/activate/kitchen-warehouse?source=rewardist","Kitchen Warehouse","kitchenwarehouse","https://c.cfjump.com/Avatars/ca3b7a39-c298-415d-b211-38d89b6ca2f2.png","3.5","cashback","false","undefined"
"kick","https://kickpay.co/activate/kiwi-au?source=rewardist","Kiwi AU","kiwi","https://ui.awin.com/images/upload/merchant/profile/20561.png","2","cashback","false","undefined"
"kick","https://kickpay.co/activate/kiwi-mx?source=rewardist","Kiwi MX","kiwimx","https://ui.awin.com/images/upload/merchant/profile/20563.png","2","cashback","false","undefined"
"kick","https://kickpay.co/activate/kleva-range?source=rewardist","Kleva Range","klevarange","https://c.cfjump.com/Avatars/574e921f-4650-4574-9f47-ab23ed71fcf6.png","7","cashback","false","undefined"
"kick","https://kickpay.co/activate/kmaxship?source=rewardist","Kmaxship","kmaxship","https://www.google.com/s2/favicons?domain=kmaxship.store&sz=128","8.5","cashback","false","undefined"
"kick","https://kickpay.co/activate/knobby?source=rewardist","Knobby","knobby","https://www.google.com/s2/favicons?domain=knobby.com.au&sz=128","4.2","cashback","false","undefined"
"kick","https://kickpay.co/activate/knose-financial-services-pty-ltd?source=rewardist","Knose Financial Services Pty Ltd","knosefinancialservicesptyltd","https://ui.awin.com/images/upload/merchant/profile/91425.png","7","cashback","false","undefined"
"kick","https://kickpay.co/activate/knose-pet-insurance?source=rewardist","Knose Pet Insurance","knose","https://c.cfjump.com/Avatars/a33038c3-5c2a-4bd2-bf8d-0f8dfa5ed9e1.png","7","cashback","false","undefined"
"kick","https://kickpay.co/activate/koala-eco?source=rewardist","Koala Eco","koalaeco","https://c.cfjump.com/Avatars/9009a433-0fb2-48ab-8301-4b5789652436.png","7","cashback","false","undefined"
"kick","https://kickpay.co/activate/kohl-s?source=rewardist","Kohl's","kohls","https://www.google.com/s2/favicons?domain=kohls.com&sz=128","1.68","cashback","false","undefined"
"kick","https://kickpay.co/activate/kollektive?source=rewardist","Kollektive","kollektive","https://c.cfjump.com/Avatars/6bc585c0-03fa-4672-9660-b3e643080230.png","7","cashback","false","undefined"
"kick","https://kickpay.co/activate/kosher-casual?source=rewardist","Kosher Casual","koshercasual","https://ui.awin.com/images/upload/merchant/profile/123950.png","3.5","cashback","false","undefined"
"kick","https://kickpay.co/activate/kowtow?source=rewardist","Kowtow","kowtow","https://c.cfjump.com/Avatars/6a183b19-0f31-492f-a138-b6fa75ab8c5a.png","1.5","cashback","false","undefined"
"kick","https://kickpay.co/activate/kurgo?source=rewardist","Kurgo","kurgo","https://c.cfjump.com/Avatars/b26e0736-8573-47ae-bc11-35b5081184d6.png","5.5","cashback","false","undefined"
"kick","https://kickpay.co/activate/kurk?source=rewardist","Kurk","kurk","https://c.cfjump.com/Avatars/301be712-021a-4269-8414-fefea0ab4f4d.png","3.5","cashback","false","undefined"
"kick","https://kickpay.co/activate/langtons?source=rewardist","LANGTONS","langtons","https://c.cfjump.com/Avatars/6cf82354-4dac-46ce-a1a3-600d226d753c.png","5.5","cashback","false","undefined"
"kick","https://kickpay.co/activate/lg-australia?source=rewardist","LG Australia","lg","https://merchant.linksynergy.com/fs/logo/lg_48067","2.1","cashback","false","undefined"
"kick","https://kickpay.co/activate/linner-otc-heraing-aids?source=rewardist","LINNER OTC Heraing Aids","linnerotcheraingaids","https://www.google.com/s2/favicons?domain=linnerlife.com&sz=128","10.5","cashback","false","undefined"
"kick","https://kickpay.co/activate/loomy-home?source=rewardist","LOOMY Home","loomyhome","https://ui.awin.com/images/upload/merchant/profile/90515.png","7","cashback","false","undefined"
"kick","https://kickpay.co/activate/lskd-anz?source=rewardist","LSKD ANZ","lskd","https://merchant.linksynergy.com/fs/logo/lg_50084","10","cashback","false","undefined"
"kick","https://kickpay.co/activate/lumisonata?source=rewardist","LUMISONATA","lumisonata","https://www.google.com/s2/favicons?domain=lumisonata.shop&sz=128","8.4","cashback","false","undefined"
"kick","https://kickpay.co/activate/la-petite-creme?source=rewardist","La Petite Creme","lapetitecreme","https://ui.awin.com/images/upload/merchant/profile/90215.png","7","cashback","false","undefined"
"kick","https://kickpay.co/activate/laavoo-extensions?source=rewardist","Laavoo Extensions","laavooextensions","https://www.google.com/s2/favicons?domain=laavooextensions.com&sz=128","10","cashback","false","undefined"
"kick","https://kickpay.co/activate/laithwaites-au?source=rewardist","Laithwaites AU","laithwaites","https://www.google.com/s2/favicons?domain=laithwaites.com.au&sz=128","5.6","cashback","false","undefined"
"kick","https://kickpay.co/activate/lapoche-pack-smarter?source=rewardist","Lapoche | Pack Smarter","lapoche","https://c.cfjump.com/Avatars/1d7525f2-dbc8-40ad-8dad-e2e157701710.png","7","cashback","false","undefined"
"kick","https://kickpay.co/activate/laserpecker?source=rewardist","LaserPecker","laserpecker","https://ui.awin.com/images/upload/merchant/profile/59557.png","4","cashback","false","undefined"
"kick","https://kickpay.co/activate/lastpass?source=rewardist","LastPass","lastpass","https://www.google.com/s2/favicons?domain=lastpass.com&sz=128","24.5","cashback","false","undefined"
"kick","https://kickpay.co/activate/launch-au?source=rewardist","Launch AU","launch","https://www.google.com/s2/favicons?domain=au.launchauto.com&sz=128","5.5","cashback","false","undefined"
"kick","https://kickpay.co/activate/laurastar?source=rewardist","Laurastar","laurastar","https://c.cfjump.com/Avatars/befccf11-c4af-4f90-8807-62e4d8c5eac5.png","3.5","cashback","false","undefined"
"kick","https://kickpay.co/activate/lavinia-gallery?source=rewardist","Lavinia Gallery","laviniagallery","https://www.google.com/s2/favicons?domain=laviniagallery.com&sz=128","5.5","cashback","false","undefined"
"kick","https://kickpay.co/activate/lawdepot?source=rewardist","LawDepot","lawdepot","https://www.google.com/s2/favicons?domain=lawdepot.com&sz=128","17.5","cashback","false","undefined"
"kick","https://kickpay.co/activate/lazy-tiles?source=rewardist","Lazy Tiles","lazytiles","https://c.cfjump.com/Avatars/e31a036b-832c-4605-ad34-2ceba70c113a.png","3.5","cashback","false","undefined"
"kick","https://kickpay.co/activate/le-creuset-australia?source=rewardist","Le Creuset Australia","lecreuset","https://c.cfjump.com/Avatars/a198df6d-e787-4dd1-b8d8-5ac09b019044.png","3.5","cashback","false","undefined"
"kick","https://kickpay.co/activate/lecavist?source=rewardist","LeCavist","lecavist","https://c.cfjump.com/Avatars/a2a43e1a-cb00-43c6-bd4d-5f83c9d0d09b.png","5.5","cashback","false","undefined"
"kick","https://kickpay.co/activate/leparmentier-paris?source=rewardist","LePARMENTIER Paris","leparmentierparis","https://www.google.com/s2/favicons?domain=le-parmentier.com&sz=128","11","cashback","false","undefined"
"kick","https://kickpay.co/activate/lekker-bikes?source=rewardist","Lekker Bikes","lekkerbikes","https://c.cfjump.com/Avatars/41c08172-c001-4ff4-980e-02a0932af129.png","3.5","cashback","false","undefined"
"kick","https://kickpay.co/activate/lenovo-au?source=rewardist","Lenovo AU","lenovo","https://content.flexlinks.com/SharedImages/ProgramSquareLogo/190197.png","2.8","cashback","false","undefined"
"kick","https://kickpay.co/activate/leon-cycle?source=rewardist","Leon Cycle","leoncycle","https://c.cfjump.com/Avatars/8ad2e15f-dc7a-4efe-92e6-a5e0b68c14c0.png","3.5","cashback","false","undefined"
"kick","https://kickpay.co/activate/leroy-merlin-br?source=rewardist","Leroy Merlin BR","leroymerlinbr","/public-objects/merchant-logos/104999-1785851450379.png","2.5","cashback","false","undefined"
"kick","https://kickpay.co/activate/life-fitness?source=rewardist","Life Fitness","lifefitness","https://www.google.com/s2/favicons?domain=shop.lifefitness.com&sz=128","4.48","cashback","false","undefined"
"kick","https://kickpay.co/activate/life-pharmacy?source=rewardist","Life Pharmacy","lifepharmacy","https://c.cfjump.com/Avatars/09960c5e-4f4e-465d-9039-6842f0731e6e.png","3.5","cashback","false","undefined"
"kick","https://kickpay.co/activate/lighted-address-numbers?source=rewardist","Lighted Address Numbers","lightedaddressnumbers","https://ui.awin.com/images/upload/merchant/profile/49485.png","10.5","cashback","false","undefined"
"kick","https://kickpay.co/activate/lightingwill?source=rewardist","LightingWill","lightingwill","https://www.google.com/s2/favicons?domain=lightingwill.com&sz=128","7","cashback","false","undefined"
"kick","https://kickpay.co/activate/lime-tree-kids?source=rewardist","Lime Tree Kids","limetreekids","https://c.cfjump.com/Avatars/05bfd45d-6ed6-4445-b218-2dd1e59fc038.png","7","cashback","false","undefined"
"kick","https://kickpay.co/activate/linenly?source=rewardist","Linenly","linenly","https://c.cfjump.com/Avatars/fd8523bb-4ae2-4d4d-913e-1cf765340495.png","7","cashback","false","undefined"
"kick","https://kickpay.co/activate/liquor-loot?source=rewardist","Liquor Loot","liquorloot","https://c.cfjump.com/Avatars/936f3b65-93ee-44bc-ad0a-f7de78eaa3ab.png","4","cashback","false","undefined"
"kick","https://kickpay.co/activate/little-lifters-and-hanu-m?source=rewardist","Little Lifters and Hanu M","littleliftersandhanum","https://logo.clearbit.com/littlelifters.co.uk","10","cashback","false","undefined"
"kick","https://kickpay.co/activate/livingstyles-com-au?source=rewardist","LivingStyles.com.au","livingstyles","https://c.cfjump.com/Avatars/ba5e59c4-6db7-4fc7-b17f-76d7ac8aeeef.png","2","cashback","false","undefined"
"kick","https://kickpay.co/activate/lolalet-amazon?source=rewardist","Lolalet Amazon","lolaletamazon","https://www.google.com/s2/favicons?domain=amazon.com&sz=128","7","cashback","false","undefined"
"kick","https://kickpay.co/activate/looking4parking-au?source=rewardist","Looking4Parking AU","looking4parking","https://www.google.com/s2/favicons?domain=looking4.com&sz=128","1.68","cashback","false","undefined"
"kick","https://kickpay.co/activate/lorraine-lea?source=rewardist","Lorraine Lea","lorrainelea","https://c.cfjump.com/Avatars/08569bdb-6894-4f46-a23b-74bd9c0ce0b4.png","3.5","cashback","false","undefined"
"kick","https://kickpay.co/activate/love-s-jerky-co?source=rewardist","Love's Jerky Co.","lovesjerkyco","https://www.google.com/s2/favicons?domain=lovesjerkyco.com&sz=128","7","cashback","false","undefined"
"kick","https://kickpay.co/activate/lowes-menswear?source=rewardist","Lowes Menswear","lowes","https://www.google.com/s2/favicons?domain=lowes.com.au&sz=128","2.1","cashback","false","undefined"
"kick","https://kickpay.co/activate/luvme-hair?source=rewardist","Luvme Hair","luvmehair","https://www.google.com/s2/favicons?domain=shop.luvmehair.com&sz=128","0.03","cashback","false","undefined"
"kick","https://kickpay.co/activate/luxo-living?source=rewardist","Luxo Living","luxoliving","/public-objects/merchant-logos/42974-1780397626182.jpg","5","cashback","false","undefined"
"kick","https://kickpay.co/activate/lylo?source=rewardist","LyLo","lylo","https://www.google.com/s2/favicons?domain=lylo.com&sz=128","1.4","cashback","false","undefined"
"kick","https://kickpay.co/activate/lyca-mobile-au?source=rewardist","Lyca Mobile AU","lycamobile","https://ui.awin.com/images/upload/merchant/profile/128159.png","1050","cashback","true","undefined"
"kick","https://kickpay.co/activate/lysse-global?source=rewardist","Lysse (Global)","lysseglobal","https://content.flexlinks.com/SharedImages/ProgramSquareLogo/199050.png","5.6","cashback","false","undefined"
"kick","https://kickpay.co/activate/manning-cartell?source=rewardist","MANNING CARTELL","manningcartell","https://c.cfjump.com/Avatars/58cc63c6-0fc4-480f-acd0-0b3920b409e1.png","8.5","cashback","false","undefined"
"kick","https://kickpay.co/activate/medihill-inc?source=rewardist","MEDIHILL INC","medihillinc","https://ui.awin.com/images/upload/merchant/profile/90125.png","17.5","cashback","false","undefined"
"kick","https://kickpay.co/activate/mfi-medical?source=rewardist","MFI Medical","mfimedical","https://cdn.shopify.com/s/files/1/1046/1086/files/Shutterstock_1811280388-min.png?v=1704958551","1.4","cashback","false","undefined"
"kick","https://kickpay.co/activate/myob?source=rewardist","MYOB","myob","https://www.google.com/s2/favicons?domain=myob.com&sz=128","64","cashback","true","undefined"
"kick","https://kickpay.co/activate/macoda?source=rewardist","Macoda","macoda","https://c.cfjump.com/Avatars/2abf3e68-f3d5-464f-83bc-1c4f59880f50.png","3.5","cashback","false","undefined"
"kick","https://kickpay.co/activate/macy-s-au-apac?source=rewardist","Macy's AU | APAC","macysapac","https://www.google.com/s2/favicons?domain=macys.com&sz=128","2.1","cashback","false","undefined"
"kick","https://kickpay.co/activate/madison-park?source=rewardist","Madison Park","madisonpark","/logos/rakuten/madison-park.png","5","cashback","false","undefined"
"kick","https://kickpay.co/activate/magic-makers-inc?source=rewardist","Magic Makers, Inc.","magicmakersinc","https://ui.awin.com/images/upload/merchant/profile/105007.png","7","cashback","false","undefined"
"kick","https://kickpay.co/activate/magnetic-messaging?source=rewardist","Magnetic Messaging","magneticmessaging","https://content.flexlinks.com/SharedImages/ProgramSquareLogo/162490.png","37.52","cashback","false","undefined"
"kick","https://kickpay.co/activate/magshop?source=rewardist","Magshop","magshop","https://c.cfjump.com/Avatars/5cfb649d-3141-4934-9e09-07deb154ff77.png","5.5","cashback","false","undefined"
"kick","https://kickpay.co/activate/magzter-digital-magazine-newsstand?source=rewardist","Magzter - Digital Magazine Newsstand","magzterdigitalmagazinenewsstand","https://www.google.com/s2/favicons?domain=magzter.com&sz=128","0.35","cashback","false","undefined"
"kick","https://kickpay.co/activate/makari-de-suisse?source=rewardist","Makari De Suisse","makaridesuisse","https://www.google.com/s2/favicons?domain=shopmakari.com&sz=128","0.5","cashback","false","undefined"
"kick","https://kickpay.co/activate/malaysia-airlines?source=rewardist","Malaysia Airlines","malaysiaairlines","https://www.google.com/s2/favicons?domain=malaysiaairlines.com&sz=128","2","cashback","false","undefined"
"kick","https://kickpay.co/activate/manchester-factory?source=rewardist","Manchester Factory","manchesterfactory","https://c.cfjump.com/Avatars/6c9410be-d586-4d0e-8365-db0a2c0c1afd.png","7","cashback","false","undefined"
"kick","https://kickpay.co/activate/mandai-wildlife-group?source=rewardist","Mandai Wildlife Group","mandaiwildlifegroup","https://merchant.linksynergy.com/fs/logo/lg_54106","5","cashback","false","undefined"
"kick","https://kickpay.co/activate/maqo-hotels?source=rewardist","Maqo Hotels","maqohotels","https://www.google.com/s2/favicons?domain=maqohotels.com&sz=128","5","cashback","false","undefined"
"kick","https://kickpay.co/activate/marathon-watch?source=rewardist","Marathon Watch","marathonwatch","/logos/rakuten/marathon-watch.jpg","2","cashback","false","undefined"
"kick","https://kickpay.co/activate/marc-jacobs?source=rewardist","Marc Jacobs","marcjacobs","https://www.google.com/s2/favicons?domain=marcjacobs.com&sz=128","5.6","cashback","false","undefined"
"kick","https://kickpay.co/activate/marco-polo-hotels?source=rewardist","Marco Polo Hotels","marcopolohotels","https://www.google.com/s2/favicons?domain=marcopolohotels.com&sz=128","5","cashback","false","undefined"
"kick","https://kickpay.co/activate/marimekko-au?source=rewardist","Marimekko AU","marimekko","https://logo.clearbit.com/marimekko.com","8.5","cashback","false","undefined"
"kick","https://kickpay.co/activate/mark-foy-s-department-store-pty-ltd?source=rewardist","Mark Foy's Department Store PTY Ltd","markfoysdepartmentstoreptyltd","https://www.google.com/s2/favicons?domain=mark-foys.com&sz=128","7","cashback","false","undefined"
"kick","https://kickpay.co/activate/marketxls?source=rewardist","MarketXLS","marketxls","https://www.google.com/s2/favicons?domain=marketxls.com&sz=128","7","cashback","false","undefined"
"kick","https://kickpay.co/activate/marley-spoon-au?source=rewardist","Marley Spoon AU","marleyspoon","https://ui.awin.com/images/upload/merchant/profile/104515.png","2100","cashback","true","undefined"
"kick","https://kickpay.co/activate/marriott-bonvoy-points-com?source=rewardist","Marriott Bonvoy - Points.com","marriottbonvoypoints","https://www.google.com/s2/favicons?domain=points.com&sz=128","2","cashback","false","undefined"
"kick","https://kickpay.co/activate/martinic-audio?source=rewardist","Martinic Audio","martinicaudio","https://www.google.com/s2/favicons?domain=martinic.com&sz=128","21","cashback","false","undefined"
"kick","https://kickpay.co/activate/mater-lotteries?source=rewardist","Mater Lotteries","materlotteries","https://c.cfjump.com/Avatars/5b089da8-607b-4242-a81c-153211a7375f.png","7","cashback","false","undefined"
"kick","https://kickpay.co/activate/mathers?source=rewardist","Mathers","mathers","https://c.cfjump.com/Avatars/dcce757c-7836-4816-a3f9-407316d0eaed.png","3","cashback","false","undefined"
"kick","https://kickpay.co/activate/mattel-shop?source=rewardist","Mattel Shop","mattelshop","https://c.cfjump.com/Avatars/627aa92e-cbca-407b-8c15-691f1376d804.png","5.5","cashback","false","undefined"
"kick","https://kickpay.co/activate/mattress-crafters?source=rewardist","Mattress Crafters","mattresscrafters","https://c.cfjump.com/Avatars/eaaa47c2-43ae-47d6-849d-aa0032c282d1.png","4.5","cashback","false","undefined"
"kick","https://kickpay.co/activate/maxi-cosi?source=rewardist","Maxi-Cosi","maxicosi","https://www.google.com/s2/favicons?domain=maxicosi.com&sz=128","3.5","cashback","false","undefined"
"kick","https://kickpay.co/activate/mazzucchelli-s?source=rewardist","Mazzucchelli's","mazzucchellis","https://c.cfjump.com/Avatars/51befea6-5d18-4a4f-b438-b3c9c0b7de2d.png","0.5","cashback","false","undefined"
"kick","https://kickpay.co/activate/meundies?source=rewardist","MeUndies","meundies","https://www.google.com/s2/favicons?domain=meundies.com&sz=128","1.12","cashback","false","undefined"
"kick","https://kickpay.co/activate/melodysusie?source=rewardist","MelodySusie","melodysusie","https://www.google.com/s2/favicons?domain=melodysusie.com&sz=128","7","cashback","false","undefined"
"kick","https://kickpay.co/activate/merachfit?source=rewardist","Merachfit","merachfit","https://www.google.com/s2/favicons?domain=merachfit.com&sz=128","8.5","cashback","false","undefined"
"kick","https://kickpay.co/activate/mescius?source=rewardist","Mescius","mescius","https://www.google.com/s2/favicons?domain=mescius.com&sz=128","7","cashback","false","undefined"
"kick","https://kickpay.co/activate/meta-box?source=rewardist","Meta Box","metabox","https://www.google.com/s2/favicons?domain=elightup.com&sz=128","21","cashback","false","undefined"
"kick","https://kickpay.co/activate/mica-lighting?source=rewardist","Mica Lighting","micalighting","https://c.cfjump.com/Avatars/4d7ef487-c569-46e8-be06-129ee5dc9f0f.png","7","cashback","false","undefined"
"kick","https://kickpay.co/activate/microbiome-plus?source=rewardist","Microbiome Plus","microbiomeplus","https://ui.awin.com/images/upload/merchant/profile/57893.png","31.5","cashback","false","undefined"
"kick","https://kickpay.co/activate/midas-shoes?source=rewardist","Midas Shoes","midas","https://c.cfjump.com/Avatars/f9141440-0cc6-4142-90ca-77ef9e260cab.png","3.5","cashback","false","undefined"
"kick","https://kickpay.co/activate/milan-fashion-campus?source=rewardist","Milan Fashion Campus","milanfashioncampus","https://ui.awin.com/images/upload/merchant/profile/93419.png","1400","cashback","true","undefined"
"kick","https://kickpay.co/activate/millennium-hotels-and-resorts-global?source=rewardist","Millennium Hotels and Resorts (Global)","millenniumhotelsandresortsglobal","https://ui.awin.com/images/upload/merchant/profile/6299.png","2","cashback","false","undefined"
"kick","https://kickpay.co/activate/mindmanager?source=rewardist","MindManager","mindmanager","https://www.google.com/s2/favicons?domain=mindmanager.com&sz=128","7","cashback","false","undefined"
"kick","https://kickpay.co/activate/mindmanager-mind-mapping-software?source=rewardist","MindManager | Mind Mapping Software","mindmanagermindmappingsoftware","https://www.google.com/s2/favicons?domain=mindmanager.com&sz=128","8.4","cashback","false","undefined"
"kick","https://kickpay.co/activate/mini-museum-llc?source=rewardist","Mini Museum LLC","minimuseumllc","https://ui.awin.com/images/upload/merchant/profile/89949.png","0.5","cashback","false","undefined"
"kick","https://kickpay.co/activate/minijumbuk?source=rewardist","MiniJumbuk","minijumbuk","https://c.cfjump.com/Avatars/82cce672-452f-4ce8-9af6-57d6aee036bb.png","5","cashback","false","undefined"
"kick","https://kickpay.co/activate/minitool?source=rewardist","MiniTool","minitool","https://www.google.com/s2/favicons?domain=minitool.com&sz=128","21","cashback","false","undefined"
"kick","https://kickpay.co/activate/mix-and-match-au?source=rewardist","Mix & Match AU","mixandmatch","https://content.flexlinks.com/SharedImages/ProgramSquareLogo/235051.png","1.12","cashback","false","undefined"
"kick","https://kickpay.co/activate/mizuno?source=rewardist","Mizuno","mizuno","https://c.cfjump.com/Avatars/80ec9278-0bfa-4c35-bc7a-1372e97a54af.png","4","cashback","false","undefined"
"kick","https://kickpay.co/activate/mobileciti?source=rewardist","Mobileciti","mobileciti","https://www.google.com/s2/favicons?domain=mobileciti.com.au&sz=128","1.68","cashback","false","undefined"
"kick","https://kickpay.co/activate/modlily?source=rewardist","Modlily","modlily","https://www.google.com/s2/favicons?domain=modlily.com&sz=128","5.5","cashback","false","undefined"
"kick","https://kickpay.co/activate/modlily-com?source=rewardist","Modlily.com","modlily","https://www.google.com/s2/favicons?domain=modlily.com&sz=128","5.6","cashback","false","undefined"
"kick","https://kickpay.co/activate/momentous-living?source=rewardist","Momentous Living","momentousliving","https://c.cfjump.com/Avatars/a20cdbfe-1a95-4bee-a494-6cb901d478de.png","4","cashback","false","undefined"
"kick","https://kickpay.co/activate/moonpig-au?source=rewardist","Moonpig AU","moonpig","https://ui.awin.com/images/upload/merchant/profile/12201.png","7","cashback","false","undefined"
"kick","https://kickpay.co/activate/moosehill?source=rewardist","Moosehill","moosehill","https://ui.awin.com/images/upload/merchant/profile/96701.png","7","cashback","false","undefined"
"kick","https://kickpay.co/activate/more-telecom?source=rewardist","More Telecom","moretelecom","https://c.cfjump.com/Avatars/e4d337a1-e90e-471d-a3cf-150f0ec494b6.png","10.5","cashback","false","undefined"
"kick","https://kickpay.co/activate/morlife?source=rewardist","Morlife","morlife","https://c.cfjump.com/Avatars/821bc982-aa3a-48ac-894e-307dba825ef3.png","10.5","cashback","false","undefined"
"kick","https://kickpay.co/activate/mosaic-weighted-blankets?source=rewardist","Mosaic Weighted Blankets","mosaicweightedblankets","https://ui.awin.com/images/upload/merchant/profile/87403.png","7","cashback","false","undefined"
"kick","https://kickpay.co/activate/mosthelabel?source=rewardist","Mosthelabel","mosthelabel","https://www.google.com/s2/favicons?domain=mosthelabel.com&sz=128","5.6","cashback","false","undefined"
"kick","https://kickpay.co/activate/mountfords-shoes?source=rewardist","Mountfords Shoes","mountfordsshoes","https://c.cfjump.com/Avatars/a26d9d5d-fcdb-49d9-b1c8-b6d209ebe99f.png","3","cashback","false","undefined"
"kick","https://kickpay.co/activate/mowrator-au?source=rewardist","Mowrator AU","mowrator","https://www.google.com/s2/favicons?domain=mowrator.com&sz=128","4","cashback","false","undefined"
"kick","https://kickpay.co/activate/mr-roses-apac?source=rewardist","Mr Roses APAC","mrrosesapac","/logos/rakuten/mr-roses-apac.png","10","cashback","false","undefined"
"kick","https://kickpay.co/activate/mr-vitamins?source=rewardist","Mr Vitamins","mrvitamins","https://c.cfjump.com/Avatars/4c2d1eaa-8143-49d7-9f02-f7bc7b6cd9f2.png","3","cashback","false","undefined"
"kick","https://kickpay.co/activate/musashi?source=rewardist","Musashi","musashi","https://c.cfjump.com/Avatars/e9c72320-6af4-4b53-88c8-1c775245891d.png","5.5","cashback","false","undefined"
"kick","https://kickpay.co/activate/muval?source=rewardist","Muval","muval","https://content.flexlinks.com/SharedImages/ProgramSquareLogo/214439.png","17","cashback","true","undefined"
"kick","https://kickpay.co/activate/my-perfume-shop?source=rewardist","My Perfume Shop","myperfumeshop","https://c.cfjump.com/Avatars/3a666b87-79aa-42c6-824f-b9b4431a743e.png","4.5","cashback","false","undefined"
"kick","https://kickpay.co/activate/myhomeware?source=rewardist","MyHomeware","myhomeware","https://c.cfjump.com/Avatars/2e8346c1-2a08-40b3-9d62-139889bcac98.png","3.5","cashback","false","undefined"
"kick","https://kickpay.co/activate/myhouse?source=rewardist","MyHouse","myhouse","https://c.cfjump.com/Avatars/1b85c498-c4a0-424a-871e-282032cb0fa1.png","2","cashback","false","undefined"
"kick","https://kickpay.co/activate/mynextbike?source=rewardist","MyNextBike","mynextbike","https://www.google.com/s2/favicons?domain=mynextbike.co.uk&sz=128","3.92","cashback","false","undefined"
"kick","https://kickpay.co/activate/mytopia?source=rewardist","MyTopia","mytopia","https://c.cfjump.com/Avatars/e5cb8147-2b6a-4569-8079-8a350a7e1ec3.png","3.5","cashback","false","undefined"
"kick","https://kickpay.co/activate/myprotein-au?source=rewardist","Myprotein AU","myprotein","https://ui.awin.com/images/upload/merchant/profile/19155.png","7","cashback","false","undefined"
"kick","https://kickpay.co/activate/nap?source=rewardist","NAP","nap","https://c.cfjump.com/Avatars/ffe0c331-ef7b-4d62-b5ba-aa345f7dbaec.png","3.5","cashback","false","undefined"
"kick","https://kickpay.co/activate/net-a-porter-apac?source=rewardist","NET-A-PORTER APAC","netaporterapac","https://merchant.linksynergy.com/fs/logo/lg_46255","3","cashback","false","undefined"
"kick","https://kickpay.co/activate/nne-living?source=rewardist","NNE Living","nneliving","https://c.cfjump.com/Avatars/6fe49003-8eac-47a0-99f7-afc75b2cb87e.png","7","cashback","false","undefined"
"kick","https://kickpay.co/activate/nomatic-com?source=rewardist","NOMATIC.com","nomatic","https://ui.awin.com/images/upload/merchant/profile/90033.png","10.5","cashback","false","undefined"
"kick","https://kickpay.co/activate/non?source=rewardist","NON","non","https://c.cfjump.com/Avatars/fd3cbe9b-a7f1-4a14-82ea-b24e2fe65161.png","3.5","cashback","false","undefined"
"kick","https://kickpay.co/activate/nanit?source=rewardist","Nanit","nanit","https://c.cfjump.com/Avatars/5e72bf96-4565-4177-898e-c8e05180d886.png","7","cashback","false","undefined"
"kick","https://kickpay.co/activate/natpat-au?source=rewardist","NatPat AU","natpat","https://ui.awin.com/images/upload/merchant/profile/35713.png","14","cashback","false","undefined"
"kick","https://kickpay.co/activate/naturecan-aus?source=rewardist","Naturecan AUS","naturecans","https://www.google.com/s2/favicons?domain=naturecan.com.au&sz=128","3.5","cashback","false","undefined"
"kick","https://kickpay.co/activate/nautica-au?source=rewardist","Nautica AU","nautica","https://content.flexlinks.com/SharedImages/ProgramSquareLogo/207480.png","3.5","cashback","false","undefined"
"kick","https://kickpay.co/activate/neat-feat?source=rewardist","Neat Feat","neatfeat","https://c.cfjump.com/Avatars/568ac10c-5402-4d2e-b7d6-daf55c996ce5.png","7","cashback","false","undefined"
"kick","https://kickpay.co/activate/needs-no-label?source=rewardist","Needs No Label","needsnolabel","https://ui.awin.com/images/upload/merchant/profile/78586.png","1.5","cashback","false","undefined"
"kick","https://kickpay.co/activate/neu-nomads?source=rewardist","Neu Nomads","neunomads","https://ui.awin.com/images/upload/merchant/profile/99395.png","7","cashback","false","undefined"
"kick","https://kickpay.co/activate/neverland-store-au?source=rewardist","Neverland Store AU","neverlandstore","/logos/rakuten/neverland-store-au.png","8","cashback","false","undefined"
"kick","https://kickpay.co/activate/new-era-cap-australia?source=rewardist","New Era Cap Australia","newera","https://c.cfjump.com/Avatars/eb2a7dd1-4b05-48c4-b2bb-31a0607bd831.png","1.5","cashback","false","undefined"
"kick","https://kickpay.co/activate/new-world?source=rewardist","New World","newworld","https://c.cfjump.com/Avatars/c49aee95-4b87-4b04-ba8b-7d05195cd190.png","1.5","cashback","false","undefined"
"kick","https://kickpay.co/activate/newentor-australia?source=rewardist","Newentor Australia","newentor","https://c.cfjump.com/Avatars/8fe22e19-a5f6-45e7-a820-2abdc366ff38.png","7","cashback","false","undefined"
"kick","https://kickpay.co/activate/nicchia-luxury?source=rewardist","Nicchia Luxury","nicchialuxury","https://merchant.linksynergy.com/fs/logo/lg_54306","8","cashback","false","undefined"
"kick","https://kickpay.co/activate/niccolo-hotels?source=rewardist","Niccolo Hotels","niccolohotels","https://www.google.com/s2/favicons?domain=niccolohotels.com&sz=128","5","cashback","false","undefined"
"kick","https://kickpay.co/activate/nisbets-australia?source=rewardist","Nisbets Australia","nisbets","https://c.cfjump.com/Avatars/b97b4ddd-8498-4362-832c-965afd416744.png","3.5","cashback","false","undefined"
"kick","https://kickpay.co/activate/nixon-au?source=rewardist","Nixon AU","nixon","https://ui.awin.com/images/upload/merchant/profile/116971.png","4","cashback","false","undefined"
"kick","https://kickpay.co/activate/noble-panacea-row?source=rewardist","Noble Panacea ROW","noblepanacearow","https://ui.awin.com/images/upload/merchant/profile/102281.png","7","cashback","false","undefined"
"kick","https://kickpay.co/activate/noel-asmar-uniforms-us-and-canada?source=rewardist","Noel Asmar Uniforms (US & Canada)","noelasmaruniformsusandcanada","https://ui.awin.com/images/upload/merchant/profile/19651.png","8.5","cashback","false","undefined"
"kick","https://kickpay.co/activate/nordpass?source=rewardist","NordPass","nordpass","https://www.google.com/s2/favicons?domain=nordpass.com&sz=128","21","cashback","false","undefined"
"kick","https://kickpay.co/activate/nordvpn?source=rewardist","NordVPN","nordvpn","https://www.google.com/s2/favicons?domain=nordvpn.com&sz=128","0.28","cashback","false","undefined"
"kick","https://kickpay.co/activate/northsky-supply?source=rewardist","NorthSky Supply","northskysupply","https://ui.awin.com/images/upload/merchant/profile/119387.png","7","cashback","false","undefined"
"kick","https://kickpay.co/activate/northern-gym-equipment?source=rewardist","Northern Gym Equipment","northerngymequipment","https://www.google.com/s2/favicons?domain=northerngymequipment.com&sz=128","2.24","cashback","false","undefined"
"kick","https://kickpay.co/activate/nothingprojector?source=rewardist","Nothingprojector","nothingprojector","https://ui.awin.com/images/upload/merchant/profile/75408.png","3.5","cashback","false","undefined"
"kick","https://kickpay.co/activate/nourished-life?source=rewardist","Nourished Life","nourishedlife","https://c.cfjump.com/Avatars/d18a9d9d-ad4c-4fef-ab07-17c40acb56aa.png","3.5","cashback","false","undefined"
"kick","https://kickpay.co/activate/nude-by-nature?source=rewardist","Nude by Nature","nudebynature","https://c.cfjump.com/Avatars/b7a3a17b-68bd-4b35-8874-926d197df8f6.png","5.5","cashback","false","undefined"
"kick","https://kickpay.co/activate/nutrabalance?source=rewardist","Nutrabalance","nutrabalance","https://www.google.com/s2/favicons?domain=nutrabalance.co&sz=128","10.5","cashback","false","undefined"
"kick","https://kickpay.co/activate/nutrinixy-ai-calorie-tracker?source=rewardist","Nutrinixy - AI Calorie Tracker","nutrinixyaicalorietracker","https://ui.awin.com/images/upload/merchant/profile/126881.png","21","cashback","false","undefined"
"kick","https://kickpay.co/activate/nuzest?source=rewardist","Nuzest","nuzest","https://c.cfjump.com/Avatars/4a201e9e-e874-4a44-a4b4-485f50153a11.png","3.5","cashback","false","undefined"
"kick","https://kickpay.co/activate/o-cosmedics?source=rewardist","O COSMEDICS","ocosmedics","https://c.cfjump.com/Avatars/f58364d0-fcb6-4eef-b75b-e33a449ade57.png","7","cashback","false","undefined"
"kick","https://kickpay.co/activate/ocean-hotels?source=rewardist","OCEAN HOTELS","oceanhotels","https://www.google.com/s2/favicons?domain=oceanhotels.com&sz=128","4","cashback","false","undefined"
"kick","https://kickpay.co/activate/oufer-body-jewelry?source=rewardist","OUFER BODY JEWELRY","ouferbodyjewelry","https://ui.awin.com/images/upload/merchant/profile/91941.png","10.5","cashback","false","undefined"
"kick","https://kickpay.co/activate/oztrail?source=rewardist","OZtrail","oztrail","/logos/rakuten/oztrail.png","5","cashback","false","undefined"
"kick","https://kickpay.co/activate/oakley-aus?source=rewardist","Oakley AUS","oakleys","https://www.google.com/s2/favicons?domain=oakley.com&sz=128","5.5","cashback","false","undefined"
"kick","https://kickpay.co/activate/oaks-hotels?source=rewardist","Oaks Hotels","oakshotels","https://c.cfjump.com/Avatars/7111910c-be6f-4039-b807-b7d1aa464f7f.png","3.5","cashback","false","undefined"
"kick","https://kickpay.co/activate/off-white?source=rewardist","Off-White","offwhite","https://content.flexlinks.com/SharedImages/ProgramSquareLogo/241259.png","4.2","cashback","false","undefined"
"kick","https://kickpay.co/activate/oil-garden?source=rewardist","Oil Garden","oilgarden","https://c.cfjump.com/Avatars/5b0182e2-a23f-4370-98e8-91daabad4f18.png","7","cashback","false","undefined"
"kick","https://kickpay.co/activate/olga-berg?source=rewardist","Olga Berg","olgaberg","https://c.cfjump.com/Avatars/a9337824-5be3-4e2d-acc0-edae11d2cb8d.png","8.5","cashback","false","undefined"
"kick","https://kickpay.co/activate/omfort?source=rewardist","Omfort","omfort","https://www.google.com/s2/favicons?domain=theomfort.com&sz=128","7","cashback","false","undefined"
"kick","https://kickpay.co/activate/onebioshop-international?source=rewardist","OneBioShop_International","onebioshopinternational","https://ui.awin.com/images/upload/merchant/profile/126151.png","7","cashback","false","undefined"
"kick","https://kickpay.co/activate/oneteaspoon?source=rewardist","OneTeaspoon","oneteaspoon","https://www.google.com/s2/favicons?domain=oneteaspoon.com&sz=128","0.07","cashback","false","undefined"
"kick","https://kickpay.co/activate/onemile?source=rewardist","Onemile","onemile","https://www.google.com/s2/favicons?domain=onemilebike.com&sz=128","7","cashback","false","undefined"
"kick","https://kickpay.co/activate/ooni-au?source=rewardist","Ooni (AU)","ooniau","https://ui.awin.com/images/upload/merchant/profile/77088.png","2","cashback","false","undefined"
"kick","https://kickpay.co/activate/ophelia-eternity-jewelry?source=rewardist","Ophelia Eternity Jewelry","opheliaeternityjewelry","https://ui.awin.com/images/upload/merchant/profile/128211.png","14","cashback","false","undefined"
"kick","https://kickpay.co/activate/optislim?source=rewardist","Optislim","optislim","https://c.cfjump.com/Avatars/bc35c49a-7d3e-4896-a3a5-5deabbde9ac8.png","7","cashback","false","undefined"
"kick","https://kickpay.co/activate/organics-on-a-budget?source=rewardist","Organics on a Budget","organicsonabudget","https://c.cfjump.com/Avatars/843c2476-8022-4139-844e-cdb20296f60a.png","5.5","cashback","false","undefined"
"kick","https://kickpay.co/activate/origin-mattress-australia?source=rewardist","Origin Mattress Australia","originmattress","https://c.cfjump.com/Avatars/00a275e3-f54e-46b9-951b-08e5e0f8bfc4.png","3.5","cashback","false","undefined"
"kick","https://kickpay.co/activate/origin-mattress-my?source=rewardist","Origin Mattress MY","originmattressmy","https://c.cfjump.com/Avatars/6e506671-3fa0-4847-ad62-52c8d40d7507.png","3.5","cashback","false","undefined"
"kick","https://kickpay.co/activate/origin-mattress-sg?source=rewardist","Origin Mattress SG","originmattresssg","https://c.cfjump.com/Avatars/06c5b979-ab05-4fba-9d61-56b2b1ae5494.png","3.5","cashback","false","undefined"
"kick","https://kickpay.co/activate/original-mattress-and-furniture?source=rewardist","Original Mattress & Furniture","originalmattressandfurniture","https://c.cfjump.com/Avatars/de6fbb49-79d5-405d-a8ec-f85d3d5a7ac8.png","2","cashback","false","undefined"
"kick","https://kickpay.co/activate/oroton?source=rewardist","Oroton","oroton","/public-objects/merchant-logos/106877-1786937351812.jpg","7","cashback","false","undefined"
"kick","https://kickpay.co/activate/otra-eyewear?source=rewardist","Otra Eyewear","otraeyewear","https://ui.awin.com/images/upload/merchant/profile/96299.png","10.5","cashback","false","undefined"
"kick","https://kickpay.co/activate/otterbox-au?source=rewardist","Otterbox AU","otterbox","https://ui.awin.com/images/upload/merchant/profile/113168.png","4","cashback","false","undefined"
"kick","https://kickpay.co/activate/ottocast?source=rewardist","Ottocast","ottocast","https://ui.awin.com/images/upload/merchant/profile/96499.png","5.5","cashback","false","undefined"
"kick","https://kickpay.co/activate/ouros-jewels?source=rewardist","Ouros Jewels","ourosjewels","https://ui.awin.com/images/upload/merchant/profile/123706.png","3.5","cashback","false","undefined"
"kick","https://kickpay.co/activate/outin-inc?source=rewardist","OutIn Inc.","outininc","https://www.google.com/s2/favicons?domain=outin.com&sz=128","17.5","cashback","false","undefined"
"kick","https://kickpay.co/activate/outbax?source=rewardist","Outbax","outbax","https://c.cfjump.com/Avatars/3b77b8fc-140a-4d97-8e63-ea1c3e049d84.png","5","cashback","false","undefined"
"kick","https://kickpay.co/activate/oxford-shop?source=rewardist","Oxford Shop","oxford","https://c.cfjump.com/Avatars/ff5bc302-dd6f-4695-9bb4-748d5502f0de.png","4","cashback","false","undefined"
"kick","https://kickpay.co/activate/ozdingo-shopping?source=rewardist","Ozdingo Shopping","ozdingoshopping","https://c.cfjump.com/Avatars/364647f8-feab-4724-b7c5-f4fa187402b3.png","14","cashback","false","undefined"
"kick","https://kickpay.co/activate/ozmosis?source=rewardist","Ozmosis","ozmosis","https://c.cfjump.com/Avatars/9986d9a9-f57d-4ebf-8351-3985fd30cbd5.png","5","cashback","false","undefined"
"kick","https://kickpay.co/activate/p-e-nation?source=rewardist","P.E Nation","penation","https://content.flexlinks.com/SharedImages/ProgramSquareLogo/203104.png","2.8","cashback","false","undefined"
"kick","https://kickpay.co/activate/p1-travel?source=rewardist","P1 Travel","p1travel","https://www.google.com/s2/favicons?domain=p1travel.com&sz=128","1.4","cashback","false","undefined"
"kick","https://kickpay.co/activate/parkit-co?source=rewardist","PARKIT Co.","parkitco","https://content.flexlinks.com/SharedImages/ProgramSquareLogo/235235.png","4.48","cashback","false","undefined"
"kick","https://kickpay.co/activate/pergolux-au?source=rewardist","PERGOLUX AU","pergolux","https://c.cfjump.com/Avatars/1c1e76be-3413-4f61-88e5-35d2acdb1779.png","0.5","cashback","false","undefined"
"kick","https://kickpay.co/activate/petco-animal-supplies?source=rewardist","PETCO Animal Supplies","petcoanimalsupplies","https://www.google.com/s2/favicons?domain=petco.com&sz=128","1.12","cashback","false","undefined"
"kick","https://kickpay.co/activate/plaud-au?source=rewardist","PLAUD AU","plaud","https://www.google.com/s2/favicons?domain=au.plaud.ai&sz=128","4.48","cashback","false","undefined"
"kick","https://kickpay.co/activate/pococo?source=rewardist","POCOCO","pococo","https://ui.awin.com/images/upload/merchant/profile/102587.png","5.5","cashback","false","undefined"
"kick","https://kickpay.co/activate/pongbot-sports-affiliate-program?source=rewardist","PONGBOT Sports Affiliate Program","pongbotsportsaffiliateprogram","https://www.google.com/s2/favicons?domain=store.pongbotsports.com&sz=128","3.5","cashback","false","undefined"
"kick","https://kickpay.co/activate/popsy-clothing?source=rewardist","POPSY CLOTHING","popsyclothing","/public-objects/merchant-logos/105000-1785851450880.png","5","cashback","false","undefined"
"kick","https://kickpay.co/activate/prossioni?source=rewardist","PROSSIONI®","prossioni","https://ui.awin.com/images/upload/merchant/profile/114322.png","1.5","cashback","false","undefined"
"kick","https://kickpay.co/activate/ptc-shop-australia?source=rewardist","PTC Shop Australia","ptcshop","https://c.cfjump.com/Avatars/18c0d77e-a358-48b8-b803-736787461ead.png","10.5","cashback","false","undefined"
"kick","https://kickpay.co/activate/purty-body-affiliate-program?source=rewardist","PURTY BODY Affiliate Program","purtybodyaffiliateprogram","https://ui.awin.com/images/upload/merchant/profile/119629.png","3","cashback","false","undefined"
"kick","https://kickpay.co/activate/pagewings?source=rewardist","Pagewings","pagewings","https://www.google.com/s2/favicons?domain=pagewings.com&sz=128","9","cashback","false","undefined"
"kick","https://kickpay.co/activate/pagnian-imports?source=rewardist","Pagnian Imports","pagnianimports","https://c.cfjump.com/Avatars/d9d875d1-3a42-4b71-bc5b-1050e870f78e.png","1.5","cashback","false","undefined"
"kick","https://kickpay.co/activate/palladium-boots?source=rewardist","Palladium Boots","palladiumboots","https://www.google.com/s2/favicons?domain=palladiumboots.com&sz=128","2.8","cashback","false","undefined"
"kick","https://kickpay.co/activate/palm-angels?source=rewardist","Palm Angels","palmangels","https://content.flexlinks.com/SharedImages/ProgramSquareLogo/241357.png","4.2","cashback","false","undefined"
"kick","https://kickpay.co/activate/papique-international?source=rewardist","Papique_International","papiqueinternational","https://ui.awin.com/images/upload/merchant/profile/126149.png","7","cashback","false","undefined"
"kick","https://kickpay.co/activate/parkbooker?source=rewardist","ParkBooker","parkbooker","https://c.cfjump.com/Avatars/871a092a-cb82-47c8-8eff-98438dee1442.png","14","cashback","false","undefined"
"kick","https://kickpay.co/activate/pashion-footwear?source=rewardist","Pashion Footwear","pashionfootwear","https://www.google.com/s2/favicons?domain=pashionfootwear.com&sz=128","1.5","cashback","false","undefined"
"kick","https://kickpay.co/activate/passchier-au?source=rewardist","Passchier AU","passchier","https://content.flexlinks.com/SharedImages/ProgramSquareLogo/235288.png","5.6","cashback","false","undefined"
"kick","https://kickpay.co/activate/paula-s-choice-au?source=rewardist","Paula's Choice AU","paulaschoice","https://www.google.com/s2/favicons?domain=paulaschoice.com.au&sz=128","3.5","cashback","false","undefined"
"kick","https://kickpay.co/activate/paula-s-choice-malaysia?source=rewardist","Paula's Choice Malaysia","paulaschoicemalaysia","https://c.cfjump.com/Avatars/1eea4c55-f82f-4541-885d-ccbd37f6cb80.png","3.5","cashback","false","undefined"
"kick","https://kickpay.co/activate/paula-s-choice-singapore?source=rewardist","Paula's Choice Singapore","paulaschoicesingapore","https://c.cfjump.com/Avatars/24f381dc-cd3b-4351-8a5d-99907461c064.png","3.5","cashback","false","undefined"
"kick","https://kickpay.co/activate/peachy-airport-parking?source=rewardist","Peachy Airport Parking","peachyairportparking","https://www.google.com/s2/favicons?domain=booking.peachyairportparking.com&sz=128","4.2","cashback","false","undefined"
"kick","https://kickpay.co/activate/peak-chocolate?source=rewardist","Peak Chocolate","peakchocolate","https://c.cfjump.com/Avatars/fea43cbe-083e-4890-9d14-16e2c6cbfaa9.png","22.5","cashback","false","undefined"
"kick","https://kickpay.co/activate/pearlmountain-limited?source=rewardist","PearlMountain Limited","pearlmountainlimited","https://ui.awin.com/images/upload/merchant/profile/90241.png","35","cashback","false","undefined"
"kick","https://kickpay.co/activate/pelago-by-singapore-airlines?source=rewardist","Pelago by Singapore Airlines","pelagobysingaporeairlines","https://www.google.com/s2/favicons?domain=pelago.com&sz=128","10.5","cashback","false","undefined"
"kick","https://kickpay.co/activate/penhaligon-s-row?source=rewardist","Penhaligon's ROW","penhaligonsrow","https://www.google.com/s2/favicons?domain=penhaligons.com&sz=128","2.24","cashback","false","undefined"
"kick","https://kickpay.co/activate/petcareclub-com?source=rewardist","PetCareClub.com","petcareclub","https://www.google.com/s2/favicons?domain=petcareclub.com&sz=128","5.6","cashback","false","undefined"
"kick","https://kickpay.co/activate/petsafe?source=rewardist","PetSafe","petsafe","https://c.cfjump.com/Avatars/45d3250e-342e-4103-8ad0-200c7c6115c3.png","5.5","cashback","false","undefined"
"kick","https://kickpay.co/activate/petal-and-pup-au?source=rewardist","Petal & Pup AU","petalandpup","/logos/rakuten/petal-and-pup.jpg","5","cashback","false","undefined"
"kick","https://kickpay.co/activate/petals-network-au?source=rewardist","Petals Network AU","petals","https://c.cfjump.com/Avatars/4ad74eee-bbe0-487c-93bb-968fae780de3.png","10.5","cashback","false","undefined"
"kick","https://kickpay.co/activate/petbarn?source=rewardist","Petbarn","petbarn","/logos/rakuten/petbarn.jpg","8","cashback","false","undefined"
"kick","https://kickpay.co/activate/petsonme-pet-insurance?source=rewardist","PetsOnMe Pet Insurance","petsonmepetinsurance","https://c.cfjump.com/Avatars/4bee126a-0fce-4f5d-8caa-b88d80162756.png","35","cashback","false","undefined"
"kick","https://kickpay.co/activate/petzyo?source=rewardist","Petzyo","petzyo","https://c.cfjump.com/Avatars/f4932d77-72f3-4804-b80e-1df1fd9342ba.png","10.5","cashback","false","undefined"
"kick","https://kickpay.co/activate/pharmacy-direct?source=rewardist","Pharmacy Direct","pharmacydirect","https://merchant.linksynergy.com/fs/logo/lg_54341","4.2","cashback","false","undefined"
"kick","https://kickpay.co/activate/pharmacy-online?source=rewardist","Pharmacy Online","pharmacyonline","https://www.google.com/s2/favicons?domain=pharmacyonline.com.au&sz=128","2.24","cashback","false","undefined"
"kick","https://kickpay.co/activate/phonebot?source=rewardist","Phonebot","phonebot","https://c.cfjump.com/Avatars/bf8fefdf-ba5e-4687-9c62-73b327d6d126.png","0.5","cashback","false","undefined"
"kick","https://kickpay.co/activate/piktochart?source=rewardist","Piktochart","piktochart","https://ui.awin.com/images/upload/merchant/profile/36542.png","28","cashback","false","undefined"
"kick","https://kickpay.co/activate/pillow-guy?source=rewardist","Pillow Guy","pillowguy","https://www.google.com/s2/favicons?domain=pillowguy.com&sz=128","7","cashback","false","undefined"
"kick","https://kickpay.co/activate/pillow-talk-au?source=rewardist","Pillow Talk AU","pillowtalk","null","2.8","cashback","false","undefined"
"kick","https://kickpay.co/activate/pixverse-affiliate?source=rewardist","PixVerse Affiliate","pixverseaffiliate","https://www.google.com/s2/favicons?domain=pixverse.ai&sz=128","21","cashback","false","undefined"
"kick","https://kickpay.co/activate/plug?source=rewardist","Plug","plug","https://merchant.linksynergy.com/fs/logo/lg_54265","2","cashback","false","undefined"
"kick","https://kickpay.co/activate/plushible-com?source=rewardist","Plushible.com","plushible","https://ui.awin.com/images/upload/merchant/profile/98869.png","8.5","cashback","false","undefined"
"kick","https://kickpay.co/activate/polished-london?source=rewardist","Polished London","polishedlondon","https://c.cfjump.com/Avatars/eb9320a7-84c8-4408-96f2-9f1f34f424f4.png","14","cashback","false","undefined"
"kick","https://kickpay.co/activate/polypal-ai-live-translator?source=rewardist","PolyPal - AI Live Translator","polypalailivetranslator","https://www.google.com/s2/favicons?domain=polypal.ai&sz=128","21","cashback","false","undefined"
"kick","https://kickpay.co/activate/pong-cheese?source=rewardist","Pong Cheese","pongcheese","https://www.google.com/s2/favicons?domain=pongcheese.co.uk&sz=128","4.48","cashback","false","undefined"
"kick","https://kickpay.co/activate/popai-ai-sheets?source=rewardist","PopAi AI Sheets","popaiaisheets","https://www.google.com/s2/favicons?domain=sheets.popai.pro&sz=128","31.5","cashback","false","undefined"
"kick","https://kickpay.co/activate/power-wearhouse-inc?source=rewardist","Power WearHouse Inc","powerwearhouseinc","https://ui.awin.com/images/upload/merchant/profile/79548.png","7","cashback","false","undefined"
"kick","https://kickpay.co/activate/prageru?source=rewardist","PragerU","prageru","https://www.google.com/s2/favicons?domain=prageru.com&sz=128","4.48","cashback","false","undefined"
"kick","https://kickpay.co/activate/preala-jewels?source=rewardist","Preala Jewels","prealajewels","https://www.google.com/s2/favicons?domain=prealajewels.com&sz=128","14","cashback","false","undefined"
"kick","https://kickpay.co/activate/preply-learners?source=rewardist","Preply Learners","preplylearners","https://www.google.com/s2/favicons?domain=preply.com&sz=128","49","cashback","false","undefined"
"kick","https://kickpay.co/activate/presentation-intelligence?source=rewardist","Presentation Intelligence","presentationintelligence","https://www.google.com/s2/favicons?domain=pi.inc&sz=128","14","cashback","false","undefined"
"kick","https://kickpay.co/activate/price-rite-mart?source=rewardist","Price Rite Mart","priceritemart","https://c.cfjump.com/Avatars/dbc13f60-e699-4cc5-ab9d-0d18a07011d9.png","3.5","cashback","false","undefined"
"kick","https://kickpay.co/activate/priceline-pharmacy?source=rewardist","Priceline Pharmacy","priceline","https://c.cfjump.com/Avatars/01fa2796-9b6d-46f9-a3a4-68504ffb86c5.png","3","cashback","false","undefined"
"kick","https://kickpay.co/activate/princess-polly-au?source=rewardist","Princess Polly AU","princesspolly","https://merchant.linksynergy.com/fs/logo/lg_43347","2","cashback","false","undefined"
"kick","https://kickpay.co/activate/print-games-now?source=rewardist","Print Games Now","printgamesnow","https://ui.awin.com/images/upload/merchant/profile/88033.png","35","cashback","false","undefined"
"kick","https://kickpay.co/activate/printerpix-de?source=rewardist","PrinterPix DE","printerpixde","https://www.google.com/s2/favicons?domain=printerpix.de&sz=128","7","cashback","false","undefined"
"kick","https://kickpay.co/activate/printrendy?source=rewardist","Printrendy","printrendy","https://www.google.com/s2/favicons?domain=printrendy.com&sz=128","0.5","cashback","false","undefined"
"kick","https://kickpay.co/activate/promeed?source=rewardist","Promeed","promeed","https://www.google.com/s2/favicons?domain=promeed.com&sz=128","8.5","cashback","false","undefined"
"kick","https://kickpay.co/activate/prop-money-inc?source=rewardist","Prop Money Inc.","propmoneyinc","/public-objects/merchant-logos/84113-1786199681831.gif","2","cashback","false","undefined"
"kick","https://kickpay.co/activate/prosegur-change-au?source=rewardist","Prosegur Change AU","prosegurchange","https://content.flexlinks.com/SharedImages/ProgramSquareLogo/240378.png","0.28","cashback","false","undefined"
"kick","https://kickpay.co/activate/pulse-charge?source=rewardist","Pulse Charge","pulsecharge","https://www.google.com/s2/favicons?domain=pulsecharge.com.au&sz=128","4.48","cashback","false","undefined"
"kick","https://kickpay.co/activate/pulsetto?source=rewardist","Pulsetto","pulsetto","https://ui.awin.com/images/upload/merchant/profile/81357.png","14","cashback","false","undefined"
"kick","https://kickpay.co/activate/pump-haircare?source=rewardist","Pump Haircare","pumphaircare","https://c.cfjump.com/Avatars/72b61355-9aed-4181-8200-895f71dc2ea0.png","3.5","cashback","false","undefined"
"kick","https://kickpay.co/activate/puppyspot-llc?source=rewardist","PuppySpot LLC","puppyspotllc","https://ui.awin.com/images/upload/merchant/profile/33305.png","14000","cashback","true","undefined"
"kick","https://kickpay.co/activate/pure-daily-care?source=rewardist","Pure Daily Care","puredailycare","https://ui.awin.com/images/upload/merchant/profile/95313.png","3.5","cashback","false","undefined"
"kick","https://kickpay.co/activate/purelyalpaca?source=rewardist","PurelyAlpaca","purelyalpaca","https://ui.awin.com/images/upload/merchant/profile/88827.png","7.5","cashback","false","undefined"
"kick","https://kickpay.co/activate/qbd-books?source=rewardist","QBD Books","qbdbooks","https://c.cfjump.com/Avatars/c2ae62d9-756b-4e4a-9279-ac72a5764032.png","4","cashback","false","undefined"
"kick","https://kickpay.co/activate/qt-hotels-and-resorts?source=rewardist","QT Hotels & Resorts","qthotelsandresorts","https://www.google.com/s2/favicons?domain=qthotels.com&sz=128","1","cashback","false","undefined"
"kick","https://kickpay.co/activate/qathu?source=rewardist","Qathu","qathu","https://www.google.com/s2/favicons?domain=onebioshop.com&sz=128","4.2","cashback","false","undefined"
"kick","https://kickpay.co/activate/qathu-k-beauty-store?source=rewardist","Qathu - K-Beauty Store","qathukbeautystore","https://www.google.com/s2/favicons?domain=qathu.com&sz=128","7","cashback","false","undefined"
"kick","https://kickpay.co/activate/qompass-voyage-limited?source=rewardist","Qompass Voyage Limited","qompassvoyagelimited","https://www.google.com/s2/favicons?domain=qeeq.com&sz=128","3.5","cashback","false","undefined"
"kick","https://kickpay.co/activate/quicklens?source=rewardist","Quicklens","quicklens","https://c.cfjump.com/Avatars/61e879b7-76e1-4c39-968f-7b67ffc539be.png","3.5","cashback","false","undefined"
"kick","https://kickpay.co/activate/quiksilver?source=rewardist","Quiksilver","quiksilver","https://c.cfjump.com/Avatars/bf35da74-55ab-4afa-9b4c-69a612c02764.png","5.5","cashback","false","undefined"
"kick","https://kickpay.co/activate/ravpower?source=rewardist","RAVPower","ravpower","https://www.google.com/s2/favicons?domain=ravpower.com&sz=128","5.5","cashback","false","undefined"
"kick","https://kickpay.co/activate/rc-and-co?source=rewardist","RC & Co","rcandco","https://c.cfjump.com/Avatars/e3fadee0-4359-4568-97f6-78cbb8c40b5c.png","7","cashback","false","undefined"
"kick","https://kickpay.co/activate/reliquia?source=rewardist","RELIQUIA","reliquia","https://c.cfjump.com/Avatars/10c3270d-2dab-4a7a-91eb-c1c8bd93dcea.png","7","cashback","false","undefined"
"kick","https://kickpay.co/activate/remic?source=rewardist","REMIC","remic","https://www.google.com/s2/favicons?domain=remic.ca&sz=128","14","cashback","false","undefined"
"kick","https://kickpay.co/activate/revo?source=rewardist","REVO","revo","https://ui.awin.com/images/upload/merchant/profile/127003.png","17.5","cashback","false","undefined"
"kick","https://kickpay.co/activate/rockbros?source=rewardist","ROCKBROS","rockbros","https://ui.awin.com/images/upload/merchant/profile/122456.png","4","cashback","false","undefined"
"kick","https://kickpay.co/activate/roka?source=rewardist","ROKA","roka","https://www.google.com/s2/favicons?domain=roka.com&sz=128","4.48","cashback","false","undefined"
"kick","https://kickpay.co/activate/ry-recreate-yourself?source=rewardist","RY - Recreate Yourself","ry","https://www.google.com/s2/favicons?domain=ry.com.au&sz=128","2.24","cashback","false","undefined"
"kick","https://kickpay.co/activate/raco?source=rewardist","Raco","raco","https://c.cfjump.com/Avatars/99e3475b-30b0-43a1-97ec-86074e2ba667.png","5","cashback","false","undefined"
"kick","https://kickpay.co/activate/radisson-hotel-group-apac?source=rewardist","Radisson Hotel Group  APAC","radissonhotelgroupapac","https://www.google.com/s2/favicons?domain=radisson.com&sz=128","2.8","cashback","false","undefined"
"kick","https://kickpay.co/activate/ragnok-technology-ltd?source=rewardist","Ragnok Technology Ltd.","ragnoktechnologyltd","https://www.google.com/s2/favicons?domain=ragnok.com&sz=128","10.5","cashback","false","undefined"
"kick","https://kickpay.co/activate/ray-ban-aus?source=rewardist","Ray-Ban AUS","rayban","https://www.google.com/s2/favicons?domain=ray-ban.com&sz=128","5.5","cashback","false","undefined"
"kick","https://kickpay.co/activate/red-equipment?source=rewardist","Red Equipment","redequipment","https://c.cfjump.com/Avatars/16a06769-de23-4fc5-9b62-235544e7fab5.png","7","cashback","false","undefined"
"kick","https://kickpay.co/activate/red-rat-clothing?source=rewardist","Red Rat Clothing","redratclothing","https://c.cfjump.com/Avatars/ae8567e6-a598-4b4d-8d8a-5742e3a98287.png","5.5","cashback","false","undefined"
"kick","https://kickpay.co/activate/regroup-media?source=rewardist","Regroup Media","regroupmedia","https://ui.awin.com/images/upload/merchant/profile/110972.png","7","cashback","false","undefined"
"kick","https://kickpay.co/activate/remedy-drinks?source=rewardist","Remedy Drinks","remedydrinks","https://c.cfjump.com/Avatars/6d3f4695-7f50-473e-99c5-e5d68a030fe5.png","5.5","cashback","false","undefined"
"kick","https://kickpay.co/activate/rene-caovilla?source=rewardist","Rene Caovilla","renecaovilla","https://www.google.com/s2/favicons?domain=renecaovilla.com&sz=128","2.24","cashback","false","undefined"
"kick","https://kickpay.co/activate/renogy-affiliate-program?source=rewardist","Renogy Affiliate Program","renogyaffiliateprogram","https://www.google.com/s2/favicons?domain=renogy.com&sz=128","6.5","cashback","false","undefined"
"kick","https://kickpay.co/activate/renovator-store?source=rewardist","Renovator Store","renovatorstore","https://c.cfjump.com/Avatars/b042d220-5131-448c-b600-09ca62b079fb.png","3.5","cashback","false","undefined"
"kick","https://kickpay.co/activate/renpho-au?source=rewardist","Renpho AU","renpho","https://www.google.com/s2/favicons?domain=renpho.au&sz=128","3.5","cashback","false","undefined"
"kick","https://kickpay.co/activate/rentcars-2-ww?source=rewardist","Rentcars 2 (WW)","rentcars2ww","https://www.google.com/s2/favicons?domain=rentcars.com&sz=128","11.9","cashback","false","undefined"
"kick","https://kickpay.co/activate/respecthealth?source=rewardist","RespectHealth","respecthealth","https://www.google.com/s2/favicons?domain=respecthealth.com.au&sz=128","0.56","cashback","false","undefined"
"kick","https://kickpay.co/activate/restaurant-com?source=rewardist","Restaurant.com","restaurant","https://www.google.com/s2/favicons?domain=restaurant.com&sz=128","11.2","cashback","false","undefined"
"kick","https://kickpay.co/activate/retro-stage?source=rewardist","Retro Stage","retrostage","https://www.google.com/s2/favicons?domain=retro-stage.com&sz=128","7","cashback","false","undefined"
"kick","https://kickpay.co/activate/ride-electric?source=rewardist","Ride Electric","rideelectric","https://c.cfjump.com/Avatars/3313740b-67bf-4562-a381-5556c6770e04.png","3","cashback","false","undefined"
"kick","https://kickpay.co/activate/riibase-all-in-one-crm?source=rewardist","Riibase - All in One CRM","riibaseallinonecrm","https://www.google.com/s2/favicons?domain=riibase.com&sz=128","52.5","cashback","false","undefined"
"kick","https://kickpay.co/activate/rinkit-aus?source=rewardist","Rinkit AUS","rinkits","https://ui.awin.com/images/upload/merchant/profile/115124.png","7","cashback","false","undefined"
"kick","https://kickpay.co/activate/rio-beverages?source=rewardist","Rio Beverages","riobeverages","https://ui.awin.com/images/upload/merchant/profile/116339.png","10.5","cashback","false","undefined"
"kick","https://kickpay.co/activate/rip-curl?source=rewardist","Rip Curl","ripcurl","https://c.cfjump.com/Avatars/55040c12-3f50-4788-9c87-cba8a732aada.png","3.5","cashback","false","undefined"
"kick","https://kickpay.co/activate/roamable?source=rewardist","Roamable","roamable","https://ui.awin.com/images/upload/merchant/profile/118127.png","7","cashback","false","undefined"
"kick","https://kickpay.co/activate/roberto-cavalli?source=rewardist","Roberto Cavalli","robertocavalli","https://content.flexlinks.com/SharedImages/ProgramSquareLogo/240064.png","4.2","cashback","false","undefined"
"kick","https://kickpay.co/activate/robins-kitchen?source=rewardist","Robins Kitchen","robinskitchen","https://c.cfjump.com/Avatars/8dfa365e-b609-4b4f-9c13-43bb217cd055.png","2","cashback","false","undefined"
"kick","https://kickpay.co/activate/robinsons?source=rewardist","Robinsons","robinsons","https://c.cfjump.com/Avatars/e481e08e-9ab0-4b4e-8e19-9495268d74f7.png","3.5","cashback","false","undefined"
"kick","https://kickpay.co/activate/roborock?source=rewardist","Roborock","roborock","https://merchant.linksynergy.com/fs/logo/lg_53108","3","cashback","false","undefined"
"kick","https://kickpay.co/activate/roborock-se?source=rewardist","Roborock SE","roborockse","https://www.google.com/s2/favicons?domain=se.roborock.com&sz=128","6.72","cashback","false","undefined"
"kick","https://kickpay.co/activate/rowabi-llc?source=rewardist","Rowabi LLC","rowabillc","https://www.google.com/s2/favicons?domain=rowabi.com&sz=128","3.5","cashback","false","undefined"
"kick","https://kickpay.co/activate/roxy?source=rewardist","Roxy","roxy","https://c.cfjump.com/Avatars/6a553f3d-0883-433e-80f6-10688a51ce3a.png","5.5","cashback","false","undefined"
"kick","https://kickpay.co/activate/rugone?source=rewardist","RugOne","rugone","https://www.google.com/s2/favicons?domain=store.rugone.net&sz=128","2.1","cashback","false","undefined"
"kick","https://kickpay.co/activate/rydges-hotels-and-resorts?source=rewardist","Rydges Hotels & Resorts","rydgeshotels","https://www.google.com/s2/favicons?domain=rydges.com&sz=128","1.5","cashback","false","undefined"
"kick","https://kickpay.co/activate/sans-drinks?source=rewardist","SANS DRINKS","sansdrinks","https://c.cfjump.com/Avatars/c48b9beb-66eb-4fe8-9dff-0802516466a7.png","4","cashback","false","undefined"
"kick","https://kickpay.co/activate/sansi-led-lighting-inc?source=rewardist","SANSI LED LIGHTING INC.","sansiledlightinginc","https://ui.awin.com/images/upload/merchant/profile/90057.png","5.5","cashback","false","undefined"
"kick","https://kickpay.co/activate/shokz-au?source=rewardist","SHOKZ AU","shokz","https://www.google.com/s2/favicons?domain=shokz.com.au&sz=128","4.48","cashback","false","undefined"
"kick","https://kickpay.co/activate/silk-laundry?source=rewardist","SILK LAUNDRY","silklaundry","https://c.cfjump.com/Avatars/6f91e6a9-76d0-408b-9bd9-89ba3ed0bc10.png","14","cashback","false","undefined"
"kick","https://kickpay.co/activate/sirui?source=rewardist","SIRUI","sirui","https://ui.awin.com/images/upload/merchant/profile/76364.png","3.5","cashback","false","undefined"
"kick","https://kickpay.co/activate/sndys?source=rewardist","SNDYS","sndys","https://c.cfjump.com/Avatars/0ce17b2d-1b26-490b-aed7-dfbadab1dc55.png","1.5","cashback","false","undefined"
"kick","https://kickpay.co/activate/sss-hair?source=rewardist","SSS Hair","ssshair","https://c.cfjump.com/Avatars/df38e9bd-48d3-40df-baf6-a7eef79c8bdb.png","4","cashback","false","undefined"
"kick","https://kickpay.co/activate/sweat-au?source=rewardist","SWEAT AU","sweat","https://content.flexlinks.com/SharedImages/ProgramSquareLogo/245234.png","8","cashback","true","undefined"
"kick","https://kickpay.co/activate/sand-and-sky?source=rewardist","Sand&Sky","sandandsky","https://www.google.com/s2/favicons?domain=sandandsky.com&sz=128","1.5","cashback","false","undefined"
"kick","https://kickpay.co/activate/sass-clothing?source=rewardist","Sass Clothing","sassclothing","https://c.cfjump.com/Avatars/64eb4fc6-ae07-4643-a0ba-5f1aad223164.png","7","cashback","false","undefined"
"kick","https://kickpay.co/activate/sassy-organics?source=rewardist","Sassy Organics","sassyorganics","https://c.cfjump.com/Avatars/3451187c-97e4-4855-9442-1dcb25c48608.png","3.5","cashback","false","undefined"
"kick","https://kickpay.co/activate/scarosso?source=rewardist","Scarosso","scarosso","https://content.flexlinks.com/SharedImages/ProgramSquareLogo/187396.png","4.48","cashback","false","undefined"
"kick","https://kickpay.co/activate/scent-box?source=rewardist","Scent Box","scentbox","https://c.cfjump.com/Avatars/833fbae5-f633-462c-a123-acf726334d52.png","7","cashback","false","undefined"
"kick","https://kickpay.co/activate/scentbox-com?source=rewardist","ScentBox.com","scentbox","https://ui.awin.com/images/upload/merchant/profile/89547.png","560","cashback","true","undefined"
"kick","https://kickpay.co/activate/schots-home-emporium?source=rewardist","Schots Home Emporium","schotshomeemporium","https://c.cfjump.com/Avatars/0560656f-0125-4a99-8cdc-ecb3729791da.png","2","cashback","false","undefined"
"kick","https://kickpay.co/activate/scoopon?source=rewardist","Scoopon","scoopon","https://content.flexlinks.com/SharedImages/ProgramSquareLogo/193242.png","0.56","cashback","false","undefined"
"kick","https://kickpay.co/activate/scribendi?source=rewardist","Scribendi","scribendi","https://ui.awin.com/images/upload/merchant/profile/89319.png","10.5","cashback","false","undefined"
"kick","https://kickpay.co/activate/sebastian-cruz-couture?source=rewardist","Sebastian Cruz Couture","sebastiancruzcouture","https://ui.awin.com/images/upload/merchant/profile/88999.png","7","cashback","false","undefined"
"kick","https://kickpay.co/activate/segway-ninebot?source=rewardist","Segway-Ninebot","segwayninebot","https://merchant.linksynergy.com/fs/logo/lg_53127","3","cashback","false","undefined"
"kick","https://kickpay.co/activate/sephora-australia?source=rewardist","Sephora Australia","sephora","https://content.flexlinks.com/SharedImages/ProgramSquareLogo/243975.png","2.24","cashback","false","undefined"
"kick","https://kickpay.co/activate/shark-au?source=rewardist","Shark AU","shark","https://content.flexlinks.com/SharedImages/ProgramSquareLogo/239985.png","2.8","cashback","false","undefined"
"kick","https://kickpay.co/activate/sheike-au?source=rewardist","Sheike AU","sheike","https://logo.clearbit.com/sheike.com.au","4","cashback","false","undefined"
"kick","https://kickpay.co/activate/shenzhen-maiqiwei-technology-co-ltd?source=rewardist","Shenzhen MaiQiWei Technology Co., Ltd","shenzhenmaiqiweitechnologycoltd","https://ui.awin.com/images/upload/merchant/profile/40148.png","9","cashback","false","undefined"
"kick","https://kickpay.co/activate/shiels-jewellers?source=rewardist","Shiels Jewellers","shielsjewellers","https://merchant.linksynergy.com/fs/logo/lg_53948","8","cashback","false","undefined"
"kick","https://kickpay.co/activate/shiseido?source=rewardist","Shiseido","shiseido","https://www.google.com/s2/favicons?domain=shiseido.com&sz=128","10.08","cashback","false","undefined"
"kick","https://kickpay.co/activate/sidi?source=rewardist","Sidi","sidi","https://www.google.com/s2/favicons?domain=sidi.com&sz=128","4","cashback","false","undefined"
"kick","https://kickpay.co/activate/simon-carter?source=rewardist","Simon Carter","simoncarter","https://content.flexlinks.com/SharedImages/ProgramSquareLogo/177522.png","5.04","cashback","false","undefined"
"kick","https://kickpay.co/activate/simply-wholesale?source=rewardist","Simply Wholesale","simplywholesale","/logos/rakuten/simply-wholesale.png","5","cashback","false","undefined"
"kick","https://kickpay.co/activate/sin-eyewear?source=rewardist","Sin Eyewear","sineyewear","/logos/rakuten/sin-eyewear.png","8","cashback","false","undefined"
"kick","https://kickpay.co/activate/sinocare?source=rewardist","Sinocare","sinocare","https://ui.awin.com/images/upload/merchant/profile/114180.png","8.5","cashback","false","undefined"
"kick","https://kickpay.co/activate/sinocrafted?source=rewardist","Sinocrafted","sinocrafted","https://www.google.com/s2/favicons?domain=sinocrafted.com&sz=128","14","cashback","false","undefined"
"kick","https://kickpay.co/activate/siren-shoes?source=rewardist","Siren Shoes","sirenshoes","https://c.cfjump.com/Avatars/2f1f2192-69cd-4109-b340-069dd4ddcc42.png","3.5","cashback","false","undefined"
"kick","https://kickpay.co/activate/sisterparty?source=rewardist","Sisterparty","sisterparty","https://www.google.com/s2/favicons?domain=sisterparty.com&sz=128","1.5","cashback","false","undefined"
"kick","https://kickpay.co/activate/skin-control-au?source=rewardist","Skin Control AU","skincontrol","https://content.flexlinks.com/SharedImages/ProgramSquareLogo/239548.png","4.2","cashback","false","undefined"
"kick","https://kickpay.co/activate/skyparksecure?source=rewardist","SkyParkSecure","skyparksecure","https://content.flexlinks.com/SharedImages/ProgramSquareLogo/245213.png","1.12","cashback","false","undefined"
"kick","https://kickpay.co/activate/skylark-travel-group?source=rewardist","Skylark Travel Group","skylarktravelgroup","https://ui.awin.com/images/upload/merchant/profile/106305.png","14","cashback","false","undefined"
"kick","https://kickpay.co/activate/slicethepie?source=rewardist","Slicethepie","slicethepie","https://www.google.com/s2/favicons?domain=slicethepie.com&sz=128","7","cashback","false","undefined"
"kick","https://kickpay.co/activate/smartbuyglasses?source=rewardist","SmartBuyGlasses","smartbuyglasses","https://www.google.com/s2/favicons?domain=smartbuyglasses.com&sz=128","5.6","cashback","false","undefined"
"kick","https://kickpay.co/activate/smartbuyglasses-sea?source=rewardist","SmartBuyGlasses SEA","smartbuyglassessea","https://c.cfjump.com/Avatars/9c6a11be-b2ce-4968-af0e-365c22bff900.png","3.5","cashback","false","undefined"
"kick","https://kickpay.co/activate/smartravel-ebike?source=rewardist","Smartravel Ebike","smartravelebike","https://content.flexlinks.com/SharedImages/ProgramSquareLogo/237582.png","1.68","cashback","false","undefined"
"kick","https://kickpay.co/activate/smartwings?source=rewardist","Smartwings","smartwings","https://www.google.com/s2/favicons?domain=smartwingshome.com&sz=128","0.5","cashback","false","undefined"
"kick","https://kickpay.co/activate/smoke-cartel?source=rewardist","Smoke Cartel","smokecartel","https://ui.awin.com/images/upload/merchant/profile/77378.png","3.5","cashback","false","undefined"
"kick","https://kickpay.co/activate/snap-rentals?source=rewardist","Snap Rentals","snaprentals","https://merchant.linksynergy.com/fs/logo/lg_53420","6.5","cashback","false","undefined"
"kick","https://kickpay.co/activate/snooza-pet-products?source=rewardist","Snooza Pet Products","snooza","https://c.cfjump.com/Avatars/71db6973-1fa1-4fcb-bb65-b5a79fa203d9.png","5.5","cashback","false","undefined"
"kick","https://kickpay.co/activate/snoremeds-llc?source=rewardist","SnoreMeds LLC","snoremedsllc","https://ui.awin.com/images/upload/merchant/profile/82539.png","17.5","cashback","false","undefined"
"kick","https://kickpay.co/activate/socialpilot?source=rewardist","SocialPilot","socialpilot","https://www.google.com/s2/favicons?domain=socialpilot.co&sz=128","14","cashback","false","undefined"
"kick","https://kickpay.co/activate/sockerbit?source=rewardist","Sockerbit","sockerbit","https://www.google.com/s2/favicons?domain=sockerbit.com&sz=128","5.6","cashback","false","undefined"
"kick","https://kickpay.co/activate/solbari?source=rewardist","Solbari","solbari","https://c.cfjump.com/Avatars/13ba5bc0-9ea9-491f-ac18-59f8b83b7cfd.png","5.5","cashback","false","undefined"
"kick","https://kickpay.co/activate/sole-fitness?source=rewardist","Sole Fitness","solefitness","https://www.google.com/s2/favicons?domain=soletreadmills.com&sz=128","8.4","cashback","false","undefined"
"kick","https://kickpay.co/activate/solidteknics?source=rewardist","Solidteknics","solidteknics","https://c.cfjump.com/Avatars/7e155661-7166-469a-90e8-020508c6fdd8.png","5.5","cashback","false","undefined"
"kick","https://kickpay.co/activate/sonos-apac?source=rewardist","Sonos APAC","sonosapac","https://www.google.com/s2/favicons?domain=sonos.com&sz=128","2","cashback","false","undefined"
"kick","https://kickpay.co/activate/soon-maternity?source=rewardist","Soon Maternity","soonmaternity","https://c.cfjump.com/Avatars/510fa65d-7f5e-4d2a-b49c-618feb2a9412.png","7","cashback","false","undefined"
"kick","https://kickpay.co/activate/sotodealsllc?source=rewardist","SotoDealsLLC","sotodealsllc","https://ui.awin.com/images/upload/merchant/profile/49185.png","17.5","cashback","false","undefined"
"kick","https://kickpay.co/activate/southwest-airlines-rapid-rewards-points-com?source=rewardist","Southwest Airlines Rapid Rewards - Points.com","southwestairlinesrapidrewardspoints","https://www.google.com/s2/favicons?domain=points.com&sz=128","2","cashback","false","undefined"
"kick","https://kickpay.co/activate/space-general?source=rewardist","Space General","spacegeneral","https://c.cfjump.com/Avatars/01c76fc5-fe21-4f15-b8e4-46471f637544.png","7","cashback","false","undefined"
"kick","https://kickpay.co/activate/speedo?source=rewardist","Speedo","speedo","https://c.cfjump.com/Avatars/969fa113-ef24-4750-ab54-75dc1adc3fa9.png","7","cashback","false","undefined"
"kick","https://kickpay.co/activate/spell?source=rewardist","Spell","spell","https://c.cfjump.com/Avatars/416cc4e3-730f-408f-ae6b-35a044380db6.png","3.5","cashback","false","undefined"
"kick","https://kickpay.co/activate/spicers-retreats?source=rewardist","Spicers Retreats","spicersretreats","https://c.cfjump.com/Avatars/e7d75067-63dc-4fba-b0fd-d2d879ea804d.png","4","cashback","false","undefined"
"kick","https://kickpay.co/activate/springfree-trampoline-au?source=rewardist","Springfree Trampoline AU","springfreetrampoline","https://c.cfjump.com/Avatars/6fac0c83-c4fa-45a8-8e6b-7f1ae415ac43.png","3.5","cashback","false","undefined"
"kick","https://kickpay.co/activate/st-frock-au?source=rewardist","St.Frock AU","stfrock","https://www.google.com/s2/favicons?domain=stfrock.com.au&sz=128","0.7","cashback","false","undefined"
"kick","https://kickpay.co/activate/stan-cash-electrical-bed?source=rewardist","Stan Cash Electrical, Bed","stancashelectricalbed","https://merchant.linksynergy.com/fs/logo/lg_53996","3.85","cashback","false","undefined"
"kick","https://kickpay.co/activate/star-naming?source=rewardist","Star-Naming","starnaming","https://ui.awin.com/images/upload/merchant/profile/78138.png","3.5","cashback","false","undefined"
"kick","https://kickpay.co/activate/starlight-lighting?source=rewardist","Starlight Lighting","starlightlighting","https://ui.awin.com/images/upload/merchant/profile/89797.png","7.5","cashback","false","undefined"
"kick","https://kickpay.co/activate/steve-madden-au?source=rewardist","Steve Madden AU","stevemadden","https://www.google.com/s2/favicons?domain=stevemadden.com.au&sz=128","7","cashback","false","undefined"
"kick","https://kickpay.co/activate/strawberrynet?source=rewardist","Strawberrynet","strawberrynet","https://www.google.com/s2/favicons?domain=strawberrynet.com&sz=128","2.52","cashback","false","undefined"
"kick","https://kickpay.co/activate/striking-viking?source=rewardist","Striking Viking","strikingviking","https://www.google.com/s2/favicons?domain=vikingbeardgear.com&sz=128","7","cashback","false","undefined"
"kick","https://kickpay.co/activate/stuhrling-original?source=rewardist","Stuhrling Original","stuhrlingoriginal","https://www.google.com/s2/favicons?domain=stuhrling.com&sz=128","8.4","cashback","false","undefined"
"kick","https://kickpay.co/activate/stumptown-coffee-roasters?source=rewardist","Stumptown Coffee Roasters","stumptowncoffeeroasters","https://ui.awin.com/images/upload/merchant/profile/35221.png","5.5","cashback","false","undefined"
"kick","https://kickpay.co/activate/stylewe?source=rewardist","StyleWe","stylewe","https://content.flexlinks.com/SharedImages/ProgramSquareLogo/180860.png","7.84","cashback","false","undefined"
"kick","https://kickpay.co/activate/styletread?source=rewardist","Styletread","styletread","https://c.cfjump.com/Avatars/d8afff2a-1f43-469b-906d-9c2266362555.png","3","cashback","false","undefined"
"kick","https://kickpay.co/activate/stylevana?source=rewardist","Stylevana","stylevana","https://c.cfjump.com/Avatars/4b18bd93-f41f-45c5-b205-56897eec30a7.png","5","cashback","false","undefined"
"kick","https://kickpay.co/activate/stylevana-affiliate-program?source=rewardist","Stylevana Affiliate Program","stylevanaaffiliateprogram","https://www.google.com/s2/favicons?domain=stylevana.com&sz=128","0.03","cashback","false","undefined"
"kick","https://kickpay.co/activate/summi-summi?source=rewardist","Summi Summi","summisummi","https://c.cfjump.com/Avatars/ad6d9479-6d59-4af9-8f24-d88d5e8abc11.png","7","cashback","false","undefined"
"kick","https://kickpay.co/activate/sunday-bedding?source=rewardist","Sunday Bedding","sundaybedding","https://c.cfjump.com/Avatars/fde57353-1034-4494-a53d-a9947eabfeea.png","7","cashback","false","undefined"
"kick","https://kickpay.co/activate/sunglass-hut-aus?source=rewardist","Sunglass Hut AUS","sunglasshuts","https://www.google.com/s2/favicons?domain=sunglasshut.com&sz=128","5.5","cashback","false","undefined"
"kick","https://kickpay.co/activate/sunport-airport-parking?source=rewardist","Sunport Airport Parking","sunportairportparking","https://www.google.com/s2/favicons?domain=booking.apsunport.com&sz=128","4.2","cashback","false","undefined"
"kick","https://kickpay.co/activate/super-sleeper-pro?source=rewardist","Super Sleeper Pro","supersleeper","https://c.cfjump.com/Avatars/0167bc23-365a-44da-bb22-7d6c12be5f0b.png","7","cashback","false","undefined"
"kick","https://kickpay.co/activate/superspares?source=rewardist","Superspares","superspares","https://c.cfjump.com/Avatars/5420b7a8-6b4a-4667-9aa0-f8a926a479ae.png","3.5","cashback","false","undefined"
"kick","https://kickpay.co/activate/supplement-mart?source=rewardist","Supplement Mart","supplementmart","https://c.cfjump.com/Avatars/45ab0541-cf04-4769-bbc6-c5b558119650.png","3","cashback","false","undefined"
"kick","https://kickpay.co/activate/supre?source=rewardist","Supre","supre","https://merchant.linksynergy.com/fs/logo/lg_41308","5","cashback","false","undefined"
"kick","https://kickpay.co/activate/surf-dive-n-ski?source=rewardist","Surf Dive 'n Ski","surfdivenski","https://c.cfjump.com/Avatars/96d56657-783a-4772-97db-073f68bd8c54.png","6","cashback","false","undefined"
"kick","https://kickpay.co/activate/surfshark?source=rewardist","Surfshark","surfshark","https://www.google.com/s2/favicons?domain=surfshark.com&sz=128","28","cashback","false","undefined"
"kick","https://kickpay.co/activate/swanson-health-products?source=rewardist","Swanson Health Products","swansonhealthproducts","https://www.google.com/s2/favicons?domain=swansonvitamins.com&sz=128","1.68","cashback","false","undefined"
"kick","https://kickpay.co/activate/sweethome?source=rewardist","Sweethome","sweethome","https://ui.awin.com/images/upload/merchant/profile/37526.png","7","cashback","false","undefined"
"kick","https://kickpay.co/activate/t2-tea?source=rewardist","T2 Tea","t2","https://logo.clearbit.com/t2tea.com","3.5","cashback","false","undefined"
"kick","https://kickpay.co/activate/the-bad-peach?source=rewardist","THE BAD PEACH","thebadpeach","https://ui.awin.com/images/upload/merchant/profile/125162.png","7","cashback","false","undefined"
"kick","https://kickpay.co/activate/tsb-living?source=rewardist","TSB Living","tsbliving","https://c.cfjump.com/Avatars/7f68aad5-f4ef-46d7-87f9-ce2e45629dcf.png","3.5","cashback","false","undefined"
"kick","https://kickpay.co/activate/tvcmall?source=rewardist","TVCMALL","tvcmall","https://www.google.com/s2/favicons?domain=tvcmall.com&sz=128","7.5","cashback","false","undefined"
"kick","https://kickpay.co/activate/twyg-skincare?source=rewardist","TWYG Skincare","twygskincare","https://merchant.linksynergy.com/fs/logo/lg_54127","5","cashback","false","undefined"
"kick","https://kickpay.co/activate/tangerine-telecom?source=rewardist","Tangerine Telecom","tangerine","https://c.cfjump.com/Avatars/9777a59b-0dbe-4421-a587-348ccca13be2.png","10.5","cashback","false","undefined"
"kick","https://kickpay.co/activate/tangerine-telecom-au?source=rewardist","Tangerine Telecom AU","tangerine","https://content.flexlinks.com/SharedImages/ProgramSquareLogo/234961.png","8.4","cashback","false","undefined"
"kick","https://kickpay.co/activate/taro-au?source=rewardist","Taro AU","taro","https://content.flexlinks.com/SharedImages/ProgramSquareLogo/171063.png","2.8","cashback","false","undefined"
"kick","https://kickpay.co/activate/tech-sales-online?source=rewardist","Tech Sales Online","techsalesonline","https://c.cfjump.com/Avatars/9fc06539-e590-4837-9fed-605fa10207f0.png","3.5","cashback","false","undefined"
"kick","https://kickpay.co/activate/tech-with-abdullah-affiliate-program?source=rewardist","Tech With Abdullah Affiliate Program","techwithabdullahaffiliateprogram","https://ui.awin.com/images/upload/merchant/profile/126951.png","10.5","cashback","false","undefined"
"kick","https://kickpay.co/activate/technogym-australia?source=rewardist","Technogym Australia","technogym","https://c.cfjump.com/Avatars/dafb655f-d9f8-41b5-bdb8-9ea747dc7bb3.png","3.5","cashback","false","undefined"
"kick","https://kickpay.co/activate/tefal-au?source=rewardist","Tefal AU","tefal","https://c.cfjump.com/Avatars/db0f76ce-cce6-4860-a80e-000db055b6e1.png","7","cashback","false","undefined"
"kick","https://kickpay.co/activate/temu?source=rewardist","Temu","temu","https://www.google.com/s2/favicons?domain=temu.com&sz=128","21","cashback","false","undefined"
"kick","https://kickpay.co/activate/the-aeternum-company?source=rewardist","The Aeternum Company","theaeternumcompany","https://ui.awin.com/images/upload/merchant/profile/82371.png","7","cashback","false","undefined"
"kick","https://kickpay.co/activate/the-australian-organic?source=rewardist","The Australian Organic","thenorganic","https://c.cfjump.com/Avatars/3f07c1d7-2ad3-4252-a589-2f88a9b0b641.png","3.5","cashback","false","undefined"
"kick","https://kickpay.co/activate/the-australian-wine?source=rewardist","The Australian Wine","thenwine","https://content.flexlinks.com/SharedImages/ProgramSquareLogo/241385.png","5.6","cashback","false","undefined"
"kick","https://kickpay.co/activate/the-ayurveda-experience?source=rewardist","The Ayurveda Experience","theayurvedaexperience","https://c.cfjump.com/Avatars/d9dc8385-792b-4b72-8d1b-a0c10235d84a.png","10.5","cashback","false","undefined"
"kick","https://kickpay.co/activate/the-bayesian-school-of-technological-development-ltd-bstd?source=rewardist","The Bayesian School of Technological Development Ltd [bstd]","thebayesianschooloftechnologicaldevelopmentltdbstd","https://www.google.com/s2/favicons?domain=bstd.ai&sz=128","14","cashback","false","undefined"
"kick","https://kickpay.co/activate/the-beauty-chef?source=rewardist","The Beauty Chef","thebeautychef","https://c.cfjump.com/Avatars/9c603a03-7922-467d-9ede-6ae5b7b0c2fe.png","3.5","cashback","false","undefined"
"kick","https://kickpay.co/activate/the-collagen-co?source=rewardist","The Collagen Co.","thecollagenco","https://merchant.linksynergy.com/fs/logo/lg_47026","1","cashback","false","undefined"
"kick","https://kickpay.co/activate/the-daily-edited?source=rewardist","The Daily Edited","thedailyedited","https://c.cfjump.com/Avatars/4e1e42ae-265a-423e-b9c2-ffcf480ca080.png","10.5","cashback","false","undefined"
"kick","https://kickpay.co/activate/the-dress-outlet?source=rewardist","The Dress Outlet","thedressoutlet","https://ui.awin.com/images/upload/merchant/profile/110502.png","3.5","cashback","false","undefined"
"kick","https://kickpay.co/activate/the-fable?source=rewardist","The Fable","thefable","https://c.cfjump.com/Avatars/36905d4e-1f47-408d-890c-a0a30da8df37.png","12","cashback","false","undefined"
"kick","https://kickpay.co/activate/the-futon-shop?source=rewardist","The Futon Shop","thefutonshop","https://ui.awin.com/images/upload/merchant/profile/19236.png","3.5","cashback","false","undefined"
"kick","https://kickpay.co/activate/the-good-guys?source=rewardist","The Good Guys","thegoodguys","https://cdn.shopify.com/s/files/1/0840/4392/3767/files/The_Good_Guys_logo_square.svg","3","cashback","false","undefined"
"kick","https://kickpay.co/activate/the-gut-co?source=rewardist","The Gut Co","thegutco","/logos/rakuten/the-gut-co.png","10","cashback","false","undefined"
"kick","https://kickpay.co/activate/the-healthy-mummy?source=rewardist","The Healthy Mummy","thehealthymummy","https://www.google.com/s2/favicons?domain=secure.healthymummy.com&sz=128","4.2","cashback","false","undefined"
"kick","https://kickpay.co/activate/the-inner-technology-llc?source=rewardist","The Inner Technology LLC","theinnertechnologyllc","https://ui.awin.com/images/upload/merchant/profile/93343.png","70","cashback","false","undefined"
"kick","https://kickpay.co/activate/the-jojoba-company?source=rewardist","The Jojoba Company","thejojobacompany","https://c.cfjump.com/Avatars/0df22289-7151-4d6c-b3df-22e547760869.png","5.5","cashback","false","undefined"
"kick","https://kickpay.co/activate/the-leveraged-years?source=rewardist","The Leveraged Years","theleveragedyears","https://ui.awin.com/images/upload/merchant/profile/128279.png","35","cashback","false","undefined"
"kick","https://kickpay.co/activate/the-meat-box?source=rewardist","The Meat Box","themeatbox","https://c.cfjump.com/Avatars/5102153b-a1df-47d4-b4b2-4fa171378ef5.png","3.5","cashback","false","undefined"
"kick","https://kickpay.co/activate/the-north-face-australia?source=rewardist","The North Face Australia","thenorthface","https://c.cfjump.com/Avatars/975270d0-9fd3-4b25-8094-1667a18a2098.png","7","cashback","false","undefined"
"kick","https://kickpay.co/activate/the-personal-barber?source=rewardist","The Personal Barber","thepersonalbarber","https://content.flexlinks.com/SharedImages/ProgramSquareLogo/248902.png","5.04","cashback","false","undefined"
"kick","https://kickpay.co/activate/the-somewhere-co?source=rewardist","The Somewhere Co.","thesomewhereco","https://c.cfjump.com/Avatars/09a0cc80-5705-415a-8d91-f54dcb84d052.png","1.5","cashback","false","undefined"
"kick","https://kickpay.co/activate/the-teabook?source=rewardist","The TeaBook","theteabook","https://ui.awin.com/images/upload/merchant/profile/88557.png","7","cashback","false","undefined"
"kick","https://kickpay.co/activate/the-trybe?source=rewardist","The Trybe","thetrybe","https://c.cfjump.com/Avatars/b7314178-fe0e-4703-9581-a711896b3134.png","2","cashback","false","undefined"
"kick","https://kickpay.co/activate/the-ugg-shop?source=rewardist","The UGG Shop","theuggshop","https://c.cfjump.com/Avatars/349b0943-c2c7-4029-9311-dea47987f3cb.png","7","cashback","false","undefined"
"kick","https://kickpay.co/activate/the-vibe-tribe-shevibe-s-partner-program?source=rewardist","The Vibe Tribe | SheVibe's Partner Program","thevibetribeshevibespartnerprogram","https://www.google.com/s2/favicons?domain=shevibe.com&sz=128","7","cashback","false","undefined"
"kick","https://kickpay.co/activate/the-wod-life-au?source=rewardist","The WOD Life AU","thewodlife","/logos/rakuten/twl.jpg","3","cashback","false","undefined"
"kick","https://kickpay.co/activate/the-well-store?source=rewardist","The Well Store","thewellstore","https://c.cfjump.com/Avatars/922640da-2e62-4e48-83cd-ffabc72287ac.png","5","cashback","false","undefined"
"kick","https://kickpay.co/activate/the-whisky-club?source=rewardist","The Whisky Club","thewhiskyclub","https://content.flexlinks.com/SharedImages/ProgramSquareLogo/235388.png","8","cashback","true","undefined"
"kick","https://kickpay.co/activate/the-wine-collective?source=rewardist","The Wine Collective","thewinecollective","https://www.google.com/s2/favicons?domain=thewinecollective.com.au&sz=128","7","cashback","false","undefined"
"kick","https://kickpay.co/activate/this-is-beauty-llc?source=rewardist","This is Beauty LLC","thisisbeautyllc","https://ui.awin.com/images/upload/merchant/profile/79402.png","14","cashback","false","undefined"
"kick","https://kickpay.co/activate/thrill-experiences?source=rewardist","Thrill Experiences","thrillexperiences","https://c.cfjump.com/Avatars/a5803daa-c783-4554-804c-d7f739088fee.png","3.5","cashback","false","undefined"
"kick","https://kickpay.co/activate/ticketnetwork?source=rewardist","TicketNetwork","ticketnetwork","https://www.google.com/s2/favicons?domain=ticketnetwork.com&sz=128","8.75","cashback","false","undefined"
"kick","https://kickpay.co/activate/tickstory?source=rewardist","Tickstory","tickstory","https://content.flexlinks.com/SharedImages/ProgramSquareLogo/178894.png","8.4","cashback","false","undefined"
"kick","https://kickpay.co/activate/ticombo-apac?source=rewardist","Ticombo APAC","ticombo","https://www.google.com/s2/favicons?domain=ticombo.com&sz=128","5","cashback","false","undefined"
"kick","https://kickpay.co/activate/ticombo-europe?source=rewardist","Ticombo Europe","ticomboeurope","https://logo.clearbit.com/ticombo.com","4.9","cashback","false","undefined"
"kick","https://kickpay.co/activate/ticombo-germany?source=rewardist","Ticombo Germany","ticombogermany","https://logo.clearbit.com/ticombo.com","4.9","cashback","false","undefined"
"kick","https://kickpay.co/activate/ticombo-latam?source=rewardist","Ticombo LATAM","ticombolatam","https://logo.clearbit.com/ticombo.com","4.9","cashback","false","undefined"
"kick","https://kickpay.co/activate/ticombo-mexico?source=rewardist","Ticombo Mexico","ticombomexico","https://logo.clearbit.com/ticombo.com","4.9","cashback","false","undefined"
"kick","https://kickpay.co/activate/ticombo-singapore?source=rewardist","Ticombo Singapore","ticombosingapore","https://logo.clearbit.com/ticombo.com","4.9","cashback","false","undefined"
"kick","https://kickpay.co/activate/ticombo-spain?source=rewardist","Ticombo Spain","ticombospain","https://logo.clearbit.com/ticombo.com","4.9","cashback","false","undefined"
"kick","https://kickpay.co/activate/tiktok-shop-us-marketplaces?source=rewardist","TikTok Shop US - Marketplaces","tiktokshopusmarketplaces","https://www.google.com/s2/favicons?domain=tiktok.com&sz=128","0.34","cashback","false","undefined"
"kick","https://kickpay.co/activate/tineco-anz?source=rewardist","Tineco ANZ","tinecoanz","https://merchant.linksynergy.com/fs/logo/lg_53977","10","cashback","false","undefined"
"kick","https://kickpay.co/activate/tods-int?source=rewardist","Tods INT","todsint","https://www.google.com/s2/favicons?domain=tods.com&sz=128","3.36","cashback","false","undefined"
"kick","https://kickpay.co/activate/tonimay?source=rewardist","ToniMay","tonimay","https://c.cfjump.com/Avatars/1778e55d-d064-4415-9c9f-9303970c5345.png","5.5","cashback","false","undefined"
"kick","https://kickpay.co/activate/torro-au?source=rewardist","Torro AU","torro","https://ui.awin.com/images/upload/merchant/profile/120838.png","7","cashback","false","undefined"
"kick","https://kickpay.co/activate/totwoo-smart-couple-bracelets?source=rewardist","Totwoo - Smart Couple Bracelets","totwoosmartcouplebracelets","https://www.google.com/s2/favicons?domain=totwoo.com&sz=128","7","cashback","false","undefined"
"kick","https://kickpay.co/activate/tour-of-nyc?source=rewardist","Tour of NYC","tourofnyc","https://ui.awin.com/images/upload/merchant/profile/121256.png","7","cashback","false","undefined"
"kick","https://kickpay.co/activate/tours4fun?source=rewardist","Tours4fun","tours4fun","https://www.google.com/s2/favicons?domain=tours4fun.com&sz=128","3.5","cashback","false","undefined"
"kick","https://kickpay.co/activate/tower-hobbies?source=rewardist","Tower Hobbies","towerhobbies","https://www.google.com/s2/favicons?domain=towerhobbies.com&sz=128","1.68","cashback","false","undefined"
"kick","https://kickpay.co/activate/tradingcardsmarketplace-com?source=rewardist","TradingCardsMarketplace.com","tradingcardsmarketplace","https://www.google.com/s2/favicons?domain=tradingcardsmarketplace.com&sz=128","2.1","cashback","false","undefined"
"kick","https://kickpay.co/activate/travala-com?source=rewardist","Travala.com","travala","https://www.google.com/s2/favicons?domain=travala.com&sz=128","4","cashback","false","undefined"
"kick","https://kickpay.co/activate/travel-money-oz?source=rewardist","Travel Money Oz","travelmoneyoz","https://www.google.com/s2/favicons?domain=travelmoneyoz.com&sz=128","0.7","cashback","false","undefined"
"kick","https://kickpay.co/activate/travel-protect?source=rewardist","Travel Protect","travelprotect","https://www.google.com/s2/favicons?domain=travelprotect.au&sz=128","7","cashback","false","undefined"
"kick","https://kickpay.co/activate/travelonline?source=rewardist","TravelOnline","travelonline","https://c.cfjump.com/Avatars/cdd29f83-bda2-4f9f-ba1f-069f050d5c2a.png","7","cashback","false","undefined"
"kick","https://kickpay.co/activate/travello-backpacker-deals?source=rewardist","Travello/Backpacker Deals","travellobackpackerdeals","https://ui.awin.com/images/upload/merchant/profile/95985.png","3","cashback","false","undefined"
"kick","https://kickpay.co/activate/traverseon?source=rewardist","Traverseon","traverseon","https://ui.awin.com/images/upload/merchant/profile/124816.png","14","cashback","false","undefined"
"kick","https://kickpay.co/activate/triumph?source=rewardist","Triumph","triumph","https://c.cfjump.com/Avatars/157cc7a2-2494-48e3-af3b-56f81da87b2b.png","7","cashback","false","undefined"
"kick","https://kickpay.co/activate/troop-messenger?source=rewardist","Troop Messenger","troopmessenger","https://www.google.com/s2/favicons?domain=troopmessenger.com&sz=128","35","cashback","false","undefined"
"kick","https://kickpay.co/activate/tropeaka?source=rewardist","Tropeaka","tropeaka","https://c.cfjump.com/Avatars/ac934e67-de06-48f0-abd4-5b2780248539.png","4","cashback","false","undefined"
"kick","https://kickpay.co/activate/tsarbomba?source=rewardist","Tsarbomba","tsarbomba","https://ui.awin.com/images/upload/merchant/profile/109230.png","7","cashback","false","undefined"
"kick","https://kickpay.co/activate/tuiss-blinds-online-au?source=rewardist","Tuiss Blinds Online AU","tuissblindsonline","https://ui.awin.com/images/upload/merchant/profile/115995.png","1.5","cashback","false","undefined"
"kick","https://kickpay.co/activate/tulio?source=rewardist","Tulio","tulio","https://c.cfjump.com/Avatars/86291bd7-0b2a-4ae0-97b6-cddd4aaf705c.png","3.5","cashback","false","undefined"
"kick","https://kickpay.co/activate/ugg-express?source=rewardist","UGG Express","uggexpress","https://c.cfjump.com/Avatars/957b2c8c-c526-4c7f-88a0-36f52709ae4e.png","5.5","cashback","false","undefined"
"kick","https://kickpay.co/activate/unice?source=rewardist","UNice","unice","https://www.google.com/s2/favicons?domain=unice.com&sz=128","0.03","cashback","false","undefined"
"kick","https://kickpay.co/activate/uperfect?source=rewardist","UPERFECT","uperfect","https://www.google.com/s2/favicons?domain=uperfectmonitor.com&sz=128","7","cashback","false","undefined"
"kick","https://kickpay.co/activate/uppababy?source=rewardist","UPPAbaby","uppababy","https://c.cfjump.com/Avatars/12ad54f3-a7a4-4d5b-930b-eff5f393abc0.png","5.5","cashback","false","undefined"
"kick","https://kickpay.co/activate/usa-guided-tours?source=rewardist","USA Guided Tours","usaguidedtours","https://ui.awin.com/images/upload/merchant/profile/37792.png","7","cashback","false","undefined"
"kick","https://kickpay.co/activate/ugeat-hair-official?source=rewardist","Ugeat Hair Official","ugeathairofficial","https://www.google.com/s2/favicons?domain=ugeat.com&sz=128","8.5","cashback","false","undefined"
"kick","https://kickpay.co/activate/ultrahuman-healthcare?source=rewardist","Ultrahuman Healthcare","ultrahumanhealthcare","https://www.google.com/s2/favicons?domain=ultrahuman.com&sz=128","5","cashback","false","undefined"
"kick","https://kickpay.co/activate/umall?source=rewardist","Umall","umall","https://c.cfjump.com/Avatars/4d14842e-3a5f-4264-b367-5bad1906e8dc.png","5","cashback","false","undefined"
"kick","https://kickpay.co/activate/under-armour?source=rewardist","Under Armour","underarmour","https://c.cfjump.com/Avatars/153b3be8-e080-465a-b6e6-9e1ffb027a53.png","5.5","cashback","false","undefined"
"kick","https://kickpay.co/activate/uniqpaid-com?source=rewardist","UniqPaid.com","uniqpaid","https://ui.awin.com/images/upload/merchant/profile/82935.png","105","cashback","true","undefined"
"kick","https://kickpay.co/activate/united-airlines-mileageplus-points-com?source=rewardist","United Airlines MileagePlus - Points.com","unitedairlinesmileagepluspoints","https://www.google.com/s2/favicons?domain=points.com&sz=128","2","cashback","false","undefined"
"kick","https://kickpay.co/activate/universal-herbs-inc?source=rewardist","Universal Herbs Inc","universalherbsinc","https://ui.awin.com/images/upload/merchant/profile/87805.png","7.5","cashback","false","undefined"
"kick","https://kickpay.co/activate/updown-desk?source=rewardist","UpDown Desk","updowndesk","https://c.cfjump.com/Avatars/925ad402-1224-4e87-a9f7-f89ad1804141.png","1.5","cashback","false","undefined"
"kick","https://kickpay.co/activate/vevor-au?source=rewardist","VEVOR AU","vevor","https://www.google.com/s2/favicons?domain=vevor.com.au&sz=128","3.5","cashback","false","undefined"
"kick","https://kickpay.co/activate/vip-cars?source=rewardist","VIP Cars","vipcars","https://www.google.com/s2/favicons?domain=vipcars.com&sz=128","35","cashback","false","undefined"
"kick","https://kickpay.co/activate/vip-hotels-ww?source=rewardist","VIP Hotels (WW)","viphotelsww","https://www.google.com/s2/favicons?domain=viphotels.com&sz=128","3","cashback","false","undefined"
"kick","https://kickpay.co/activate/vy-jewelry?source=rewardist","VY Jewelry","vyjewelry","https://www.google.com/s2/favicons?domain=vyjewelry.shop&sz=128","0.06","cashback","false","undefined"
"kick","https://kickpay.co/activate/varoninc?source=rewardist","Varoninc","varoninc","https://www.google.com/s2/favicons?domain=varoninc.com&sz=128","7","cashback","false","undefined"
"kick","https://kickpay.co/activate/vatrer?source=rewardist","Vatrer","vatrer","https://ui.awin.com/images/upload/merchant/profile/119703.png","7","cashback","false","undefined"
"kick","https://kickpay.co/activate/vawoo?source=rewardist","Vawoo","vawoo","https://ui.awin.com/images/upload/merchant/profile/117925.png","4","cashback","false","undefined"
"kick","https://kickpay.co/activate/velotric?source=rewardist","Velotric","velotric","https://www.google.com/s2/favicons?domain=velotricbike.com&sz=128","2.8","cashback","false","undefined"
"kick","https://kickpay.co/activate/verali-shoes?source=rewardist","Verali Shoes","veralishoes","https://content.flexlinks.com/SharedImages/ProgramSquareLogo/200713.png","5.6","cashback","false","undefined"
"kick","https://kickpay.co/activate/verdent?source=rewardist","Verdent","verdent","https://www.google.com/s2/favicons?domain=verdent.ai&sz=128","56","cashback","false","undefined"
"kick","https://kickpay.co/activate/veritickets?source=rewardist","Veritickets","veritickets","https://www.google.com/s2/favicons?domain=veritickets.com&sz=128","7","cashback","false","undefined"
"kick","https://kickpay.co/activate/verve-portraits?source=rewardist","Verve Portraits","verveportraits","https://c.cfjump.com/Avatars/4817f1c7-cb0e-4ade-8888-a61cfb31f788.png","14","cashback","false","undefined"
"kick","https://kickpay.co/activate/vetsupply-pharmacy?source=rewardist","VetSupply Pharmacy","vetsupplypharmacy","https://c.cfjump.com/Avatars/64a3436b-e22a-48ca-9460-09eaf84dff62.png","3.5","cashback","false","undefined"
"kick","https://kickpay.co/activate/vetsupply-com-au?source=rewardist","VetSupply.com.au","vetsupply","https://c.cfjump.com/Avatars/15aab250-fe9b-4d48-910b-21b7f508b024.png","4","cashback","false","undefined"
"kick","https://kickpay.co/activate/viagogo?source=rewardist","Viagogo","viagogo","https://www.google.com/s2/favicons?domain=viagogo.com&sz=128","4.48","cashback","false","undefined"
"kick","https://kickpay.co/activate/viator-a-tripadvisor-company-au?source=rewardist","Viator - A Tripadvisor Company (AU)","viatoratripadvisorcompanyau","https://ui.awin.com/images/upload/merchant/profile/12572.png","3","cashback","false","undefined"
"kick","https://kickpay.co/activate/vicoffroad?source=rewardist","VicOffroad","vicoffroad","https://c.cfjump.com/Avatars/3d8afb6b-71cd-4bc1-a12b-20cc583beba6.png","5.5","cashback","false","undefined"
"kick","https://kickpay.co/activate/vida-hotels-assembly-global?source=rewardist","Vida Hotels (Assembly Global)","vidahotelsassemblyglobal","https://www.google.com/s2/favicons?domain=vidahotels.com&sz=128","3.5","cashback","false","undefined"
"kick","https://kickpay.co/activate/vine-apparel-anz?source=rewardist","Vine Apparel ANZ","vineapparelanz","https://www.google.com/s2/favicons?domain=vineapparel.com&sz=128","5","cashback","false","undefined"
"kick","https://kickpay.co/activate/virgin-voyages-creator?source=rewardist","Virgin Voyages - Creator","virginvoyagescreator","https://www.google.com/s2/favicons?domain=virginvoyages.com&sz=128","8.5","cashback","false","undefined"
"kick","https://kickpay.co/activate/virgin-wines-au?source=rewardist","Virgin Wines (AU)","virginwinesau","https://content.flexlinks.com/SharedImages/ProgramSquareLogo/208598.png","8.4","cashback","false","undefined"
"kick","https://kickpay.co/activate/vision-direct-au?source=rewardist","Vision Direct AU","visiondirect","https://content.flexlinks.com/SharedImages/ProgramSquareLogo/192633.png","3.36","cashback","false","undefined"
"kick","https://kickpay.co/activate/vista-social?source=rewardist","Vista Social","vistasocial","https://www.google.com/s2/favicons?domain=vistasocial.com&sz=128","14","cashback","false","undefined"
"kick","https://kickpay.co/activate/vistaprint-apac?source=rewardist","VistaPrint APAC","vistaprintapac","https://www.google.com/s2/favicons?domain=vistaprint.com.au&sz=128","3.5","cashback","false","undefined"
"kick","https://kickpay.co/activate/vivere-london?source=rewardist","Vivere London","viverelondon","https://ui.awin.com/images/upload/merchant/profile/117147.png","5.5","cashback","false","undefined"
"kick","https://kickpay.co/activate/vivobarefoot-australia?source=rewardist","Vivobarefoot Australia","vivobarefoot","https://c.cfjump.com/Avatars/f87ef150-e855-40af-9567-135af322eb66.png","7","cashback","false","undefined"
"kick","https://kickpay.co/activate/vixin?source=rewardist","Vixin","vixin","https://c.cfjump.com/Avatars/1501cf93-c05c-479f-8fbc-d7946bfb6222.png","5.5","cashback","false","undefined"
"kick","https://kickpay.co/activate/voghion-global?source=rewardist","Voghion Global","voghionglobal","https://ui.awin.com/images/upload/merchant/profile/44635.png","7","cashback","false","undefined"
"kick","https://kickpay.co/activate/volcom-australia?source=rewardist","Volcom Australia","volcom","https://c.cfjump.com/Avatars/6cd03e82-b413-4879-b300-54abdf5e58fa.png","1.5","cashback","false","undefined"
"kick","https://kickpay.co/activate/voltx-energy?source=rewardist","VoltX Energy","voltxenergy","https://c.cfjump.com/Avatars/14616f39-4830-470e-a91a-116d68f438be.png","1.5","cashback","false","undefined"
"kick","https://kickpay.co/activate/vrbo?source=rewardist","Vrbo","vrbo","https://www.google.com/s2/favicons?domain=vrbo.com&sz=128","1.4","cashback","false","undefined"
"kick","https://kickpay.co/activate/was-insurance?source=rewardist","WAS Insurance","wasinsurance","https://www.google.com/s2/favicons?domain=wiseandsilent.com&sz=128","5.6","cashback","false","undefined"
"kick","https://kickpay.co/activate/wau?source=rewardist","WAU","wau","https://ui.awin.com/images/upload/merchant/profile/124878.png","7","cashback","false","undefined"
"kick","https://kickpay.co/activate/wedtrend?source=rewardist","WEDTREND","wedtrend","https://www.google.com/s2/favicons?domain=wedtrend.com&sz=128","7","cashback","false","undefined"
"kick","https://kickpay.co/activate/wild-palace?source=rewardist","WILD PALACE","wildpalace","https://www.google.com/s2/favicons?domain=wildpalace.com&sz=128","0.07","cashback","false","undefined"
"kick","https://kickpay.co/activate/wahl-apac?source=rewardist","Wahl APAC","wahlapac","/logos/rakuten/wahl-au.png","5","cashback","false","undefined"
"kick","https://kickpay.co/activate/walls-panels-world?source=rewardist","Walls Panels World","wallspanelsworld","/public-objects/merchant-logos/105002-1785851452013.png","5","cashback","false","undefined"
"kick","https://kickpay.co/activate/war-locker-us-and-ca?source=rewardist","War Locker (US & CA)","warlockerusandca","https://ui.awin.com/images/upload/merchant/profile/44733.png","7","cashback","false","undefined"
"kick","https://kickpay.co/activate/waterdrop-filter?source=rewardist","Waterdrop Filter","waterdropfilter","/logos/rakuten/waterdrop-filter.png","8","cashback","false","undefined"
"kick","https://kickpay.co/activate/wavytalk?source=rewardist","Wavytalk","wavytalk","https://ui.awin.com/images/upload/merchant/profile/105835.png","10.5","cashback","false","undefined"
"kick","https://kickpay.co/activate/wearnala?source=rewardist","Wearnala","wearnala","https://c.cfjump.com/Avatars/abea0aca-654b-483d-a248-8c70232ac806.png","5","cashback","false","undefined"
"kick","https://kickpay.co/activate/wegic?source=rewardist","Wegic","wegic","https://www.google.com/s2/favicons?domain=wegic.ai&sz=128","31.5","cashback","false","undefined"
"kick","https://kickpay.co/activate/wendy-wu-tours?source=rewardist","Wendy Wu Tours","wendywutours","https://c.cfjump.com/Avatars/ec1c2c1e-4737-4e2c-a700-559f09e6cb6f.png","7","cashback","false","undefined"
"kick","https://kickpay.co/activate/westgate-resorts?source=rewardist","Westgate Resorts","westgateresorts","https://www.google.com/s2/favicons?domain=westgateresorts.com&sz=128","11.2","cashback","false","undefined"
"kick","https://kickpay.co/activate/wheel-and-barrow?source=rewardist","Wheel&Barrow","wheelandbarrow","https://c.cfjump.com/Avatars/076b5c05-2b09-4242-8b0c-02c4bd17bed0.png","3.5","cashback","false","undefined"
"kick","https://kickpay.co/activate/white-and-co?source=rewardist","White & Co","whiteandco","https://c.cfjump.com/Avatars/18de8342-17d6-4a1e-acd1-f508c5f16f08.png","5.5","cashback","false","undefined"
"kick","https://kickpay.co/activate/white-glo?source=rewardist","White Glo","whiteglo","https://c.cfjump.com/Avatars/67e13b60-b4e5-4b0a-99ab-26a6426eb90a.png","14","cashback","false","undefined"
"kick","https://kickpay.co/activate/who-gives-a-crap-au?source=rewardist","Who Gives A Crap (AU)","whogivesacrap","https://ui.awin.com/images/upload/merchant/profile/66840.png","1.5","cashback","false","undefined"
"kick","https://kickpay.co/activate/witopia-securemyemail-personalvpn?source=rewardist","WiTopia | SecureMyEmail | personalVPN","witopiasecuremyemailpersonalvpn","https://www.google.com/s2/favicons?domain=witopia.com&sz=128","0.17","cashback","false","undefined"
"kick","https://kickpay.co/activate/wild-affiliate-and-partnerships-global-programme?source=rewardist","Wild Affiliate & Partnerships Global Programme","wildaffiliateandpartnershipsglobalprogramme","https://ui.awin.com/images/upload/merchant/profile/125828.png","7","cashback","false","undefined"
"kick","https://kickpay.co/activate/wild-secrets-au?source=rewardist","Wild Secrets AU","wildsecrets","https://c.cfjump.com/Avatars/22927241-bdaa-4cbe-89d8-a2d258b0daec.png","7","cashback","false","undefined"
"kick","https://kickpay.co/activate/wild-secrets-lingerie-au?source=rewardist","Wild Secrets Lingerie AU","wildsecretslingerie","https://c.cfjump.com/Avatars/4d3e6582-68b9-44a2-a539-44c7dc716a9a.png","7","cashback","false","undefined"
"kick","https://kickpay.co/activate/wilderness-wear?source=rewardist","Wilderness Wear","wildernesswear","https://c.cfjump.com/Avatars/978159f1-3067-4927-bbb2-8fb9c6120245.png","5.5","cashback","false","undefined"
"kick","https://kickpay.co/activate/will-and-bear?source=rewardist","Will & Bear","willandbear","https://ui.awin.com/images/upload/merchant/profile/119813.png","3.5","cashback","false","undefined"
"kick","https://kickpay.co/activate/williams-shoes?source=rewardist","Williams Shoes","williams","https://c.cfjump.com/Avatars/0f4b14ec-b29d-4199-a2cb-00414b145636.png","3.5","cashback","false","undefined"
"kick","https://kickpay.co/activate/winzip?source=rewardist","WinZip","winzip","https://www.google.com/s2/favicons?domain=winzip.com&sz=128","7","cashback","false","undefined"
"kick","https://kickpay.co/activate/windsor-smith?source=rewardist","Windsor Smith","windsorsmith","https://c.cfjump.com/Avatars/21a088f7-9b43-449c-9557-c36f2d65a723.png","3.5","cashback","false","undefined"
"kick","https://kickpay.co/activate/wishgarden-herbs?source=rewardist","WishGarden Herbs","wishgardenherbs","https://ui.awin.com/images/upload/merchant/profile/59505.png","14","cashback","false","undefined"
"kick","https://kickpay.co/activate/with-jean-au?source=rewardist","With Jean AU","withjean","/logos/rakuten/with-jean.jpg","6","cashback","false","undefined"
"kick","https://kickpay.co/activate/wittner?source=rewardist","Wittner","wittner","https://c.cfjump.com/Avatars/e1016105-98f2-4e7b-9ade-6bf34b8b6e70.png","4","cashback","false","undefined"
"kick","https://kickpay.co/activate/wondershare-global-limited?source=rewardist","Wondershare Global Limited","wondersharegloballimited","https://ui.awin.com/images/upload/merchant/profile/88453.png","21","cashback","false","undefined"
"kick","https://kickpay.co/activate/world-businesses-for-sale?source=rewardist","World Businesses for Sale","worldbusinessesforsale","https://ui.awin.com/images/upload/merchant/profile/116725.png","14","cashback","false","undefined"
"kick","https://kickpay.co/activate/world-of-hyatt-points-com?source=rewardist","World of Hyatt - Points.com","worldofhyattpoints","https://www.google.com/s2/favicons?domain=points.com&sz=128","2","cashback","false","undefined"
"kick","https://kickpay.co/activate/wrinkles-schminkles-au?source=rewardist","Wrinkles Schminkles AU","wrinklesschminkles","/logos/rakuten/wrinkles-schminkles-au.png","3","cashback","false","undefined"
"kick","https://kickpay.co/activate/xhunter-australia?source=rewardist","XHunter Australia","xhunter","https://c.cfjump.com/Avatars/c65eba2f-2333-4194-bc51-b97889af3460.png","4.5","cashback","false","undefined"
"kick","https://kickpay.co/activate/xp-pen-au?source=rewardist","XP-PEN AU","xppen","https://c.cfjump.com/Avatars/9e52ccdf-0169-4357-b156-f9af02f06ad1.png","3.5","cashback","false","undefined"
"kick","https://kickpay.co/activate/xali-organics?source=rewardist","Xali Organics","xaliorganics","https://c.cfjump.com/Avatars/3ae77870-1009-4877-bf3f-5c124f00dc9b.png","3.5","cashback","false","undefined"
"kick","https://kickpay.co/activate/yardgames?source=rewardist","Yardgames","yardgames","https://c.cfjump.com/Avatars/868448be-7c71-410e-8d7a-c1f68eb34528.png","7","cashback","false","undefined"
"kick","https://kickpay.co/activate/yeltuor?source=rewardist","Yeltuor","yeltuor","https://c.cfjump.com/Avatars/00362c20-fe9d-4505-9922-64190747caaf.png","7","cashback","false","undefined"
"kick","https://kickpay.co/activate/yes-chef-meals?source=rewardist","Yes Chef Meals","yeschefmeals","https://c.cfjump.com/Avatars/4dedfaff-e8f1-49ae-a2df-36af86b11fec.png","3","cashback","false","undefined"
"kick","https://kickpay.co/activate/yesstyle?source=rewardist","YesStyle","yesstyle","https://c.cfjump.com/Avatars/7c0470b1-8193-4aa1-b23c-29b525199fc5.png","7","cashback","false","undefined"
"kick","https://kickpay.co/activate/yomojo?source=rewardist","Yomojo","yomojo","https://c.cfjump.com/Avatars/bccf2d57-3f18-4b28-827b-2cdb508f97c3.png","28","cashback","false","undefined"
"kick","https://kickpay.co/activate/you-and-all-fashion-au?source=rewardist","You & All Fashion AU","youandallfashion","https://merchant.linksynergy.com/fs/logo/lg_52941","7","cashback","false","undefined"
"kick","https://kickpay.co/activate/youdrugstore-com?source=rewardist","YouDrugstore.com","youdrugstore","https://www.google.com/s2/favicons?domain=youdrugstore.com&sz=128","10.5","cashback","false","undefined"
"kick","https://kickpay.co/activate/zapaka?source=rewardist","ZAPAKA","zapaka","https://www.google.com/s2/favicons?domain=zapaka.com&sz=128","7","cashback","false","undefined"
"kick","https://kickpay.co/activate/zamel-s?source=rewardist","Zamel's","zamels","https://c.cfjump.com/Avatars/56a14c9b-1d7d-49fc-a28c-97e9ea134b19.png","0.5","cashback","false","undefined"
"kick","https://kickpay.co/activate/zenhotels?source=rewardist","ZenHotels","zenhotels","https://www.google.com/s2/favicons?domain=zenhotels.com&sz=128","4.5","cashback","false","undefined"
"kick","https://kickpay.co/activate/zerean-limited?source=rewardist","Zerean Limited","zereanlimited","https://www.google.com/s2/favicons?domain=zereanlabs.com&sz=128","10.5","cashback","false","undefined"
"kick","https://kickpay.co/activate/zero-breeze?source=rewardist","Zero Breeze","zerobreeze","https://www.google.com/s2/favicons?domain=zerobreeze.com&sz=128","4.2","cashback","false","undefined"
"kick","https://kickpay.co/activate/zlike-hair?source=rewardist","Zlike Hair","zlikehair","https://ui.awin.com/images/upload/merchant/profile/102013.png","6","cashback","false","undefined"
"kick","https://kickpay.co/activate/zobha?source=rewardist","Zobha","zobha","https://content.flexlinks.com/SharedImages/ProgramSquareLogo/161511.png","4.48","cashback","false","undefined"
"kick","https://kickpay.co/activate/zolucky?source=rewardist","Zolucky","zolucky","https://www.google.com/s2/favicons?domain=zolucky.com&sz=128","7","cashback","false","undefined"
"kick","https://kickpay.co/activate/zoom-travel-insurance?source=rewardist","Zoom Travel Insurance","zoomtravelinsurance","https://c.cfjump.com/Avatars/40185074-5636-4fd2-9493-1d909770078a.png","5.5","cashback","false","undefined"
"kick","https://kickpay.co/activate/zoombo-nano-ai-studio?source=rewardist","Zoombo: Nano AI Studio","zoombonanoaistudio","https://www.google.com/s2/favicons?domain=zoombo.ai&sz=128","10.5","cashback","false","undefined"
"kick","https://kickpay.co/activate/zulily?source=rewardist","Zulily","zulily","/logos/rakuten/zulily.jpg","10","cashback","false","undefined"
"kick","https://kickpay.co/activate/apohealth-de?source=rewardist","apohealth.de","apohealthde","https://www.google.com/s2/favicons?domain=apohealth.de&sz=128","0.03","cashback","false","undefined"
"kick","https://kickpay.co/activate/ashford?source=rewardist","ashford","ashford","https://cj.dotomi.com/of122ax03H/ry2/x0v/GGJFLOMF/GFGLIHOLH/F/F/F/F/F?k=g%3c%3c0CC8B%3A%2F%2FFFF.tF4C7E0v.v75%2F15tzx-KJKPMLSPL-KKNJPSQJ-KPOSNQSRQPJJJ%3c%3cZ%3c%3c%3cK%3cK%3cJ%3cJ%3cySJLNuPL-MKxy-NvNt-SKLJ-NPxxOvKRSPSK%3c","2.8","cashback","false","undefined"
"kick","https://kickpay.co/activate/aussiebum?source=rewardist","aussieBum","aussiebum","https://c.cfjump.com/Avatars/56f9f8bc-d523-486a-8293-993be333bef4.png","3.5","cashback","false","undefined"
"kick","https://kickpay.co/activate/brickzonehub?source=rewardist","brickzonehub","brickzonehub","https://ui.awin.com/images/upload/merchant/profile/121692.png","2.5","cashback","false","undefined"
"kick","https://kickpay.co/activate/canadianinsulin-com-cps?source=rewardist","canadianinsulin.com CPS","canadianinsulincps","https://www.google.com/s2/favicons?domain=canadianinsulin.com&sz=128","7","cashback","false","undefined"
"kick","https://kickpay.co/activate/colette-by-colette-hayman?source=rewardist","colette by colette hayman","colettebycolettehayman","https://c.cfjump.com/Avatars/790ae197-b116-427c-8301-034d9658e9b9.png","7","cashback","false","undefined"
"kick","https://kickpay.co/activate/dewenwils-com?source=rewardist","dewenwils.com","dewenwils","https://www.google.com/s2/favicons?domain=dewenwils.com&sz=128","10.5","cashback","false","undefined"
"kick","https://kickpay.co/activate/dressndesign?source=rewardist","dressndesign","dressndesign","https://ui.awin.com/images/upload/merchant/profile/128601.png","14","cashback","false","undefined"
"kick","https://kickpay.co/activate/ebay?source=rewardist","eBay","ebay","/merchant-logos/ebay-official-au.png","2.8","cashback","false","undefined"
"kick","https://kickpay.co/activate/edreams-ca?source=rewardist","eDreams (CA)","edreamsca","https://ui.awin.com/images/upload/merchant/profile/6588.png","4","cashback","false","undefined"
"kick","https://kickpay.co/activate/edreams-au?source=rewardist","eDreams AU","edreams","https://ui.awin.com/images/upload/merchant/profile/10778.png","4","cashback","false","undefined"
"kick","https://kickpay.co/activate/efootwear-com?source=rewardist","eFootwear.com","efootwear","https://ui.awin.com/images/upload/merchant/profile/90809.png","7","cashback","false","undefined"
"kick","https://kickpay.co/activate/eharmony-au?source=rewardist","eHarmony AU","eharmony","https://ui.awin.com/images/upload/merchant/profile/18235.png","24.5","cashback","false","undefined"
"kick","https://kickpay.co/activate/esimx?source=rewardist","eSIMX","esimx","https://www.google.com/s2/favicons?domain=esimx.com&sz=128","10.5","cashback","false","undefined"
"kick","https://kickpay.co/activate/esun-official-store?source=rewardist","eSUN official store","esunofficialstore","https://ui.awin.com/images/upload/merchant/profile/99267.png","3.5","cashback","false","undefined"
"kick","https://kickpay.co/activate/evoice-apac?source=rewardist","eVoice APAC","evoiceapac","https://content.flexlinks.com/SharedImages/ProgramSquareLogo/202006.png","11","cashback","true","undefined"
"kick","https://kickpay.co/activate/eyeson?source=rewardist","eyeson","eyeson","https://www.google.com/s2/favicons?domain=eyeson.team&sz=128","17.5","cashback","false","undefined"
"kick","https://kickpay.co/activate/freezeframe?source=rewardist","freezeframe","freezeframe","https://c.cfjump.com/Avatars/b529d88a-f4c6-4788-9c75-67545a4e6ee9.png","7","cashback","false","undefined"
"kick","https://kickpay.co/activate/gogamegeek?source=rewardist","gogamegeek","gogamegeek","https://www.google.com/s2/favicons?domain=gogamegeek.com&sz=128","3.5","cashback","false","undefined"
"kick","https://kickpay.co/activate/i-supplements?source=rewardist","i-Supplements","isupplements","https://ui.awin.com/images/upload/merchant/profile/87875.png","14","cashback","false","undefined"
"kick","https://kickpay.co/activate/igarden-au?source=rewardist","iGarden AU","igarden","https://www.google.com/s2/favicons?domain=au.store.igarden.ai&sz=128","7","cashback","false","undefined"
"kick","https://kickpay.co/activate/ikou?source=rewardist","iKOU","ikou","https://c.cfjump.com/Avatars/06c47460-fa51-4620-b32e-67d1940d00a2.png","7","cashback","false","undefined"
"kick","https://kickpay.co/activate/isubscribe?source=rewardist","isubscribe","isubscribe","https://c.cfjump.com/Avatars/4587db16-5136-4cc6-a2b6-83cd99a63b3b.png","5.5","cashback","false","undefined"
"kick","https://kickpay.co/activate/jalbum-affiliate-program?source=rewardist","jAlbum Affiliate Program","jalbumnet","https://www.google.com/s2/favicons?domain=jalbum.net&sz=128","14","cashback","false","undefined"
"kick","https://kickpay.co/activate/lightsaber-com?source=rewardist","lightsaber.com","lightsaber","https://www.google.com/s2/favicons?domain=lightsaber.com&sz=128","3.5","cashback","false","undefined"
"kick","https://kickpay.co/activate/lunzo-pl?source=rewardist","lunzo PL","lunzopl","https://ui.awin.com/images/upload/merchant/profile/40454.png","1","cashback","false","undefined"
"kick","https://kickpay.co/activate/mybrainco?source=rewardist","myBrainCo","mybrainco","https://c.cfjump.com/Avatars/ae80d8db-13b3-458f-b66b-56e5aaebe9ba.png","9","cashback","false","undefined"
"kick","https://kickpay.co/activate/purpleleafshop-au?source=rewardist","purpleleafshop.au","purpleleafshopau","https://www.google.com/s2/favicons?domain=purpleleafshop.com&sz=128","5","cashback","false","undefined"
"kick","https://kickpay.co/activate/salt-and-pepper?source=rewardist","salt&pepper","saltandpepper","https://c.cfjump.com/Avatars/467b3b0d-7381-4376-aca0-0dccdaed7abd.png","3.5","cashback","false","undefined"
"kick","https://kickpay.co/activate/size-glasses?source=rewardist","size glasses","sizeglasses","https://www.google.com/s2/favicons?domain=sizeglasses.com&sz=128","8.5","cashback","false","undefined"
"kick","https://kickpay.co/activate/solovedress?source=rewardist","solovedress","solovedress","https://ui.awin.com/images/upload/merchant/profile/35537.png","7","cashback","false","undefined"
"kick","https://kickpay.co/activate/sunglasses2u?source=rewardist","sunglasses2u","sunglasses2u","https://www.google.com/s2/favicons?domain=sunglasses2u.com&sz=128","1.5","cashback","false","undefined"
"kick","https://kickpay.co/activate/the-breakout-hack?source=rewardist","the breakout hack","thebreakouthack","https://c.cfjump.com/Avatars/d1c18a09-1920-46b4-8bbf-b7ac99ebc928.png","7","cashback","false","undefined"
"kick","https://kickpay.co/activate/trinqoo?source=rewardist","trinqoo","trinqoo","https://www.google.com/s2/favicons?domain=trinqoo.com&sz=128","6.5","cashback","false","undefined"
"kick","https://kickpay.co/activate/vidaxl-au?source=rewardist","vidaXL AU","vidaxl","https://content.flexlinks.com/SharedImages/ProgramSquareLogo/233392.png","4.48","cashback","false","undefined"
"kick","https://kickpay.co/activate/vivien-hair?source=rewardist","vivien Hair","vivienhair","https://www.google.com/s2/favicons?domain=vivienhair.com&sz=128","10","cashback","false","undefined"
"kick","https://kickpay.co/activate/waterdrop-au?source=rewardist","waterdrop® AU","waterdrop","https://content.flexlinks.com/SharedImages/ProgramSquareLogo/248678.png","2.8","cashback","false","undefined"
"kick","https://kickpay.co/activate/www-diffusiononline-co-uk?source=rewardist","www.diffusiononline.co.uk","wwwdiffusiononlinecouk","https://www.google.com/s2/favicons?domain=diffusiononline.co.uk&sz=128","4.48","cashback","false","undefined"
"kick","https://kickpay.co/activate/www-trycrush-ai?source=rewardist","www.trycrush.ai","wwwtrycrushai","/public-objects/merchant-logos/84133-1786199666354.gif","35","cashback","false","undefined"
"kick","https://kickpay.co/activate/xtool?source=rewardist","xTool","xtool","https://www.google.com/s2/favicons?domain=xtool.com&sz=128","7","cashback","false","undefined"
"kick","https://kickpay.co/activate/yd-au?source=rewardist","yd. AU","yd","https://content.flexlinks.com/SharedImages/ProgramSquareLogo/172462.png","1.68","cashback","false","undefined"
"kick","https://kickpay.co/activate/youngelectricbikes?source=rewardist","youngelectricbikes","youngelectricbikes","https://ui.awin.com/images/upload/merchant/profile/120209.png","5.5","cashback","false","undefined"
"kick","https://kickpay.co/activate/yourtown-prize-homes?source=rewardist","yourtown Prize Homes","yourtownprizehomes","https://c.cfjump.com/Avatars/87616026-99f9-4a9a-a9a9-498145a995e3.png","7","cashback","false","undefined"
"kick","https://kickpay.co/activate/zchocolat-com?source=rewardist","zChocolat.com","zchocolat","https://www.google.com/s2/favicons?domain=zchocolat.com&sz=128","14","cashback","false","undefined"